date,S&P 500 Materials,S&P 500 Industrials,S&P 500 Consumer Discretionary,S&P 500 Consumer Staples,S&P 500 Health Care,S&P 500 Financials,S&P 500 Information Technology,S&P 500 Communication Services,S&P 500 Utilities,S&P 500 Real Estate
2015-01-05,-0.02711196578510382,-0.023475087042222238,-0.020073126665614165,-0.007723109123900692,-0.00611881967388096,-0.021157466658187445,-0.017815389878748304,-0.010159045296134442,-0.01317065009956067,0.0019403261367906006
2015-01-06,-0.007012898084170608,-0.011915493293528671,-0.009483033917763877,-0.00014172527376427009,-0.0026736951933652347,-0.015435740402333562,-0.012304272044234711,0.0034853471035895247,0.0012159303906683011,0.010682406921651287
2015-01-07,0.009965041800358534,0.00608147098223306,0.015190642739252944,0.017301321266407627,0.02244608706923601,0.010983907989433541,0.00861406739293952,-0.01354901958601532,0.00971631183133111,0.015021700424284063
2015-01-08,0.02344018180406975,0.019731531875734464,0.014752407245857968,0.015009674976589343,0.017049833601037498,0.014631732671342844,0.022460436092191567,0.015319946264271779,0.00703003867232009,0.005042106117203453
2015-01-09,-0.005019115119699709,-0.010951206315868128,-0.011474952829297193,-0.008069333644429395,-0.008119627757170175,-0.013463191875415984,-0.002809116103969846,-0.006640675033242905,-0.0065321955811131725,0.0014722369541114277
2015-01-12,-0.003096189635850914,-0.006620273200338959,-0.004741518184978163,-0.0034443010011425304,-0.0006765292335123883,-0.008519031965851936,-0.013532982886173339,0.005591608207243137,-0.0026581375395950562,0.005059971203265003
2015-01-13,-0.011680192477584032,-0.001948067229260686,-0.0011798931150348824,-0.00013882767374651285,-0.004872327279038388,-0.003384506843606964,-0.0006469197393222557,0.0011800478470370844,0.0031557961657367036,-0.002881082236028016
2015-01-14,-0.011953262286688691,-0.0057391056986802235,-0.011587035411382606,-0.0026410909068564745,-0.000977290478044431,-0.014284606523030137,-0.005323493274859938,-0.0042022347385751455,0.009407945280107452,0.0057538108845233025
2015-01-15,-0.001284304795103118,-0.005750706745030279,-0.012565540293102345,0.001490209589671811,-0.010763995243486561,-0.012860440075680185,-0.014731250791670389,-6.57641516031431e-05,0.007120631780872432,0.002513195631277488
2015-01-16,0.016370075919852196,0.00675210502143089,0.013035967388837031,0.007811962819480792,0.018997934729855278,0.011913412518610377,0.00909678299628819,0.01638146948516893,0.008809907029222292,0.007352428843292165
2015-01-20,0.0010641726697208796,0.007721749643612279,-0.00644218212034283,0.0035790319089044342,-0.0007490779099690967,-0.0038602795900321944,0.008159698105304824,0.004392255710705231,0.0022610346223803906,-0.006499388310195331
2015-01-21,0.00979002872924066,0.007201120480156261,0.0061707749020715194,0.002979322700033209,0.0010927733494546115,0.0019320507948690977,0.0014590330118660665,0.0018029546016919027,0.009832119245077727,-0.003215272322154697
2015-01-22,0.012949469741723788,0.01614947938110215,0.018819783244497734,0.010706740139995789,0.01262093444754782,0.024195454151195842,0.019354300265837412,-0.0055480472515285675,-0.00440249690834563,0.020223829687714683
2015-01-23,-0.016114105592185513,-0.007813245592856313,-0.0015993613774269591,-0.010687209559002452,-0.004737072470404556,-0.010150761452154076,0.0016598106330891575,-0.011974608099691909,0.0033636212879283723,0.0
2015-01-26,0.0046775677194931245,0.0016423443843034484,0.005728004437582208,-0.000176147381278596,0.004446221047420635,0.004731197524737017,-0.0043791367453528875,-0.004330455204136897,-0.0004398353223522803,0.007614327512544973
2015-01-27,-0.007488018166039468,-0.013025368676512536,-0.007900008423204753,-0.01232932049005326,-0.007555680431624887,-0.010990802761849253,-0.03328188683848513,-0.011440760190330291,0.0016783757295927744,-0.0017142552781628103
2015-01-28,-0.018142502625080232,-0.00949375485283731,-0.013511710744215826,-0.011540500742639313,-0.014702091749822652,-0.019849753348244164,-0.0006590908487964632,-0.005937106606946242,-0.009467338643246156,-0.008170963122521632
2015-01-29,0.013363195486798755,0.011742969759737133,0.013101730505221882,0.007708446260510358,0.008503145531002333,0.009149354161874053,0.010716015417553692,0.0032730414202093187,0.013213356579256305,0.0007410582952658833
2015-01-30,-0.004534803967496463,-0.016363812926079475,-0.010846083577760625,-0.018957918973205222,-0.015455391815819002,-0.016348916643133826,-0.014393915888477582,-0.005483443326504613,-0.022649115258406946,-0.01844241573732799
2015-02-02,0.009380394360217018,0.014850887218601403,0.008864865550217852,0.013032061853966381,0.0061711209327570335,0.016063281986705383,0.010353549943741743,0.02404958488119761,0.004344181997267263,0.001106145325608525
2015-02-03,0.02148647248122021,0.015627742604640615,0.021282357064183428,0.008468969829508689,0.006503095087640092,0.016746298626545225,0.010262108609630682,0.021564714110922235,0.004204439175296117,0.007609188977716691
2015-02-04,-0.006208486309606725,-0.008127683232781223,0.0066588015698304135,0.0009321815213042348,-0.013573244353854165,-0.003001194686919243,0.0012219883550857798,0.0008325374873545808,-0.012952664568056682,-0.004448336058334894
2015-02-05,0.02412857336208576,0.009699868161547007,0.005993160205483103,0.004233467546177261,0.016280686805393116,0.009938153412217128,0.009096263999656715,0.00236562317458895,0.008586191172398568,0.01185149628996035
2015-02-06,-0.003092181954236521,-0.0022763152181008873,-0.001382507437702846,-0.004689492989842768,-0.008478961693232482,0.007258626111866813,-0.006333742855975758,0.01835035760598099,-0.04220732705548443,-0.028112844167496216
2015-02-09,-0.0007665216037967108,-0.00273843568337929,-0.003534085393608987,-0.006945964854516774,-0.01149348299579581,-0.004132480933699649,-0.0014978026711128009,-0.0026368558224556036,-0.009043324202188006,-0.0038770123060103984
2015-02-10,0.007353785813355369,0.005841201684991259,0.012229397114117104,0.011280078216790198,0.015476605558346514,0.00717472263683147,0.015746961059119553,0.008076888626173733,0.02059928820002897,0.004691321769483164
2015-02-11,-0.002763250702373951,-0.0007024427686246222,0.0002571663422142743,0.005710463356262035,0.001122751466473413,-0.0005217776730199414,0.004229668364961544,-0.0019975495425884142,-0.024188253073263964,-0.004129248156102556
2015-02-12,0.017373128198157086,0.008601922930730302,0.011384080711606652,0.0045449717192893565,0.0033484836703638102,0.010444159425920817,0.016260295392214574,-0.0013129802010252102,-0.005321696099968674,0.009507229285472719
2015-02-13,0.00843516441140826,0.004681377242945655,0.005677488367658828,-0.005035971691453599,0.005050832277053977,-0.001003076283390215,0.007089651503937049,-0.0014400385785393786,-0.015830980797711496,-0.006599694122110486
2015-02-17,0.0010532725096298109,0.0016506143612496284,-0.0017369509845580977,-0.0001178710781951882,0.006350650469732053,0.003945552142289591,-4.2260558510542284e-05,-0.000814898843655008,-0.0009622588154672788,-0.0022436521575490047
2015-02-18,0.0022268317636870605,0.0050368335527552896,-0.001148403568660307,0.004586886991271924,0.0016511293221182393,-0.006533760949426725,0.0015609087027739943,-0.008122245626426192,0.02335541618123269,0.008235914079163532
2015-02-19,0.002684136180538483,-0.00010127494530200266,0.003020170131419183,-0.006218964051432356,0.0009093941300304753,-0.004430611474259054,0.003982709930148969,-0.0053880568975676595,-0.011004227125214342,-0.021804500691153954
2015-02-20,0.00378261687210514,0.009236764337014036,0.007535915451681416,0.0028298060725950535,0.01023714546147822,0.008052212499942953,0.006264350980222089,0.000698926920204728,0.0004321598180263592,0.010193641342935378
2015-02-23,-0.0015974553613643187,-0.004043192421260968,-0.0006021030298687465,0.0027435277842867267,0.0034608806639103793,-0.003560565869414935,0.0015704003268770365,-0.005796771709236202,0.006674246098336348,0.006840310419344334
2015-02-24,0.004080626337680517,0.003059007427834784,0.0039073067884864724,0.00308729991128267,-0.0005859480373070928,0.00504806936115953,0.0015956939813267582,0.006050761843748629,0.006118354497141287,-0.0214940805734001
2015-02-25,-0.0026980788777723457,-0.0004421779701258538,0.007868520935634775,-0.0026568533684516627,0.0001315543469183658,0.0005154824381836069,-0.006718973828420947,0.001839864404319603,-0.016471727346173717,0.0025437005317910837
2015-02-26,-0.007271911992037421,-0.004816243811496682,-0.0038434943867115064,0.0008994642606656531,0.0025204980043999105,-0.0029755935529618706,0.006663461167288656,0.0049317168826018415,-0.007486438537847816,-0.008486786481556746
2015-02-27,-0.0023220904098378106,-0.004352529511653737,-0.0012623070770831763,0.004193111591743225,-0.004603745618049135,-0.00408299537401112,-0.005324472576028192,0.0025196479250519255,-0.0009616279343930526,0.007397398682443972
2015-03-02,0.006827087350240419,0.008384467812935364,0.011911426919599724,0.0018277677720346616,0.008437870334826155,0.008119165376440033,0.00968247481575483,0.0008175636924369961,-0.019741411177298458,0.00450530337388959
2015-03-03,-0.006207298007703672,-0.006823494409196206,-0.0024334992530022715,-0.004400080584120238,-0.008569699045773966,-0.0025472201267211286,-0.007983313162203005,-0.0014468327111023355,0.007111168204581103,-0.0034678132578733465
2015-03-04,-0.0036620755695824813,-0.007951971713210007,-0.006159524157733769,-0.00781581082954207,0.003935879886483672,-0.007650290306793036,-0.003261546229351012,-0.011969360547228091,-0.006308600352703244,-0.009533566444645996
2015-03-05,-0.003987664580038538,0.0012651414173209601,0.0012581278048842963,0.0033571074624836926,0.003920522037688283,0.004182878071059089,-0.0012293148336217443,-0.0010199112123867836,0.007636341400513582,0.005064630335625889
2015-03-06,-0.013418863516618884,-0.01350925231542726,-0.012468722029900216,-0.01941423792141883,-0.019309209446964473,-0.007584770311219043,-0.011570547359061342,-0.014777031041248254,-0.03122100726472612,-0.030672320247062377
2015-03-09,0.001075183836285366,0.008602985128671392,0.005312852853562942,0.004506148166275383,0.005320798996103815,0.004472198304351319,0.004908857897501193,-0.0027221364041926746,0.001094566154970947,0.007330325693229575
2015-03-10,-0.015960103775397607,-0.01855333364430008,-0.01668436553577825,-0.015012599848736647,-0.011474886126988638,-0.021407852988971268,-0.02210959241457525,-0.015698969714204133,-0.0016422640060497007,-0.004702396640359404
2015-03-11,-0.0006745521520322143,-0.0007936444616784861,-0.004772302040012078,-0.007805345573341588,-0.00041490978243981073,0.006256473031056055,-0.0069582174807652775,0.0001318760180242426,-0.006596159949770258,-0.0005893574192396282
2015-03-12,0.012517671637646461,0.012581911302632549,0.0199558762389969,0.013042237427983118,0.012685442785310428,0.021609879535443705,0.0052736613667295484,0.017836005570046186,0.018757710673210727,0.016741066133083855
2015-03-13,-0.009918233290582374,-0.009202905643166462,-0.00725195931638584,-0.007501247535346846,-0.001579919114059014,-0.00688652187107531,-0.005259160869512599,-0.005323945073035222,-0.010154697409503756,-0.0037490167513852014
2015-03-16,-0.0011224081091754875,0.016234356789040682,0.010866583324153018,0.011931116329628616,0.021646932220812896,0.011703169399812079,0.012052061554268887,0.008362781285442279,0.016852662357588442,0.012302975242584785
2015-03-17,-0.011585808114962515,-0.004064818439603242,-0.005201217329135268,-0.007125443511400344,-0.0027677576383625326,-0.0020874066561950744,0.0005580606811795562,-0.004140253123804354,-0.0017488374424369459,-0.004031678164193406
2015-03-18,0.015620556075115732,0.011535315499131853,0.008753171607314968,0.006165002279491562,0.012804248148754777,0.0053158172388385,0.012594317644857559,0.015566007155199063,0.026791086164520986,0.02051219187405798
2015-03-19,-0.01760264003548258,-0.006856082717683412,-0.0017577862356305488,-0.004595050914577056,0.00531810414975609,-0.00980782850503361,-0.0017107020097895337,-0.008396124374362988,-0.00992409002738726,-0.002624926340215065
2015-03-20,0.006806956823086251,0.005146479341902817,0.010648517214341392,0.011994866106096793,0.007809088954264754,0.012695457113715577,0.005278172104783631,0.004174893867313637,0.0092684793035371,0.02277516024351441
2015-03-23,-0.0007433017266911641,-0.007544895678324565,-0.0011995721250096475,0.0026394660664802254,-0.002831513412464314,-0.004394924197806081,0.0008863633391990129,0.0014090901826970667,0.0011797900043621643,-0.0004030928337846337
2015-03-24,-0.002848829557825068,-0.003721790165958613,-0.005060208925710052,-0.006661671339117454,-0.008683260364305716,-0.00866571877640244,-0.002929397258860782,-0.005262203727159398,-0.011817311972658845,-0.006522223045054419
2015-03-25,-0.011280838065872942,-0.016995034692321647,-0.01625972391634711,-0.0020972061497025758,-0.018535064064782957,-0.015023565839326274,-0.027018660629763786,-0.014452121038046575,-0.01231641824124567,-0.018171631442235294
2015-03-26,0.001867193518047286,-0.002979841698354077,-0.006369068365544127,-0.0038662922351073176,-0.0027272211233641814,-0.0015457865354890886,0.0006373798978182514,-0.0005876544318770715,-0.008040508426946981,-0.004919342746923537
2015-03-27,-0.0007202528479682642,0.00404793627384982,0.0051421592390827895,0.005604249527121565,0.007378482405054446,-0.0012383330373721766,0.0016495180503841322,-0.00039206126785903505,0.005217967283597982,0.0021778498225240536
2015-03-30,0.012788748417732143,0.013596335361390334,0.009922781623487406,0.009376685408036097,0.009824473620518621,0.013507734748844936,0.01151380730088115,0.008588259361515657,0.01297129175112679,0.011433411059037467
2015-03-31,-0.008964233120834888,-0.009606391264951034,-0.004555961781197811,-0.008758143828691639,-0.014582810940635777,-0.006900280129911267,-0.009448551870058422,-0.009307288156088155,-0.0005316309911350251,-0.010501451720818207
2015-04-01,0.0012063944740718718,-0.008121967265389662,-0.004509538019345144,0.0005185055156560669,-0.01250751023760841,-0.0018173969909251262,-0.004424590533302705,0.008270188870913863,0.0011071501235407942,0.00015522899070740366
2015-04-02,0.0011398809085307673,0.0015121631428246802,0.008948928759432043,0.006399070405343608,0.0022977544838755997,0.005779311976969269,-0.0006378326259121323,0.008716801624467477,0.0026080757436198025,0.007114845596549769
2015-04-06,0.008071978945084697,0.007422516620709379,0.004701439987430102,0.008108743639086303,0.0013329236710063622,0.0009192019738120911,0.009826560971105718,0.004041898375728944,0.012677551580506105,0.011188154693175937
2015-04-07,-0.0011953257527073829,-0.0013757467834256815,-0.005234465710890599,-0.0039771262218275035,0.0025528468530168955,-0.004388937319941783,-0.001451320128786593,-0.005779210339066625,-0.01086924408111004,-0.014584557733526848
2015-04-08,0.00213124481730002,0.002083811563756825,0.009171356641701168,0.000532546147073427,0.00847455917307061,0.003408462581700017,0.0024272415095479612,-0.007433497160991929,-0.0028684025259996123,0.0007214232298135495
2015-04-09,0.0033169622197461363,0.006349617684090869,0.0009076638995658026,0.003542798531148396,0.007720528714585723,0.0013172384737272639,0.003994306057171004,-0.0004543127607533842,-0.0047842823660845645,-0.017459526546265924
2015-04-10,0.002472471376347644,0.017794996975014833,0.003194636568335727,0.0011977525537230525,0.008420748096624206,0.0,0.003864449153544381,0.00330499447099751,0.007828972821423133,-0.0022040214500943884
2015-04-13,-0.004016908561123966,-0.010786839192890052,-0.005291607493019585,-0.004977236685986581,-0.0062207659075023515,0.0027819943471029595,-0.0034359257770528394,-0.0014891782467928221,-0.010452287907548591,-0.003104428031801185
2015-04-14,0.004209307097179043,0.0011905953966087973,-0.0007440862869768878,0.0022261071308013,0.0017963598866533668,0.00033580839805806545,-0.003376137345532711,-0.0009723132848977624,0.005594023284253035,0.004049569214707091
2015-04-15,0.010271882023794093,0.0014145919022135187,3.3113669234923195e-05,-0.0025022208491500405,0.002706176603940201,0.004354629148640548,0.008745811388370935,0.005303971512707018,0.0019019752126034242,-0.004207669718706335
2015-04-16,-0.003115104282706981,-0.0028106230080261487,0.0021148817557515,0.0036232564917587874,-0.0006085516259568401,0.0010629599172102995,-0.0029162869264162646,-0.004396416752438901,-0.00607235599895054,0.005151998463610212
2015-04-17,-0.008408030417502783,-0.011467634783890245,-0.014798765818698935,-0.009082906024127355,-0.00805100129951968,-0.013476356444283872,-0.014508065156229034,-0.008524519052644628,-0.003429111200263101,-0.005415581677419347
2015-04-20,0.006974442401528875,0.010974467003788298,0.01059760175947632,0.003998777037607837,0.005401919595265908,0.004940964633271572,0.017708432095946743,0.010466538340096226,0.014746206602061128,0.0016330649657634855
2015-04-21,-0.007841710374729029,-0.002325377100243618,0.0007290361113843277,0.001046528802818355,0.006737824634943649,-0.005464155323227151,-0.0006534093136766222,-0.00207164780305879,-0.009673444544284702,-0.0008425236611488917
2015-04-22,0.0024712203986092416,0.004460724871668147,0.0014399246219524448,0.001084842132820365,0.0015842524021968613,0.006993675380773117,0.010868523136024552,0.006459553600676281,0.0025267299288340324,0.002104899472390147
2015-04-23,0.0023691069826318957,-0.0014162469099343734,0.004636700150905304,-0.005178481558098627,0.003833767297836864,0.0010692924161863002,0.0019940505666654748,0.02215942839423121,0.0061791658726341485,0.001943179322142498
2015-04-24,0.008216302447204879,-0.004157645284618749,0.013311531646007515,-0.0003171215191408652,-0.003193796366226986,-0.0025681692395457733,0.009938934196123848,-0.0032800699166286905,0.009807820816787056,0.0006817697450203595
2015-04-27,0.008809822257601404,-0.0005364233798426104,-0.008499617907083907,-0.004968016247062962,-0.017791985730432787,-0.003127364146452452,0.003604872770119429,0.0005684637521795213,-0.012451370403560029,-0.001049136911652185
2015-04-28,0.0006599458443280688,0.0027203201813626823,-0.0034464282139062452,0.0003585083029605161,0.003876348629044022,0.005939737374221689,0.0016871078447945511,0.015166037215300339,0.007121513953939651,-0.00041997917543054077
2015-04-29,0.00028279651234825576,-0.005075611747224619,-0.006647440605807387,-0.00785711869187016,-0.008005571706173026,0.0001526787176517958,-0.004847587715632316,-0.0014938724245288325,-0.0034225518279337066,-0.021494807393373346
2015-04-30,-0.007756445572111556,-0.008683949082486157,-0.01155197454211961,-0.0034784263665543474,-0.014588197574974529,-0.007444522570530615,-0.015869610414692308,-0.002806956668217662,-0.012962170026574692,-0.013285238759915956
2015-05-01,0.017352445681819977,0.011884984011604323,0.013899248870756702,0.008843145552315374,0.013338890362526827,0.007932770295683641,0.01457758589687253,-0.002814857857453121,0.005639089827622943,0.007258557048814926
2015-05-04,-0.003271655436525898,0.0014629224520689675,0.0018804991853202085,0.0015161385115313398,0.005887563030361371,0.009714948429698977,-6.949456958737646e-05,0.003002227272431971,0.007279149265749376,0.0009710737770328167
2015-05-05,-0.011299219730430708,-0.01307668155302074,-0.010336678157787493,-0.007322529665351407,-0.011786020226613007,-0.00837351830779411,-0.015764245351968357,-0.015672958014798517,-0.0230774451590952,-0.021638675537896397
2015-05-06,0.0,-0.001607539982303771,-0.004188207115446276,0.0021061896474045974,-0.004765565600589902,-0.005958710937134773,-0.008125861271914118,-0.01180579795913532,-0.00591009171415703,-0.002593040034170087
2015-05-07,0.004754971735217935,0.005479932652757266,0.004754229884957496,0.0020018023388458906,0.004705701054523471,0.0065982755828232235,0.006443724150087504,0.0007699892578020118,0.004244384554963331,0.014478696123816128
2015-05-08,0.01592549544602962,0.011856683335839202,0.010874171082554287,0.009117428136922122,0.016073941386430746,0.013818368610973424,0.015233354408798904,0.009130784977104274,0.007630527356558525,0.01529140567390741
2015-05-11,-0.005114606144389906,-0.0016440699134476738,-0.0042395475782350586,-0.004667766457386299,-0.0003182747578295854,-0.0034593997906741452,-0.005589026532095341,-0.006824270476040343,-0.007044932961530262,-0.014747119311197883
2015-05-12,-0.01040256327927296,-0.000802507584002694,-0.0020023702828357217,-0.0015541232884488832,-0.005011049226832639,-0.003682934587468634,-0.005395052093947578,0.0002560055378353468,-0.003021687761029514,0.0014139420838888085
2015-05-13,-0.002515386652071934,0.0016454514522280066,-0.006147853056249362,-0.0005185985878384581,-0.00022514404920515686,0.0003325884883061578,0.004624129400115116,0.0019813854231805436,-0.010579645826072454,-0.009335949147724572
2015-05-14,0.010864741344509724,0.009307124801278755,0.004290881209442926,0.015186182009535898,0.014027369885951093,0.008879619343117314,0.01716950005457092,0.005349285789027089,0.010489357133084628,0.018100789661288405
2015-05-15,0.004102210144602498,-0.000957398456009084,0.0074402643837208245,0.0031782085791018408,0.002054598765842223,-0.004354724744827796,-0.0033689159928908773,0.0015231677351701706,0.012523980403925158,0.008688685091167983
2015-05-18,-0.00357291131446461,0.0019952589024267893,0.004142526365939411,-0.0027460031210035244,0.005477706926859986,0.005582538636604828,0.004113017459148482,0.005186552254990119,0.003517954049362642,-0.004066757092449353
2015-05-19,-0.004898552096739763,-0.002647642786337163,-0.00022971296194812917,-0.0033446403476354637,0.004732368838141933,0.006414463062709445,-0.0025099407206404818,-0.008171542024890907,0.0022644793454435676,-0.0009119340176038147
2015-05-20,-0.0016277127576243109,-0.0036570133423807537,-0.0014778728700740075,-0.0023676227643845615,0.0014303401354501103,-0.003634746106313085,4.137976660624931e-05,0.00463240179714732,0.0016396499172713068,-0.0032253218706285954
2015-05-21,0.004157968097695714,0.0050428362615185796,0.0035922624411221303,0.0015396133539897568,-0.0004381217496827301,-0.0023607372043033146,0.003569820329716614,0.007191548870986388,-0.0005314692207491784,-0.005831874951577977
2015-05-22,-0.0017486267019065902,-0.004388063015640013,-0.001638699920983623,-0.004645804064767454,-0.0025980489649611894,-0.0008680162429158998,0.00020630395951330154,-0.007951540785781511,-0.0017736519766153437,0.0005955475869952469
2015-05-26,-0.012200273636885675,-0.010879413895830225,-0.0062846848327972995,-0.007139115958092783,-0.009724431512090775,-0.009023703404574939,-0.014353232731750622,-0.003745180523700341,-0.006858225607715466,-0.005971413706065894
2015-05-27,0.006715999738610194,0.005608727139321975,0.006711021218658225,0.005651861463513614,0.011272557790300501,0.00911352683488984,0.01801929333301615,0.006971261126587894,0.0031231763967985294,0.008728001497659128
2015-05-28,0.002134583560988455,-0.004203609182075622,-0.0023141068655891154,-0.0010722114949384255,0.0006693483345022119,-0.0010185021130045264,-0.0010696176408930553,-0.002466088688092552,0.0025804251526005515,-0.002918967180240628
2015-05-29,-0.006859448224656091,-0.009961043066979104,-0.006892119138376488,-0.006537401568235756,-0.0024024510213369998,-0.009395098019118484,-0.007519277023087522,-0.0053323070826832445,-0.0016898874082632899,-0.010830868811935485
2015-06-01,0.00031570572654434216,0.003975576564612334,0.0031221617806446735,5.9984962282118694e-05,0.0034516715476559916,0.0019042302917055304,0.0033259543810319207,-0.005168943891941002,0.0014676861824759657,0.011263849456834674
2015-06-02,0.0034660086610889206,0.0017226611675886202,0.0015821585662847044,-0.003104044365523342,-0.005813496365229195,0.0015991518061800967,-0.00281454100782601,-0.0001919491869728243,-0.014008104054681883,-0.00798592452809328
2015-06-03,0.0005973678280646154,0.005150312343806368,0.007154115138345638,-0.0012242801442646212,0.0009036824345761132,0.006550875893337681,0.001601376894093788,0.008347969671924017,-0.014115748034300353,-0.015390009876904585
2015-06-04,-0.012972325233148055,-0.011474461909598947,-0.00684127925238305,-0.00840939245674897,-0.006599678536469479,-0.007968870181731756,-0.00931300816746709,-0.008347969671923883,-0.002425569333892666,0.0009412508804781338
2015-06-05,-0.0037968949750079813,0.0011054424220500595,-0.0027860032540481527,-0.013230418097861093,-0.0004780442594047115,0.005599850206955858,-0.002062748834540549,-0.01853645862054233,-0.012912939989856998,-0.013033556367204168
2015-06-08,-0.003330161690355725,-0.007385818210804765,-0.0070906319601022495,-0.0009033474654218701,-0.004453566346731333,-0.006173659030269012,-0.01224076970699139,0.0024091581674330165,-0.006285989582365731,-0.00235742238890563
2015-06-09,0.0008655852919559619,8.401626459849241e-05,-0.0009646802130912428,0.004794851432368136,0.00033965811960569943,0.003076521200585011,-0.001866104497943715,-0.002343907584282601,-0.0014490271174548302,-0.007332255552985086
2015-06-10,0.010392881870179912,0.010174420283678038,0.010149689525546807,0.00970336030406207,0.011457933875936533,0.014233442666089906,0.015821479670249133,0.00507152428894537,0.004387416332700516,0.007613211038392706
2015-06-11,0.0017744469470797146,0.004334884699308558,0.0025501412028775916,-0.0015194646267557008,0.005115930624869105,0.0026685478420966253,-0.0008360048980290145,0.005433014687277276,0.007238999401307301,0.005937381279353847
2015-06-12,-0.006033277247909734,-0.005249898063780159,-0.004215381643697386,-0.003981785354259355,-0.011457443647103873,-0.003916269045384968,-0.008174117485506336,-0.008876245432253868,-0.00891701139574741,-0.00223635280010052
2015-06-15,-0.006614839785634886,-0.008189025875530102,-0.004631096978494087,-0.007314101049378922,0.00033781027663369194,-0.004289941288279226,-0.006089939692361607,-0.006267201032766768,-0.002054742679866897,-0.005275293834943414
2015-06-16,0.005945789527606484,0.0008177054046105619,0.005488718092517968,0.010464261227432861,0.004995929857293364,0.00527042468897717,0.005864998828468885,0.007827808946591573,0.004338033835165397,0.009074140167581068
2015-06-17,0.003976021781942236,0.0022191939854778555,0.004654986409565297,0.005423452955486356,0.0011467621595420048,-0.0013075854505156068,0.0021063873573183606,0.0001299738353890461,0.009219598874336583,0.007222671918547344
2015-06-18,0.008597584746762959,0.009553111676911705,0.01244339532802984,0.010919203920261246,0.014697418545478923,0.009117305014404078,0.00821452336132616,0.00828161306447926,0.01346730296096843,0.013471718200299914
2015-06-19,-0.00593456343244195,-0.004276167101294009,-0.0024015531701029732,-0.0004991963116339645,-0.0012555653695829614,-0.009712260744336629,-0.007387187636697738,-0.003550128421290714,-0.010336220498665739,-0.010652431574895918
2015-06-22,0.0024980914475691285,0.005166511979961244,0.004829721097257722,0.0029118346135761568,0.007600697076744007,0.007854175387276278,0.006816627479725328,0.0018735012964245514,-0.00138014949435492,-0.008481902589248844
2015-06-23,-0.0027830658344170957,-0.0019472639302320746,0.0037440048100242707,-0.004610980700372015,0.001981689791082782,0.0029478545286904224,-0.00033423083645387625,0.013335252018905926,-0.013813762888455032,-0.006198889771522578
2015-06-24,-0.012812986547237759,-0.009437665611227787,-0.007420957868117035,-0.004350893451758577,-0.009765189058587698,-0.00886976190963898,-0.0040605560458411615,-0.007928465324038412,-0.007919638420463665,-0.00629389622704034
2015-06-25,-0.0009627645934286833,-0.007564186347959446,-0.0004869299529840304,-0.0019711794904374836,0.004729677775478128,-0.006853886708831173,-0.003122896394564612,0.00371629717252445,-0.0067979416249124925,-0.008946842492035116
2015-06-26,-0.004634413662098491,0.0018543210093128935,0.003986041245762521,0.0016897939111617675,-0.0015019542913896381,0.003998800835842967,-0.009555196545148994,0.0005115206650803905,0.005432584916542215,0.005162713451336313
2015-06-29,-0.024094420590895622,-0.019429262235249024,-0.02321406091103009,-0.015209915724315825,-0.02368992392785033,-0.02469410997695308,-0.02206320643813829,-0.014681517631975439,-0.005669470778676118,-0.01706422070614291
2015-06-30,0.002969593102017717,0.0010726852595504515,0.004969442014071998,-0.0015113571067285564,0.00413070845329005,0.004143111671634132,0.0014899331633088902,-0.004485931720339531,-0.0023718051334598133,0.002759161277724671
2015-07-01,0.005028187591053428,0.003852206475987744,0.01030553298069596,0.011845312812816136,0.008556081620612692,0.012657448110546593,0.006368781404244969,0.005069546644475736,0.005777357696165406,0.014022068669325472
2015-07-02,-0.002067286620609188,-0.0005128100750946827,-0.0012722503640876196,-0.0004849100139966085,-0.0031710731701727756,-0.00363880236636799,0.0016217415329388713,0.0032362487792083248,0.013600518953422002,0.0032775901519127054
2015-07-06,-0.009008362761417504,-0.005872766897629069,-0.0024183490265661366,-0.0003031496531798368,-0.001155615226676889,-0.003470779894938251,-0.004584958997421651,-0.00356047022638331,0.0025122532524162913,0.002591880565063823
2015-07-07,-0.003353456248922044,0.0081142175088066,0.008033206989755707,0.019774496047577403,0.004177003725250246,0.001299222783677714,0.0004177401427002499,0.004852023200321414,0.02450898920228472,0.015910073010677563
2015-07-08,-0.021922702508023115,-0.018008480879130255,-0.018806937696037283,-0.010519070619922346,-0.01629869733215609,-0.017728714280565782,-0.01680102711655542,-0.020604522131164787,-0.005090897891447484,-0.005999361684859148
2015-07-09,0.0032242691131678975,0.003510960308057859,0.004158797116239288,0.0005005656520711922,0.005054987366586925,0.007653957589385068,-0.003197457436695086,-0.008335550644434142,-0.010766860523388475,-0.0023428257316801073
2015-07-10,0.014499196311942632,0.01020239192213703,0.014339732596095714,0.010553427995256525,0.013256743544948001,0.012035375307425265,0.01571250142204922,0.012083753853341421,0.005374990285379765,0.006734819142850536
2015-07-13,0.01043228197347735,0.010311338605359264,0.014569216707046077,0.009874647584949436,0.008114408138512889,0.010819620810029199,0.01611012038030356,0.005759210062864054,0.0003207005447032629,0.0013303967547241475
2015-07-14,0.005537234680594701,0.00300519445440611,0.0013270062911726666,0.0017244520097542458,0.009777638564132291,0.003927195763176242,0.003863215387197599,0.005077136171503652,-0.0011915423104609528,0.001937107218038789
2015-07-15,-0.008350568718719387,-0.0033231566525767278,-0.0012470315822772412,-0.0032554226821834885,0.0008237096895100196,0.007336909295120476,0.001147573664230046,-0.006709896166087111,0.004803356919883053,0.0016021289608749382
2015-07-16,-0.0023559980539829954,0.004780164614749696,0.006474265190044208,0.011037088825424066,0.005073611253253736,0.009796799852648619,0.012719006144930406,0.012600759049158656,0.015307598935209702,0.00835585261682589
2015-07-17,-0.006666691358189345,-2.1121436217187243e-05,-0.0019092367490558507,-0.0007967838209317361,-0.0017408067527176605,-0.002220823082466047,0.017393412538820777,-0.0032972037107822827,-0.010708798499560203,-0.005599511197959151
2015-07-20,-0.009071160009383182,0.00023205374427625935,0.0003025396197636521,0.002233351510706554,0.0029744328992687653,0.001607700393683143,0.005180037148012749,0.003490911402149558,-0.00459880043564947,0.003133029917980529
2015-07-21,-0.005652064970817903,-0.010689344681062233,-0.0029815708439846884,-0.003400669936974497,-0.003817854555877767,-0.0010812982534993095,-0.004836609330925249,-0.017577512624652514,-0.009676092556057319,-0.0037938324069604823
2015-07-22,-0.004251634707564797,-0.005516525089923282,0.004238467101495536,0.0016727216841586766,0.0016973748697350517,0.00699269910024507,-0.016549234197585343,-0.010431215584470794,0.004735091289145686,0.0032448610778042872
2015-07-23,-0.014730668053814839,-0.009327211342964166,-0.005932512057743093,-0.004303972493695229,-0.0033412347306127368,-0.008133587498233126,-0.002558696472570724,-0.005657003940135099,-0.014738362774905455,-0.004622993109721481
2015-07-24,-0.022493270753219823,-0.013508740167995236,-0.0002239804359427034,-0.005401206409868027,-0.0254507874914704,-0.009529174608397433,-0.005995761146131741,-0.0007344390864659641,0.00023263661754137425,0.0036341852667626114
2015-07-27,-0.010956345881141052,-0.004176551187070942,-0.0071932046744532544,-0.0006870341699973525,-0.0014806567200508004,-0.007385641309019983,-0.009665900195066345,-0.0015373534820159608,0.012899268381094483,0.0032375605743484273
2015-07-28,0.021233723968234038,0.01792329049400401,0.008280514609100311,0.010664147191517896,0.01829610962967501,0.004900132876641003,0.009299637679796935,0.0012033205996571181,0.004948925531375506,0.0031725320998654584
2015-07-29,0.007326572840672884,0.012257453472725898,0.009875519853041853,0.0033554303726934954,0.002338781170262604,0.007849437562726,0.006767987820307716,0.009310495730807479,0.003285729258529142,0.0027268777713962368
2015-07-30,0.005027705024517673,-0.0011334085301110662,0.0033175524801176874,-0.0034914474847333276,-0.0017592410824801364,0.0006464540241361611,0.0013704488990139267,0.0029082390777107558,0.007127448420911852,-0.005899409871261581
2015-07-31,-0.0030829982885185797,-0.0006635292867164786,0.0027877634549081432,0.0010487622000670965,0.005019860565453523,-0.004681494155550606,-0.004959351627993835,0.0013192548989844914,0.009723690857458252,0.0059538417366030655
2015-08-03,-0.007312179828210636,-0.004442035399308118,-0.0025039215230235577,0.003042740558793195,6.781377264456253e-05,0.00041313224430090186,-0.004701887682617467,0.00210701374877525,0.00558423570543222,0.0051604568781948666
2015-08-04,0.0041153499666640395,-0.0011835458709503013,0.003179984093339666,-0.00038711789794439346,-0.0006331304640656958,-0.0013284298880423704,-0.007094501860788328,-0.004548924694907081,-0.01653008028774471,-0.004126232878360691
2015-08-05,0.005033882763263325,0.004833054408927452,-0.01087242855406136,0.008424055515565755,0.007122208162620816,0.0024487365396549075,0.01010962843911055,-0.00046258925043216433,0.0027589995928483033,-0.0023420728749458265
2015-08-06,-0.004164151129772061,-0.004424086072650773,-0.013452823693174765,-0.007205206160479219,-0.021142057564542446,-0.0032170869625460217,-0.010336992202374775,-0.006299943988659626,0.004596485451561802,0.0031578499195655924
2015-08-07,-0.014218903971838977,-0.005070787993362631,-0.0007572424760391574,-0.0062648295079274505,-0.0023769565311583894,0.000413828255456542,0.00044054081151221117,-0.0034653123740548916,0.012421404555936265,0.004447542468282657
2015-08-10,0.024975550191834162,0.018815509766630326,0.00852147587241731,0.004426303283319191,0.008049517900254646,0.010669525325593246,0.015479895693012143,0.018191339712312227,-0.004049055263346622,-0.001299715867575035
2015-08-11,-0.01945318501955747,-0.012045796487368064,-0.010134431529543592,-0.003667763351964041,-0.008072533617394196,-0.009576788714980829,-0.0167737066852044,0.0008517487383394398,0.004359874294991879,0.006966081370172363
2015-08-12,0.002452484237312598,-0.00015043530523323816,-0.004173409128524516,0.0005442746429306613,0.0002758730448629051,-0.008091003464073642,0.005306543973802038,-0.006439313668557889,0.015679676047386546,0.0032771974604579508
2015-08-13,-0.002452484237312622,-0.0010320164164568629,0.0057380651041193075,-0.003893782551758635,-0.002347420649418725,0.003060328977769662,-0.0024085122051686002,-0.005552607766128392,-0.0006119924493382639,0.0010185887586980288
2015-08-14,0.004445064622712247,0.006304709499537803,0.0011758423201526076,0.0029217573857767106,0.002554275500023839,0.006888575846587531,0.005107770086580387,0.0028462219079749655,0.007623150114817799,0.005823424070902678
2015-08-17,0.006058058451560569,0.004670668451882561,0.009628645708891296,0.000641557190196114,0.01024350974333813,0.0019426733943838038,0.005839730437443606,0.003892287133474136,0.004589338067564477,0.007007099934057949
2015-08-18,-0.0068966175459975465,-0.0016184197649850424,0.0009720960395604055,-0.005046955482049472,-0.0014113735159106582,-0.0009119855619397991,-0.005867984263965533,-6.590792183460712e-05,-0.0027684046957057833,0.0006874746350966743
2015-08-19,-0.012449967637457692,-0.009701222364886651,-0.002344208926609689,-0.010111893067178624,-0.0043033625801766565,-0.008661202577195264,-0.008575209834792432,6.590792183461025e-05,0.004235993945941276,-0.005778658030834392
2015-08-20,-0.017997302369968278,-0.02133686321651452,-0.02838762954059838,-0.008442399953301953,-0.02319116380023414,-0.021546845126366093,-0.02489088138245232,-0.01318907984224058,-0.0059267553575435275,-0.008489766168427103
2015-08-21,-0.02499174674744642,-0.0275254026353734,-0.033454138293875266,-0.026417099486438448,-0.03209701771046356,-0.03168117707493888,-0.04306037377274568,-0.017362494416916376,-0.01217960524635478,-0.01921940422528509
2015-08-24,-0.04279735630557916,-0.03399274447476141,-0.04097984638675358,-0.03412913913187046,-0.04047397478709111,-0.048401963851905795,-0.03522895048244821,-0.031444344717471866,-0.03791089707383136,-0.04906903835873043
2015-08-25,-0.018132101609548125,-0.01621530952232784,-0.0039715486248597465,-0.011248156473628479,-0.01425098670029198,-0.016635532729474885,-0.011923157348757625,-0.02267186668522673,-0.03212405288953908,-0.0282397207241041
2015-08-26,0.027802127469338665,0.030513876733149838,0.03779229355867674,0.029974358639714316,0.04191296915165963,0.03764372484900802,0.05143940370312148,0.032084563510693935,0.016631223283412086,0.028182338739884932
2015-08-27,0.035599569142914025,0.023595919873591154,0.02324919337502614,0.014360217314951119,0.018994789498396582,0.025952424563126728,0.0237460781203659,0.02237103128731808,0.011974012967838284,0.02107736986186972
2015-08-28,0.0062088128913844855,0.0013046601069670338,0.0002339856041190849,-0.0021706591934662852,-0.004165823000593173,-0.0038013631013758156,0.002382288210790003,-0.0027180900570383825,-0.0029801235252409283,-0.002589400320543567
2015-08-31,-0.005324773222449771,-0.00939568686662373,-0.007362555862656747,-0.007221542275382471,-0.01865685722971446,-0.007551305567208522,-0.008907157911241572,-0.0023844824785968313,-0.016247699619271982,-0.021247677649954205
2015-09-01,-0.03221553723643655,-0.026675621416614524,-0.026472217643188977,-0.02141331022541556,-0.02668317552434085,-0.03554225734359631,-0.03409590534411878,-0.026260945743913203,-0.027104730039819985,-0.020650491161644868
2015-09-02,0.014271388937326053,0.02157962748093206,0.020766397012833636,0.013015350352345523,0.019565156843317125,0.014485450335311864,0.02589082183676322,0.015011774513834146,9.591614872782597e-05,0.011860726192836268
2015-09-03,0.006128967984769606,0.0007979802735999759,0.0005923105987892752,0.00688943867627076,-0.006371313459025846,0.004621110435126556,-0.0010680476187639547,0.007696012193743577,0.005164693078988782,0.002494463858300751
2015-09-04,-0.020476485496331336,-0.014299918759853177,-0.0112466591056358,-0.016577237416325392,-0.013193843384291172,-0.019500970192587553,-0.014935684519452319,-0.017400072922366155,-0.015090633725180255,-0.02090060727125345
2015-09-08,0.02504877006031588,0.027543959509019375,0.02295375322165243,0.021013560519310342,0.02824311848084547,0.025479725755363006,0.027914907078510773,0.020543915826337616,0.020276361458744053,0.016254820573315176
2015-09-09,-0.007856378092118902,-0.010853982847749747,-0.011216487842996519,-0.01759223184307181,-0.01660790808331517,-0.013779042945678022,-0.013460965428223289,-0.010219254875959465,-0.01275057549021993,-0.014009193343890187
2015-09-10,0.002091104511498089,0.0008635886359645616,0.002718951450014924,0.002239564198879426,0.009130146696210236,0.004571040682733885,0.010321360622433178,0.00020678118238709158,-0.0019243242094821626,0.001946052934057426
2015-09-11,-0.001567861290345805,0.005211031613074986,0.007376535546791578,0.004609775245993141,0.0068761282073035055,0.0035515198818121024,0.006076918126657311,0.0007578670857465107,0.007961690315893001,0.014737044568475369
2015-09-14,-0.01285978792504585,-0.004734130550193146,-0.005674591816605634,-0.003481419275935651,-0.003580033196316213,-0.0029372507916255674,-0.0027887058267593036,-0.003933290526722698,0.0025763052897944056,-0.0013360583591564233
2015-09-15,0.008328910431253536,0.016639876528687633,0.010750962401214578,0.01222523585973932,0.013563368222637647,0.014632619203120657,0.012590989888500681,0.012641846818009884,0.004943251417458999,0.009372870928631278
2015-09-16,0.014345753564972008,0.008892504321089114,0.011361476122001014,0.011262046568798034,0.0034591944191999773,0.006350840330603265,0.005295887122360284,-0.0021871878691082603,0.0100014755710207,0.012077652780870356
2015-09-17,-0.005155643373737247,-0.0063723364825582435,0.0025000745857476792,0.0002447431432318232,0.008638079603467312,-0.013223358248656888,-0.006778503212778048,-0.010869579812816136,0.013058074122742685,0.00934406189204951
2015-09-18,-0.020664997184259765,-0.02095530663713348,-0.01536179175407203,-0.012105182256868569,-0.014714835356386919,-0.01936708144113776,-0.013309278074348622,-0.010359942794206779,-0.006227926409607574,-0.0027658160641190993
2015-09-21,0.0029188937080113376,0.004516194974510145,0.007445550620549438,0.008509432450833033,-0.013846279218570656,0.010604416814528388,0.00991009498924009,0.0025825939651203697,0.004280063055601618,0.007825952203528773
2015-09-22,-0.018413659763172666,-0.013518477353921877,-0.012697199494848458,-0.011320720362137302,-0.0062367662226150275,-0.013387992656770773,-0.01588266902234531,-0.009948226855004494,-0.012519470000600892,-0.012869166730785496
2015-09-23,-0.021434065143879265,-0.006632007032886114,-0.002703576481115155,0.0019439216274327578,-0.001319274784031656,0.0008194975234472945,0.002393366621981362,-0.006285993050108036,0.002394581814982473,0.003968691903381043
2015-09-24,-0.0029192710755308326,-0.007025216923851864,-0.0031323985604761245,0.0010118017290848742,-0.010604805604306329,-0.0072017359640246794,-1.4955015041471396e-05,-0.0007796761997220077,0.008126662956120387,-0.010180048079244329
2015-09-25,-0.0011858632512808374,0.002764973622554279,0.00010119509563458593,0.007197678633917161,-0.027396140203206486,0.014417005739837747,-0.0017046952142200495,0.005374417350163392,0.009997323321682426,0.007687256266044624
2015-09-28,-0.03297183593909323,-0.01999058531161366,-0.029368529661646037,-0.016153656899978684,-0.039138934125430465,-0.023900729976015472,-0.02385374483250532,-0.014420415877149343,-0.005865951965280781,-0.019706126534744493
2015-09-29,0.004161080878048069,0.0063003450311211635,-0.0029221349613518313,-2.08452097016894e-05,0.00895978442045404,0.0038242031612854915,-0.005517647950539369,0.0005007856260866449,0.0008797835616122162,0.012418882081663557
2015-09-30,0.021187382069430896,0.015544725915395904,0.026285372304365853,0.009781450261454258,0.02116059358534972,0.013319830503607515,0.022417995914823467,0.009679106165448611,0.01725292737074738,0.010006392957045378
2015-10-01,0.010506625231257234,-0.0017385060233942777,0.0072525581712718275,-0.00018561112295054186,0.008837408214710078,0.0013746596291970682,-0.0004371055878298473,-0.007464599725981565,-0.011944404534749023,0.005359808218999432
2015-10-02,0.02385059152433777,0.011579197260649127,0.014150033207823683,0.012931165339678075,0.020668420163368895,-0.0005888656638945277,0.015098132739561515,0.001069742286528894,0.01308105241758756,0.008181561356717939
2015-10-05,0.026075157245336832,0.029110069590557747,0.014345575858638455,0.016898729612252267,0.003264648867400276,0.021336979702927573,0.019078784297996455,0.02637933129592506,0.013360575243840713,0.018633278525913274
2015-10-06,0.012675835945031721,-0.00024502445472074667,-0.007031686573781284,-0.005701903352618308,-0.02358375301229382,-0.004559370369457158,0.001805092972694321,-0.001667525660359226,-0.007244943924876361,-0.003896965413923523
2015-10-07,0.013285255699841871,0.013213859922208944,0.0034234490392975546,0.0085806435716242,0.014586595969895042,0.007885484854985102,0.0038612499973231192,-0.003343522968477823,-0.003075778931760934,0.00886953727221546
2015-10-08,0.014048674767034213,0.01414773829426712,0.011646945793556901,0.01151169396186656,0.003804136078793131,0.005127271392458827,0.004481318730636869,0.008960524306667885,0.011978296084120729,0.008359128401006503
2015-10-09,-0.0005408401265957791,0.0029872844717874396,0.0016875367820695449,0.0026802583426351933,0.004434709555794123,-0.005670245791413561,0.005092845095425721,-0.006243041043056812,-0.0040816778485274615,-0.002381224441079039
2015-10-12,-0.008839364777538068,0.001058600315820045,0.004723088351906233,0.002339325070931315,0.0023488113968257417,0.0015322599473188933,0.0020786180133977165,0.0038891467677039135,0.008993525716755386,0.005619252600175084
2015-10-13,-0.003937649446294528,-0.010701840154815387,-0.005501582395364456,-0.006480946395581825,-0.012437717508689654,-0.00652825931765861,-0.003270321800748721,-0.0004853698845418028,-0.0025868701523826918,-0.007463151050998061
2015-10-14,0.008801706047587348,-0.010244088290888406,-0.010241895428044481,-0.011388738573604758,-0.0025061529415420676,-0.009613633069552516,-0.00097752413101132,-0.0023605950055919796,-4.463527140536981e-05,-0.0072458263071988795
2015-10-15,0.002459287589522306,0.010134988706038052,0.012527048616150342,0.00968771686253402,0.021581356714380454,0.022849546596448538,0.011325633312024517,0.012434555249370845,0.014146274228885897,0.014008274603645959
2015-10-16,0.00025284812493632156,-0.002381908023439527,0.0059398033203854825,0.00986914058076048,0.009924058398983502,0.004331253981573505,0.002854014497614774,0.005067395905271437,0.0021992530816211026,0.009871834790889922
2015-10-19,-0.0077582127710664394,0.0005468126340496405,0.004511849167593406,0.003658936764914824,0.0027378634695317573,-0.0002839493942114016,0.003072044273142482,-0.0026674849448924632,-8.789609440270543e-05,0.01331130801365968
2015-10-20,0.002290220032908103,0.005386501401344978,-0.0022775373843582406,-0.0006251852551883374,-0.015296542141942706,0.00525600663798121,-0.0035117657391887545,0.007981202843132007,0.003114888177515897,-0.0011596712749604007
2015-10-21,-0.009302348130456389,0.0012606212979595403,-0.0038448773764703857,-0.001329832784659707,-0.008642597100436144,-0.007752046134926994,-0.007846566976163493,-0.0064755823283857965,-0.0015342740138113511,-0.0013194354306149223
2015-10-22,0.027116628339005838,0.02744534691683056,0.013830342098285901,0.01976345440938959,-0.005387206091791518,0.017436009115441988,0.02334356614899206,0.017086349019355525,0.011732268809878876,0.01426274046798581
2015-10-23,0.007958226620334638,0.002996506556572715,0.004156419434508397,-0.0008060938362524673,0.01966700840684554,0.010145144850929714,0.029993510556841258,-0.0002688985777658305,-0.017937334853468972,-0.011994426936418499
2015-10-26,-0.00710255489796369,-0.0013916203063185652,0.00766463783909834,-0.0015372558798860468,0.005021558825035743,-0.0032673647054306753,-0.003203975544496657,0.000739425336425834,-0.004202509765872326,0.0017899259496045893
2015-10-27,-0.004858661745395546,-0.009923729903414698,-0.005308470570108884,0.0006920400073015229,0.01717806760163866,-0.00603879683929866,-0.005467600029420734,-0.010130429891144693,-0.0028411604994031427,-0.0005260738001429302
2015-10-28,0.015387878059263647,0.006838434595818481,0.00941614617476562,-0.004738631012434679,0.00962981857900748,0.02381798674084385,0.015143010877258183,0.009659903132484708,-0.011356175896902649,0.0016300650572404944
2015-10-29,0.0010222187423676043,-0.0006139891177031315,0.002718693894715823,-3.8655951430351064e-05,0.0038526415732917387,-0.003920348166742883,-0.003426386684980485,6.718770477784443e-05,-0.006314833414808867,0.00026268315076317743
2015-10-30,0.0027793242612117377,-0.0021837052672589174,0.0022755608026153425,-0.010969859827782336,-0.005572374274768969,-0.013611916254875197,-0.0077322233737821535,0.004092184502304679,0.005100116533556686,-0.007539686826518296
2015-11-02,0.005360811366898795,0.011836424402172013,0.004380506094525864,0.005296127485957968,0.01979096984340255,0.016044896375700946,0.00986493663467106,0.0015386897064554967,0.001439525481892814,0.02317477666087485
2015-11-03,0.004254142551503401,0.00010490527540106553,0.004052871337826262,-0.005413264465277035,-0.0032614689873518158,-0.00048614125210326745,0.0063979704905861795,-0.00415306626923135,0.0028281161962134312,-0.010396184440413521
2015-11-04,-0.006493131189396128,-0.0024777801739975487,-0.006504811773010033,-0.004226215294622065,-0.0045169082402682845,-0.0037755130011891814,0.0009240506671057328,-0.005789316989882329,0.004204892925960743,-0.005764340716037986
2015-11-05,-0.005443246276372608,0.0008615687226718427,0.0037376426815882,-5.882171137993583e-05,-0.003695640308283205,0.004200934284084298,-0.003190913856051761,-0.0010131643160544946,-0.008067465006295122,-0.00010513624235197133
2015-11-06,0.0023564821217245814,0.0010288178483072437,-0.00023217200033445048,-0.010764070362617015,-0.0034439016632551753,0.010455768752513668,0.004087338055932483,-0.0069171866665039905,-0.03703788376920314,-0.03291240751413553
2015-11-09,-0.006803321065817069,-0.00809071931443088,-0.013483948584485973,-0.007081219922187913,-0.008114681244635642,-0.011854089279756374,-0.010081001792266153,-0.00861127867415914,0.002891096096337228,-0.01301207378359695
2015-11-10,-0.007883287926345841,0.00046530576491295384,0.008174380711437196,0.002492101375099112,0.006037748829430612,0.004310299593502159,-0.007226453576215353,-0.0030935090560224193,0.006682791113453393,0.007947625766951419
2015-11-11,0.0012470157479875588,0.0028294457210938095,-0.004962313355964849,-0.0010558902607186152,-0.009204588649214166,-0.00209215357078921,-0.0003674910058394998,0.003642482028101058,0.008887346625279288,0.0023448380542900322
2015-11-12,-0.02061339233466514,-0.014399124543124458,-0.00982534663666887,-0.013849234773004971,-0.017934157005274922,-0.01606349695564167,-0.009175849179121842,-0.008958184404707975,-0.01152723914797205,-0.006721947775407298
2015-11-13,0.012246652053187455,-0.0041156137363735105,-0.02688300283056404,-0.008422927342702249,-0.0027984221883930165,-0.008611659835687445,-0.020303089536433942,-0.012327378893855224,-0.003623859937708376,-0.0125808580575548
2015-11-16,0.012665805179206121,0.011893097959940086,0.012210136018817886,0.016314447510106495,0.012451731275399239,0.012429109735194278,0.014115740331631616,0.020736590326484564,0.016800133410154648,0.01290979205504586
2015-11-17,-0.0010287092825974492,-0.002039714797059168,0.0021298558899522963,-0.0010232017627355191,0.004051008754618189,-0.002307160822958832,-0.0008988506687019207,0.0030839687631403984,-0.01866367530715966,0.0013147386127308348
2015-11-18,0.017101106131280793,0.01270155863692236,0.0168938064207141,0.0137550887007774,0.019808412746773373,0.01812849780316025,0.01588079225676745,0.007566760345109555,0.007433279770917732,0.012890745375100855
2015-11-19,-0.0015012926826997606,0.003480022130610229,0.000676126350723918,0.0031430021922942628,-0.01648171669256731,0.0013297829530642513,0.004239648740251011,0.005012918500541298,0.009810500096813689,0.0033450820567483336
2015-11-20,-0.002694120289082845,0.005468019782003684,0.012263823707260221,-0.006991301911383362,0.007348012456535897,0.0012980070816406915,0.00856025289830716,-0.004537599738982829,0.004527299439138155,0.011407217771516648
2015-11-23,0.0005954623509146273,-0.00427584745943071,0.003456560341505206,0.007622679342449433,-0.00195343072602726,-0.003868589885836048,-0.005162490180959416,-0.006606086450436513,-0.010088575277714241,0.0005855924685134046
2015-11-24,0.00795149176459855,-0.002385767616588443,-0.0020911841677615254,0.002147586442101662,0.0022200198733446975,-0.003063190648824478,0.00014870429963039828,0.0006829975927009633,-0.0028616058792208443,-0.006728249493665571
2015-11-25,-0.006062490869440629,-0.0011320295283197344,0.004918886500906449,0.0025946104466694916,0.005414017882526433,0.0003644166635090773,-0.0038040583474412463,-0.0020506026402602453,-0.00565497562257245,0.003743503790086506
2015-11-27,-0.0010840712130795245,0.0015719812979847767,-0.004066342093453491,0.002509556795237641,0.0017340239522569117,0.0031225830427216005,0.0013824511673019696,0.004914358724699197,0.002275057205894016,0.007127291364802681
2015-11-30,0.0016779498453705969,-0.007314975540741575,-0.008463818559339401,-0.009799391711747223,-0.013469190359090829,-0.002697536295540474,0.0005281209217139922,0.003466509949662305,0.001807101013163826,-0.00814201786037947
2015-12-01,0.007307960207312997,0.005994667129500013,0.010073741829841765,0.00815321121798851,0.017132102801679937,0.012606833985605928,0.01094585159528669,0.0044006292094580695,0.007609551614140218,0.015534644069877413
2015-12-02,-0.013122757616130045,-0.010434903026152303,-0.009043097343762385,-0.006493565380120973,-0.009164323021329215,-0.012455128268473118,-0.006367124951330713,-0.010867499130480485,-0.022158631572156872,-0.02067737498694758
2015-12-03,-0.009211398807230462,-0.01114468725804075,-0.015287596954248125,-0.0053047227998422744,-0.022338077226979298,-0.01618344093308175,-0.012966406160975974,-0.010503641344222853,-0.0086331558450785,-0.014389535601271543
2015-12-04,0.017607438940160345,0.01446615668420907,0.019586282476214783,0.022450367977830978,0.024006180599994407,0.026237984949231064,0.02392915520249636,0.026424889354067782,0.015234475044530682,0.020333490524329038
2015-12-07,-0.01789118748760936,-0.004169453151080549,-0.0046109216405604905,0.0029260090023814044,-0.005765531846103795,-0.008902036059494581,-0.005707643940986059,0.005763708842703407,0.003307596405406913,-0.0009080371606100231
2015-12-08,-0.01959056797713802,-0.015732839658514245,-0.003221517552843604,-0.003081300580991842,0.0018690026930589794,-0.013242386303360361,-0.0022276743556361514,-0.009534740642181277,-0.0023747747574535323,-0.0009088624415375862
2015-12-09,0.030209297230724203,-0.0025240026077746605,-0.012292892505366849,-0.009477421694239383,-0.00984511446236574,-0.011585108998173691,-0.014861463440099377,-0.0076530453247788555,0.0003263212233199358,-0.00773201016438894
2015-12-10,-0.007608630410324949,0.00480518707767965,0.0024390294896589194,0.00045057345454699624,0.007745355314220467,0.0005280530428253654,0.0020569405442060896,0.0008155649431473388,-0.016635761911670564,-0.008444336808862335
2015-12-11,-0.027059144414288843,-0.016537552402216174,-0.02351204730165375,-0.010810318423670391,-0.01568690804628368,-0.02197959754557011,-0.02090114400685588,-0.015471350063534381,-0.0030373493638406507,-0.003594207673427061
2015-12-14,-0.014159186315459387,0.002139415901327913,0.004572775420483207,0.00934037844410571,0.006029556108079787,0.0015860935170336648,0.006343974744255248,0.010704813705981019,0.00455260757562934,0.005657687204820659
2015-12-15,0.00529188666722602,0.0005886818633377309,0.005770881958003611,0.006763369623385779,0.013065747000576264,0.023494377951965892,0.0041887724131798474,0.005649168380066076,0.008808946355906623,0.010576435288963267
2015-12-16,0.010609515946446641,0.017714067532656273,0.016768629625649643,0.01963796287172496,0.012921090186901293,0.016184674297452045,0.013032050824853373,0.02015655499062753,0.025284938286520977,0.01924462723174645
2015-12-17,-0.019556035730784464,-0.0165160848552513,-0.0164000741340211,-0.01284261187414848,-0.011166900813523927,-0.015936966373868353,-0.016227127693643675,-0.010229063354712142,0.0010512626405362834,-0.00708059147294011
2015-12-18,-0.013140691448849266,-0.015333429531313742,-0.014606555373927587,-0.01804065053361332,-0.014145431598684371,-0.025423421174285185,-0.02052767748859302,-0.012918266404709439,-0.012688120298240858,-0.014851486942528977
2015-12-21,0.008581569990865118,0.007772884252707054,0.003699990091663816,0.009568522229710824,0.008557454327381617,0.009102480479178476,0.010504592805939662,0.011034908191826705,0.0006937641916927053,0.006277339901355008
2015-12-22,0.012001842171102938,0.012034917612807321,0.0066998264835637,0.01218030983425974,0.007097794427203563,0.008770944156962359,0.006734737606628948,0.009248188630064085,0.007599317614375208,0.0046956218053557375
2015-12-23,0.023364768927399835,0.01234147199049701,0.0056637845064215165,0.008255400877496924,0.010684533051516424,0.012798161520168728,0.00807710042758595,0.013516360825898499,0.015298757850406599,0.012484955750469364
2015-12-24,-0.002046045092796656,-0.0007923232115375044,-0.0026273458197060033,-0.0014924793735747828,0.001026394825059756,-0.0008316695174655376,-0.0013050247561902657,-0.004022562210360732,-0.0008136365822154118,-0.0004733341988636164
2015-12-28,-0.007610965606881989,-0.0018655216498231087,0.0026273458197060414,-0.0012837013521203853,-0.004591181691451294,-0.0020050716684822923,0.000604639842764024,0.0014526329734061627,0.0018975254695845147,0.00477505132243231
2015-12-29,0.008975533715135618,0.009293000095746946,0.011200463637631363,0.008590625828461606,0.012113832032001916,0.010443940314347014,0.013318805796233103,0.006904081460317045,0.005042535173112957,0.009585884119657273
2015-12-30,-0.010424892265381775,-0.007770311600076921,-0.00786225700044158,-0.003560915601630318,-0.004568600167655232,-0.007884345455303523,-0.00782513873775109,-0.007960350812697938,-0.0014831212584834961,-0.005719601940592204
2015-12-31,-0.007790014562649175,-0.006665557686820975,-0.009774583110066733,-0.011106717735854444,-0.009020376195916972,-0.009127340704982551,-0.014393915993320879,-0.00989016223656313,-0.010580178982344573,-0.008115456092951013
2016-01-04,-0.016841831406063594,-0.014319008607659361,-0.01808468192866804,-0.013086276244003336,-0.01929123418975744,-0.020695687613507402,-0.015673516796905932,-0.00508266841418151,-0.0026854040077900097,-0.012111789376175104
2016-01-05,-0.00022300608436232364,0.0020550551249483044,-0.0017230855349386412,0.0069916576992837135,0.00556376888695043,0.003326275426936768,-0.004246903752325549,0.009741248237526116,0.007853840009660724,0.0201229261519786
2016-01-06,-0.026404086173057506,-0.014762913340572755,-0.009986710607726655,-0.003285228947329336,-0.008357267431221891,-0.015650481688414264,-0.012878598027167223,-0.017481444512172265,-0.001901046914651155,-0.006645260498729746
2016-01-07,-0.0277478404049776,-0.02834761138605315,-0.020328330628354346,-0.012796250100088103,-0.02071542957451399,-0.02861154728384218,-0.031913178688931815,-0.012715603863385735,-0.0070928620596137455,-0.020579858626305944
2016-01-08,-0.010255310626685925,-0.010221690621898037,-0.010877272101821716,-0.007582141333235206,-0.014510013829690633,-0.015793451779988667,-0.00800214276490466,-0.00466430594100955,-0.00018257070888214313,-0.013868539958401382
2016-01-11,-0.016025898110230846,0.0007598737835364899,0.008758752820072876,0.009453994928322587,-0.011941619792265492,0.00355358424250131,0.006255764397666213,0.00787546712663415,0.006006057419100023,0.0052030180937525485
2016-01-12,0.001449278064220924,0.00722470538859847,0.010228969490139198,0.004458528285206567,0.011814471295722186,0.005539822649082146,0.012365956092846624,-0.004032756194716611,-0.0049113414937614975,-0.00509432285151656
2016-01-13,-0.02311492180298575,-0.02344558217663379,-0.034337656864545096,-0.017535802312442453,-0.02976276543768359,-0.02636969440502346,-0.02829755727857651,-0.011919227316952965,-4.556315873685982e-05,-0.014558070401144345
2016-01-14,0.013535046698156661,0.012993073486935241,0.0073594043548060655,0.004675939709646797,0.026388710433563573,0.010097150761574022,0.019996857596784202,0.017451548993651464,0.01488745903852019,0.00033071083533306743
2016-01-15,-0.02080718242053836,-0.019141439808647912,-0.021131958627716132,-0.016068859601734195,-0.013947602487895984,-0.02378990610637976,-0.03200386505052741,-0.010957554210346847,-0.00893304254788407,-0.012812497200424591
2016-01-19,-0.012183053581033188,0.00014122056686242563,0.003851608164112563,0.012270082831964669,-0.0009316578698018794,-0.00034648549392389874,-0.0006704595140026196,0.011774514449129466,0.014755097805782989,0.007119836439718419
2016-01-20,-0.006950443392658556,-0.013625641625977956,-0.009506354176741968,-0.014633102988382284,0.0020949123693613223,-0.021258314581296487,-0.006468525516612924,-0.016191356570320527,-0.023174407549200096,-0.030901604046900098
2016-01-21,0.008879533783163196,0.00547252674349085,0.013622877250756994,0.004156746802847348,-0.0026646644762260536,-0.002977762147011243,0.003338890028948329,0.023852184148397185,0.0,0.008651680793219698
2016-01-22,0.01752609891290997,0.007588112916102211,0.01690063951524078,0.016119570241352344,0.015398023335784045,0.019338201041965312,0.027671650501141752,0.023428366078478393,0.01730746039765578,0.026122235229859667
2016-01-25,-0.0331919592647792,-0.012655160576139204,-0.011843828335908725,-0.007997315244287722,-0.009483269527518658,-0.023144232232375744,-0.013792850586764226,-0.0033040404996488104,-0.008797567367650626,-0.008928881973728684
2016-01-26,0.017758524302798555,0.018080313881022943,0.014607407508498907,0.009066745088137443,0.007823731221217357,0.017627013603841963,0.008992217056663592,0.019078190948508874,0.007539089191830428,0.019419181080357378
2016-01-27,-0.00818625925396729,-0.010998340714107189,-0.015216309560348126,-0.0010495961541745651,-0.0110738205532567,-0.003929398881031889,-0.024952670414094956,0.008277863596876659,0.0019319875308913845,-0.01819436617006366
2016-01-28,0.002063398969016169,0.006044020602615047,0.012160515407158684,0.010309492765431453,-0.02330224671404648,0.0007730734072824205,0.014692909045516928,0.0005794439622318664,0.016030292835739247,-0.009447494554619563
2016-01-29,0.02848980873698212,0.027350621570475842,0.012235344076740422,0.020996981128800156,0.017303219937719175,0.028430355445352103,0.0353921904837184,0.01760919907641904,0.01920653725705102,0.01891682755733737
2016-02-01,0.004120896753947117,-0.0032575168128644865,0.004913286615010588,0.0022442496375897577,0.00045479679555446236,-0.00578660594603753,0.0019364722322623206,0.00925379591604837,0.010389094064571603,0.0014870126141091453
2016-02-02,-0.006986919655673374,-0.020029226344556672,-0.019265619216417628,-0.01274587612343288,-0.01462916329895403,-0.026409330232264203,-0.020440473128058623,-0.011469700114434607,0.003681356138203533,-0.011123269802219636
2016-02-03,0.03271178604266155,0.014961230756069355,-0.0033827925464845806,-0.0018646540577023133,0.004904555299836077,-0.0005289950482314925,-0.0037482485337134767,0.016407726474477857,0.011892779967999628,0.004220406963539793
2016-02-04,0.027205952498971224,0.016991119564031296,-0.005686605266991321,-0.009179954731407067,-0.0046146471578220665,0.009095268723227806,0.0011617087950243448,-0.0013726913919243316,-0.004104007106701133,0.0006647192486475364
2016-02-05,-0.010520572820735966,-0.010545453066629063,-0.03238887772117963,-0.0012958782232071568,-0.019775989565550604,-0.013762747709176059,-0.03406375312867786,0.007588524244746484,0.0030478846509841982,-0.027908272355814796
2016-02-08,-0.027457464418839533,-0.008757806255781757,-0.01989787306941467,-0.002537714735731523,-0.014076956440142447,-0.026759185244073707,-0.01647470448536351,-0.0037870639271179647,-0.004108352650759696,-0.030762804050939188
2016-02-09,0.011446453211577496,0.005356018216731303,-0.00264157787404077,0.006087533664720922,0.007171547608370882,-0.0016395383835695646,-0.004000268641900749,-0.011259285898249616,0.003558771733492363,-0.01825227898554885
2016-02-10,-0.00972313884871525,-0.004546146937331459,-0.0007717437433517376,-0.0014693927929015083,0.009160887618396629,-0.004678195646699039,0.0035618523375290875,-0.004223526686322643,-0.002752703156414268,0.0060221061639951145
2016-02-11,-0.021942416422041807,-0.02025702350206921,-0.0008275858980418237,-0.008189674104884083,-0.01717792160947817,-0.030047202737468626,-0.0020069138636995484,-0.00487607759642716,-0.018921789695543353,-0.012863223469015856
2016-02-12,0.028090174487091526,0.019285085099255538,0.017742903117680644,0.014112805715114366,0.014129092024064416,0.03927292782179717,0.013391463721091776,0.012114465747931314,-0.0034199616733204766,0.01333868900774248
2016-02-16,0.015049153426694408,0.019851208354954835,0.024407318727040283,0.007127525379632303,0.01815492524569039,0.0175225134137579,0.01874657319506996,0.004755122248500557,0.006009656664569467,0.016967472337207606
2016-02-17,0.019565815604141196,0.015494769613903345,0.0208934963577838,0.010242691370863699,0.013122859424437649,0.012476748780513486,0.022971960863927776,0.002618117402271266,-0.0022008327190168983,0.009650698209061418
2016-02-18,-0.004392163167342341,-0.0014984592155282684,-0.006724714388849954,-0.004126851110718794,-0.00690736433395495,-0.0061125918806044935,-0.006616524131221297,0.010589264807199811,0.016282830808951577,0.009157183164724173
2016-02-19,-0.010636413872565581,-0.0017472704419728528,0.003281314794944992,0.0019215625358941224,-0.0010901984917763884,0.0011334916059047746,0.0022402111607773157,-0.007295195728175522,-0.0063530412513734345,0.0036624627401859538
2016-02-22,0.018482523459736264,0.01676379028882193,0.018921326935502067,0.0043865929197929076,0.013484193987543308,0.014863431630294886,0.01424913007137637,0.006617372039896914,0.011102011907282133,0.012544460892399432
2016-02-23,-0.024078830834972288,-0.010060154008153363,-0.005543109605084441,-0.0004397784516316203,-0.007705339137399874,-0.0184453478414544,-0.018584779120149764,-0.005377157657979945,0.0008457176277065965,-0.0030506395028457416
2016-02-24,0.00984109590948059,0.0010239777692862262,0.005866223776649192,0.0029595508768096987,0.0034825519873330018,-0.0020271619196122713,0.008875308619763881,0.008147138588276223,0.004554222997835396,-0.0006225803586875172
2016-02-25,0.01255060852070093,0.011084506206256716,0.009863993821533032,0.011807504683717069,0.012795245985577946,0.013683085949405285,0.012866425360756998,0.006433667540070864,0.009838710105624104,0.017509819789505488
2016-02-26,0.013380076029421466,0.001187458472377551,-0.001196118705481992,-0.014518496878685151,-0.0020846950133239653,0.0065453257694771,-0.0028334970686578723,-0.003609979425689455,-0.027710316018646302,-0.003343586919496737
2016-02-29,-0.006191283362929595,-0.0068581454310003105,-0.005171372222944434,-0.0039074101197478445,-0.0159062238274942,-0.010627120783376794,-0.006697145651336307,-0.004669426626576991,0.002011088232728317,-0.0006142026173030596
2016-03-01,0.02528161668510148,0.0197409690296902,0.025907258609567548,0.0103102034302754,0.021225120648952746,0.034822644688092756,0.030321678991594814,0.013335933004154971,-0.0049279518912559725,0.028250027100960022
2016-03-02,-0.004355943911094614,0.001560843238215865,-0.0011398688756744718,0.0012718096857162312,0.0014597048171105837,0.009084783417424448,0.0018219533015178442,0.010518174041063142,0.004500374374901305,0.005577071568588678
2016-03-03,0.0053585599979137435,0.005960775640930511,0.005538421275029766,0.0051466948426103195,-0.0034991037222093803,0.0062904762321103315,-0.0006308459727415772,0.0027622155222571236,0.0059266356057896845,0.0033421968949250112
2016-03-04,0.011769407686063554,0.004125718576025334,-0.0002959140552320347,0.004819917229717137,-0.0014905678052901693,0.004049407212603764,0.003464694728102905,-0.001860674385405685,0.011580879687904328,0.0018280360370441428
2016-03-07,0.011632387867666587,0.0019281560805039948,-0.0046806279443054695,-0.006179661185851291,0.007979244643983864,-0.000267276000451027,-0.007358940928710835,0.0067062724343925064,0.005531556997838068,0.001020120012360942
2016-03-08,-0.0198453459604403,-0.012534638684817842,-0.008377530269176925,0.0031511218732305753,-0.012955130075193949,-0.016878497645005163,-0.007747137753326911,0.000357980650653624,0.008198989934815052,-0.009435303546018924
2016-03-09,0.006597795786874908,0.002402748897374789,0.0014482662000443614,0.007208371140876998,0.0016914875134803908,0.0013242159868002287,0.010220545679753841,-0.002927417850146576,0.005085327698430273,0.004162446267881983
2016-03-10,0.005312760222650666,-0.0013197006694398018,0.0016952410566635906,5.605158802413668e-05,0.000554589553600918,-0.0005430480123979565,-0.0012359831293585928,0.004596362459779891,0.0008656050913382664,-0.001403555131267434
2016-03-11,0.017496387668399862,0.014294081732956425,0.01560412899954875,0.002017932164154437,0.01919443558592498,0.026234914221273685,0.017335013838704845,0.0033295562626000984,0.0013587873293023234,0.025336715399567056
2016-03-14,-0.00655695427070376,0.0003414212697849834,0.003932440087459667,-0.0007469413533357489,-0.00413209246933877,-0.004242025572035307,0.0007063943030961499,-0.0005343407356464792,0.0008637453475577455,-0.0012649179290992808
2016-03-15,-0.009150350446145648,-0.0011527561281648802,-0.00013031887536251049,0.0019035193280469646,-0.0162751244719393,-0.001196242990902312,0.004171695002537539,0.001898612553786586,0.0022175413850762746,0.0011595490977049025
2016-03-16,0.01725018402856938,0.00645101467634935,0.007270348257633086,0.0018253935245727288,-0.0028182776782249793,-0.001563986215202819,0.010965863695914447,0.009674446752040652,0.009878027134617285,0.009541395185934623
2016-03-17,0.021810513596398597,0.019773090536404636,0.0027289150623647403,0.006899068178374521,-0.01054172485680815,0.011752921628904175,0.004621597840654435,0.006961753091063588,0.010464938790229248,0.01578831858595911
2016-03-18,0.0005260452165919021,0.008123077972177185,0.000983141766787438,-0.0018869687703825708,0.013179231170363983,0.010053651469564271,0.0025583081693148846,-0.009665837117390544,-0.006290079983059336,-0.004375054396021249
2016-03-21,-0.005061708901362222,0.0024529316873166313,0.00038653863006828457,0.0007404431880403835,0.004457649811493402,-0.0018590333367112036,0.0032128666752780396,0.0056936800979257894,-0.001214194170532554,-0.007403839042139332
2016-03-22,0.0005989446561654033,-0.0032374984211173533,-0.00240226194914722,-0.00755927424108935,0.008881556329262534,-0.0029095404308255328,0.0011007290721879446,-0.005458287008118268,-0.003610768939087295,-0.00010388220496869099
2016-03-23,-0.01233187500276541,-0.005841564667729278,-0.006299078716916832,0.0003355130334597606,-0.006262672907685091,-0.0076246173686850575,-0.00604148783316061,-0.00495574074948711,0.007248937578412043,-0.004792914343265041
2016-03-24,0.00017832793400917172,-0.0028919162525930337,0.0008768576554207781,-0.0005219198782033796,-0.0008849657864718609,-0.006487053459898107,0.0013549774534023756,0.01012131269379793,0.003021698052550114,0.0004176986871035742
2016-03-28,0.00487205601614143,0.0015822026600293565,0.005067080196718193,0.00429819605022226,-0.0028400082321997163,0.0029839679137405556,-0.0028364386116007884,0.0010532663881091327,-0.00358675856339291,0.008524399712751627
2016-03-29,0.0035413309292212486,0.005166511979961244,0.009402075713856728,0.007307111502386417,0.011604466424665425,0.0015547770165866294,0.015685618865552847,0.011398162039342035,0.013912226706660914,0.017596927691462896
2016-03-30,0.0050775934564655815,0.004666205562601254,0.006219360973068319,0.005184325278626504,-0.0007253339881282102,0.005965043386752638,0.0069593797701920715,-0.00017347855337691942,-0.002351848990174747,-0.002596913144605866
2016-03-31,-0.008867313834765205,-0.0037560188521614402,-0.0009384349270801179,-0.003306008633620297,-0.0021919338936414743,-0.002072214853715777,-0.0015453847436563337,-0.0020841818657427284,0.005412890237299897,0.00523787084226346
2016-04-01,0.006825215134273848,0.0016527310985555428,0.005031529905238863,0.012450678887027208,0.012601270589082164,0.00809986977735258,0.008550835999239345,-0.0019723659269163443,0.0038824666209371296,0.002026722903148837
2016-04-04,-0.009810385053235433,-0.009728454804686702,-0.008618248544751905,-0.0014181758916003502,0.01015254466249958,-0.0052065424244879,-0.005110945715610596,0.006828687733154135,-0.003961813293800242,0.00010125156910940912
2016-04-05,-0.007143652879124785,-0.005748643999468109,-0.008451621689931991,-0.0067185167569008665,-0.01234695389686208,-0.014550982306675153,-0.010710622471885716,-0.0060741404741818635,-0.019035980391418916,-0.00680514694143222
2016-04-06,0.008744009540357306,0.0022197516314094268,0.009393426975191538,0.007755018398344287,0.026106603824896307,0.00581271457383547,0.01049431977568045,-0.010382121898872828,-0.0012145382212915838,0.0038145659714561232
2016-04-07,-0.012622858427200153,-0.007411404594009841,-0.011602260250569818,-0.009882122372925609,-0.010696642064030351,-0.019564880430505433,-0.014437700268295512,-0.014409145570117738,-0.00028363142126460947,-0.006365717852513328
2016-04-08,0.009490943103237497,0.005652765126084196,-0.001550650360211579,0.005163346950452522,-0.0043108398951974625,0.004044672328390427,0.00041147766225503314,0.0004757483019212546,0.0045683607268468636,0.006061022390865898
2016-04-11,0.004942439445133448,-0.0018667399051655357,-0.004049637651570028,-0.007147907067448394,-0.006740196903576996,0.0033915284754982952,-0.0018942846041525268,-0.006022824543082025,-0.004001240102276931,-0.004121606566146866
2016-04-12,0.011566933883447811,0.007987679225636873,0.007970218636650954,0.006216067449943866,0.008249827250193473,0.013320210806184953,0.0056721227377548025,0.00703300481707803,0.007263087627585102,0.006809374298487003
2016-04-13,0.012023816547059253,0.013569903237447662,0.013387800646359287,-0.0076149702832428836,0.008689230704249365,0.02221262337215918,0.013636835648140062,-0.010028095067834452,-0.006534369527907358,-0.003958060879981175
2016-04-14,-0.001421378476832993,0.0003081317239530554,0.0001270293054435675,-0.005078168624516314,0.001173470447499792,0.0027139571205646055,-0.0010787177268708373,0.002516467266301837,-0.0013363375673620605,-0.00673399181783763
2016-04-15,0.0038433778710984493,0.00045177573728787357,0.0028714016853508685,0.005741127622718578,-0.00041977308151198517,-0.0028756958897000503,-0.00463829871226937,0.001255908480031073,0.00654307896414049,0.006378060737141785
2016-04-18,0.004585878626736283,0.003197698937256693,0.00908286283592493,0.0034545610638721065,0.008938404844125468,0.006900753341981456,0.003909442010474725,0.005364463443162395,0.0032957199248115784,0.00583207226862722
2016-04-19,0.02110433352089173,0.0050828164681141295,-0.0047834590201629385,0.0015029445836862946,0.002945588014240708,0.011025861433371899,-0.0063386404865324415,0.007580273029626454,0.0012430981394025626,-0.00040462186293376636
2016-04-20,-0.002799620928871482,-0.0013243426227878441,0.00037846186697715133,-0.01381365608881596,0.006010777041473151,0.008828499598878853,0.0021580616661021914,-0.005264567410714338,-0.024749746778466707,-0.015240962098683685
2016-04-21,-0.0047399665315611995,-0.003369772553250276,-0.002478484124676186,-0.016609460470534652,0.005528594145772537,-0.009623399550493406,-0.0011802226090155716,-0.027721931585592198,-0.021844700056635878,-0.018036226913387132
2016-04-22,0.006629680144845987,0.0026967009550750193,-0.00284912079061223,0.003957410295368519,0.002385835921636556,0.010347667666294755,-0.019200142288640414,0.007593050907597196,0.009194685829718793,0.012473493936154267
2016-04-25,-0.006154722944967779,-0.006077804639343612,0.0015364286530144722,0.007140004678363252,-0.0037138214044060806,-0.0029004178820756215,-0.0014123979802666648,0.0030814472000601015,0.0018704143309023434,0.0060761911677444285
2016-04-26,0.011232530461226752,0.008848655512775794,0.002260662286059267,-0.0031420550330133524,-0.0043704757524109135,0.007204051690687549,-0.003929138293603027,-0.003444584585423777,0.0015766553228975214,0.002870832023782498
2016-04-27,0.006952551938757998,0.007014852008854231,-0.0010269841197453325,0.004392361522082356,-0.001189729962146826,0.0008460451767614365,-0.008451819874800131,0.018651777983173193,0.014038655786357074,-0.00312748898678811
2016-04-28,-0.009067976321640829,-0.0096428847122355,-0.01119067147923566,0.00020510280366164193,-0.005933427869876716,-0.011180748309066324,-0.013787101088667993,-0.006976137413116341,-0.0008589056630201167,-0.0038072046949640392
2016-04-29,-0.006339395718950544,-0.005256349523600618,0.005070394662591823,-0.00125004991366671,-0.014772407891426363,-0.0066731811069139155,-0.008900984690521361,0.0,0.005549225283593623,-0.00698311967304956
2016-05-02,0.0035792629143549153,0.004358385297126772,0.013851739310998399,0.010252916542662506,0.005787215713701655,0.011002792579288845,0.0065655992617487165,0.00697613741311628,0.007862896567369755,0.014480749869470141
2016-05-03,-0.01757974816149483,-0.008138712265474824,-0.00880692390802427,-0.0011648745522324444,-0.002963653835447954,-0.013365039478076123,-0.008274845309857342,-0.009612304728221614,-0.00016147160114025758,-0.00107500053995335
2016-05-04,-0.009547748639443666,-0.012740068716673202,-0.004742675101104515,0.002845016611730663,-0.009642952992363235,-0.007925221639000533,-0.004379747673337078,0.001498666445660381,0.010962847314841229,0.01368317808282177
2016-05-05,-0.00520852613617157,-0.0011681705882011612,-0.006300131957067406,0.0007007928047294751,0.004435367618289697,-0.0009023777896652817,0.0001298910961038852,-0.00558648663041617,-0.003801284791620683,0.0026236355133033218
2016-05-06,0.008424321122235252,0.0069472091469601205,0.006586270635949898,0.004598216619191331,-0.006197493095882193,0.0037973679951819094,0.007020507587647582,0.006723987499861176,-0.007000090922080352,0.00787974688064081
2016-05-09,-0.012610699312848146,-0.004570607166877927,0.0031739508728293835,0.005617851437138608,0.01125667251644558,-0.001961210703482797,0.00011470504214739073,-0.0026361673151053837,0.005234572289772615,0.007867791972445953
2016-05-10,0.017191576118126602,0.01697160871164245,0.012455144598417948,0.009642956466613008,0.008203701029021212,0.013712226322896478,0.013143722506432823,0.01145254480840699,0.0012041063061113764,0.0026748247247688245
2016-05-11,-0.005029780933535415,-0.00816079619391496,-0.019977832191810433,-0.00829354485409212,-0.01269117599587756,-0.011365564460137778,-0.006742539719179846,-0.005531001956853842,0.0024038106462553077,-0.023018233588349042
2016-05-12,0.004789176993413269,-0.0027902740820203377,0.0013081259220180247,0.005415796389603133,-0.005806550798973343,0.0015399292882088333,-0.0040817339615823595,0.007190254362993265,0.004631131248594426,0.0069109923361304225
2016-05-13,-0.009983274184957555,-0.012077479480921914,-0.011045687519633522,-0.01241979724323973,-0.0019888874737547194,-0.012938727599198488,-0.002835593858653186,-0.010715044326865248,-0.004791181219211312,-0.012036785867586526
2016-05-16,0.01591214913105457,0.011311309441345434,0.005786548796639376,0.004997477813691547,0.013481910547186546,0.00550567075862315,0.013815452518094616,0.004359452596158663,0.001159950088333562,0.008965511812707671
2016-05-17,-0.0038000623787298074,-0.005129443749485618,-0.011590645432192064,-0.01894958015219347,-0.010668547116726282,-0.006870636095407309,-0.0107939554788531,-0.005976589366838507,-0.01681049908966617,-0.016524259558990752
2016-05-18,-0.015555101710894087,-0.003315915014794593,-0.005854206675594558,-0.010475759435827854,0.003427841117839035,0.018526506529605212,0.005176895089064459,-0.013640200209647187,-0.019582263247576878,-0.01373068451913657
2016-05-19,0.003755410038233787,-0.009550143037608457,-0.0009137447101403068,0.007867032932336607,-0.008083592549658626,-0.009268726948643648,-0.005834868332672513,-0.006829265061741053,0.009284734360781914,-0.00987184871520164
2016-05-20,0.006331168837286527,0.005132752268066143,0.006524766872964838,-0.004431685845828745,0.008108503617905768,0.006103338559858239,0.011777266565457986,0.0009784960292020882,0.0022155397348721426,0.0068006282119934544
2016-05-23,0.011793891942805286,-0.002268658485490857,-0.003948904113361451,9.379026125410297e-05,-0.004602127509044746,-0.000897086981822671,-0.0010328316758916407,-0.006807966255347492,-0.009760574548032057,0.0009380299444401669
2016-05-24,0.006556484818507877,0.010626417016631057,0.012829383182956204,0.008898653893200588,0.014642988115935939,0.015331503002405036,0.020996270168833223,0.007602208335997697,0.011071220703126538,0.010517952604078009
2016-05-25,0.01164768437022341,0.006532908341840205,0.004858803520315595,0.001651647197150041,0.00640984884854692,0.010300301189822147,0.007333118636761028,0.003962146867924114,-0.002951310557071922,0.0018537626413951726
2016-05-26,-0.011038303827111576,-0.0021107304460801124,0.002045560156027942,0.0033135193298441624,7.343552728206114e-05,-0.005922226290760642,0.002432415597704484,0.005097076097935569,0.010576044566736198,0.0005142768439717774
2016-05-27,0.00023677209020982616,0.0023174400435189615,0.0048413554276018,0.0012005808870969204,0.005078673632804672,0.007015124605208612,0.005625630095073374,0.006154633871783869,0.0023531405825663056,0.0043099686527902714
2016-05-31,-0.005393762420777095,-0.0002894180201085475,-0.0010490584928072135,-0.004959194223228985,0.001411537563401566,-0.003407466468433453,0.001254904463140933,0.004980369714414977,0.0056169681447510765,-0.0006146183470320998
2016-06-01,0.0028871039631994783,0.0002067266930034918,-0.0013368561960674038,0.007374360378247711,0.0037989000132825166,0.0027831674804985394,-0.002511469102515619,-0.010227571973394882,0.003178346644396674,-0.0013841761605180218
2016-06-02,0.004196818825767899,0.001404508512104944,0.004956316924694178,0.0016375467370627218,0.012986382684470024,0.0014666228385070764,-0.0013401627762580364,0.005066731341387497,-0.00068309395461356,0.003993523837590559
2016-06-03,0.008341266755517928,-0.00020637351537550216,-0.005529761164255819,0.006176300585027536,-0.003233821380233607,-0.013846603489750465,-0.004237534762184164,0.005818942983732266,0.016464741819692444,0.0027044219202454127
2016-06-06,0.008969575323157472,0.00756845558462606,0.0012102838266813422,0.0002739582620483159,0.005538993069911435,0.005580495278773537,0.0030599886970206053,-0.0004187505929472988,-0.0018205114783923309,-0.005364972275940559
2016-06-07,0.0001327996296121716,0.004211818806274834,0.001288276865176914,-0.0004749310064935366,-0.006751380759545226,-0.0028966736012364497,0.0016290583362102721,0.014849405614621263,-0.0017047308219496906,0.005670661162448432
2016-06-08,0.0064183452610812345,0.006771112572135265,0.0008578978248899494,0.005649070221286757,0.00478093117101072,0.0018900446066320573,0.0035773260951793345,-0.0013569471612916396,0.006131481525509725,0.003153428762717214
2016-06-09,-0.006451568838439121,-0.00010130573076256725,-0.0019552212959068303,0.003682095942489642,-0.0023696175998116522,-0.007740530233590162,-0.0007771961935188875,0.0060625792882774195,0.008755953155070445,0.001268745899966414
2016-06-10,-0.006894421413698774,-0.01010334175301431,-0.01038060441040481,0.0009409311051627302,-0.009111826114769529,-0.012446684435182934,-0.01065498302097566,0.008356470400049557,-0.0027794913653272878,-0.004014708886249788
2016-06-13,-0.012747521377936872,-0.011137653441901093,-0.006273886393530079,-0.008792960146000747,-0.007391156914374073,-0.007737310578927204,-0.011257564134484829,-0.00378972496127123,-0.0014122658027906666,-0.00025465636817587674
2016-06-14,-0.007781904783623817,0.0008277334549608627,-0.002608314471575088,0.0027516024803921485,0.0009253742008464996,-0.014604922906367876,0.0012957870201645307,0.00541781455367525,0.005246729297877174,-0.004287670915579803
2016-06-15,0.0038475501750030194,0.000268880119715158,0.002640605070377505,-0.002934161053213155,-0.006961195019964109,0.0006565171735509628,-0.0027328353025563275,-0.0017444197645591418,-0.007132838276081474,0.008506345089987754
2016-06-16,0.003629566267814236,0.0011160261397912589,0.0037464233367868675,0.006095483012351267,0.003450017954820811,0.0032764356429428603,0.002426495016796034,0.008057310106430677,0.006585906041988634,0.006521563439627059
2016-06-17,0.0047293417198437885,0.00033045636589151584,-0.0014677817510272884,-0.0045452969261706765,-0.01101546867958143,-0.001112772077126843,-0.009418181646322124,0.005871470969237015,0.0034325613902798334,-0.0026237680225488958
2016-06-20,0.0051429506321016795,0.009269908263782399,0.008694755444029334,0.0022206327016083514,0.0060815185959448865,0.005844656242289872,0.005314778171531926,0.0009179259685915222,-0.0040578825139373845,0.001312783026213026
2016-06-21,-0.0029884838021500583,-0.0005116084069077781,-0.002050311899489873,0.0030137529757107376,-0.0028269344087854895,0.005389810224682743,0.006579572274889058,0.007028375247120584,0.0016407463772900625,0.006287272601839326
2016-06-22,0.0012770699609370806,-0.003198357536494695,-0.0017172187164167148,-5.443689459656584e-05,0.0033054256599110697,-0.0011340087679337582,-0.00444207256158777,0.0016499793003326491,-0.004498996947202215,-0.0010535366807449735
2016-06-23,0.015496415886384753,0.011413753597236571,0.00941633379125033,0.0066131492237184245,0.012495820001012193,0.020789336984996614,0.01490498839493894,0.013158466128938267,0.003327292975136619,0.0071021515183435305
2016-06-24,-0.044805060626042545,-0.0412187766528501,-0.03690410931374219,-0.01949441913543916,-0.02852223149429994,-0.0555888956662573,-0.04340050158477844,-0.009243664826734714,0.0008984033338265,-0.015772878135522698
2016-06-27,-0.034480065741603325,-0.022854274305875576,-0.018664429353447965,-0.0023532299249752575,-0.014123198474927297,-0.028255337119232032,-0.02350758122878504,0.005815439969361726,0.012802356087072487,0.0016188971370131467
2016-06-28,0.0074182250268098006,0.016508371474206307,0.018912090428619844,0.0058910965863328574,0.019518696038474483,0.024387688956614046,0.020127461020704594,0.0028669918770126267,0.003194285821954484,0.020512981123954582
2016-06-29,0.016772211660695056,0.01743361054654768,0.016257579772928164,0.01148025905348645,0.018488053738093594,0.022852479952681134,0.016475961733965025,0.009720234469862102,0.002762755370041814,0.014503399304164971
2016-06-30,0.015360620649532029,0.019825616371253067,0.007506957612818664,0.02181176421889141,0.009521325400767033,0.015555392291268203,0.010503118689438177,0.015227009832372513,0.021719014093493135,0.009037525986918447
2016-07-01,0.0005848314666390855,0.003664950267459223,0.008890008688306866,-0.0030666639920930825,0.005734276167192154,-0.005299548510245198,0.0012894801300585201,0.006603242065913304,-0.0005251271390726133,-0.0005806579212854814
2016-07-05,-0.018919947705351728,-0.008929955335845898,-0.007327696296112684,0.005082391835935936,-0.00046755627617746235,-0.015340740631199877,-0.007309991068725384,-0.0002176388221796989,0.007214283115548988,0.009393417635450103
2016-07-06,0.0035682705215867964,0.004834106787836011,0.008413443686785062,-3.5362699471390176e-05,0.011554070442175195,0.0036347056461693587,0.005276982769648077,-0.0043071422919835605,0.0024181118051359867,-0.005047010268578495
2016-07-07,0.002789855087076067,0.0025618706049853664,0.003949836291365192,-0.001113486274948544,-0.0021480726191601975,0.0009560669246658397,0.002467108625289865,-0.016138754234485072,-0.01826047852277452,-0.00997634069095814
2016-07-08,0.024458111449021082,0.01887708817685242,0.01739646314090497,0.009977021465812676,0.010800258154380142,0.01825206548546417,0.01672962968424069,0.009505466705866123,0.009790363930335217,0.016795740628721755
2016-07-11,0.004780087772400728,0.005588358381672269,0.005576791163191452,0.000525096779707425,-0.0016820776086789167,0.005646177895148889,0.006340681230298244,-0.0008253440696354105,-0.0008621412111692501,0.005060389623382815
2016-07-12,0.018297557855619158,0.00892840561376577,0.004572217214114894,-0.005457133266653806,0.004686313536331148,0.012246900523502583,0.00954470779178751,-0.0032530909510034463,-0.013745456758852474,0.002330641435312926
2016-07-13,0.0030172046326304896,0.0026492103510100413,-0.004774193222896405,0.005124586182085025,1.172907188510265e-05,0.0004130876703492965,-0.0009218865109078204,0.0074827603698186685,0.0076135657955589565,0.0037933934970433326
2016-07-14,0.008242711029494747,0.0073767680541390965,0.004062580561284725,0.0007524260754632722,0.0038710075288711076,0.008824311291036252,0.008037856716626107,0.0015337355175812028,-0.006511479228963224,-0.006219297910019858
2016-07-15,0.003997912216659661,0.0006856821553208631,-0.004528798304604545,-0.0001399756683787551,-0.0005604040756859379,-0.0017334608217887887,-0.001588937916292442,0.0015859196718172588,0.002920222061045059,-0.000905269358719446
2016-07-18,0.006811937183475689,-0.0011954052844004835,0.0031971184893201466,-0.0015932160953873778,-1.1690305557603034e-05,0.0036210446204504023,0.007304402465568567,-5.461628289521533e-05,0.0023451806664765667,0.0006194986520074797
2016-07-19,-0.006910050968496282,0.0005488988374896945,-0.001830099144236623,-0.001648462262878834,-0.0016480605207640786,0.0007854349025453096,-0.0011779891444343839,-0.003668111448770208,-0.001474504038477811,0.004562777435508705
2016-07-20,0.001699410641833917,0.001997003217988627,0.003935210128150494,-0.0040274037744258365,0.008422232227609322,0.0013494836658178558,0.013754459503614277,-0.000877983250465118,-0.004968991998344385,-0.0007590306806208016
2016-07-21,-0.006354642849259196,-0.01032163242115037,-0.0025390223096349845,-0.003088628529518359,0.0035433490118851082,-0.004463493392872164,-0.005059422114385852,-0.004346325151789955,0.005536366262681377,0.0011857052708962234
2016-07-22,0.0020024146257930386,0.0009283883894363094,0.004716934444051585,0.004550222457752934,0.002066914195938875,0.0058737629794463455,0.00515190512069935,0.013200266723040437,0.013074086906654002,0.00835483958566231
2016-07-25,-0.0010171358921430786,-0.005702430960664869,0.0013414156551278334,-0.0013910392696403991,-0.0014429434373616204,-0.00241440322319732,-0.0012689808772067843,-0.004253230589120001,-0.0014193587980980992,-0.0021175558265527097
2016-07-26,0.007163573370477298,0.007221581992652626,-0.001650062182288453,-0.0078366432431144,-0.0016648586269107479,0.0014744445179084625,0.004223608512978963,-0.015030402127131333,-0.008747187034303185,-0.0031137428732227316
2016-07-27,0.0006842007326578469,-0.004504865621543947,-0.0034167266033390572,-0.014579777843129329,0.004110927953137794,-0.000721297647310654,0.007675408402311471,0.006524366126063834,-0.011719537228854951,-0.009638508378051209
2016-07-28,-0.0009775729841050098,0.0005740718343132279,0.0023357600977195053,0.004728150015668406,-0.0004034515953796319,0.0022561387194026186,0.003418532848621392,-0.006524366126063772,0.0029713129765850037,0.005471615315251768
2016-07-29,-0.004673110750825787,-0.0028540351872145785,0.0008957516964220505,0.004420289552960172,0.0027055313115539993,-0.0018483889802023987,0.001327753025831277,0.013225485550463646,0.007012275961791841,0.008927995212618865
2016-08-01,-0.006605705343294435,-0.001092210097492348,0.0012650140878507617,0.0012134709711720086,0.005869282226606936,-0.002385971362522834,0.003972635084581662,-0.009571060614701556,-0.00022664535574916167,0.005066160706680391
2016-08-02,-0.002211667855207333,-0.00928232529269446,-0.014723246988720773,-0.00108858138005576,-0.004088822449644135,-0.008776786559692844,-0.008300752836357509,-0.005486700093188366,-0.005873073520228131,-0.015561228123026533
2016-08-03,0.002442475180812969,0.0039829729600272135,0.002531401847994474,-0.005191031813569675,-0.0024015441506842045,0.009562295495165478,0.0037686139094631386,-0.0009451957322768059,-0.006098997455614911,-0.006388562075841443
2016-08-04,0.003750939307434487,0.0002197350954465494,-0.000499535322498794,0.001631785509751511,-0.0022458731635130952,-0.0034294323321113545,0.004933713588826725,-0.0006678002395409538,-0.0011094648709028562,-0.0027779213635398888
2016-08-05,0.0034751775737975523,0.010133562312996936,0.010654237110555466,0.0023444528483837486,0.0025449515409857733,0.019073219330294766,0.011755380519394076,-0.0016712415754435383,-0.013875752193961517,0.00023979403731702421
2016-08-08,0.0018637746011585638,-7.903763776421401e-05,-0.003280459602887644,-0.0015743051545916704,-0.008489036030546907,0.0010816512829033684,-0.00019197401026216514,-0.0020651941260541565,-0.0011262250723715792,0.00019174994636746815
2016-08-09,-0.003272040141888061,0.0005138742384344487,-0.0033223881158221695,0.0024141650092078136,0.0024327810379431466,0.0009878267302694894,0.001892970183209059,0.0022324440268044195,-0.001010688000993373,0.004639497667324425
2016-08-10,0.0006553050697491816,-0.0009093975999268831,0.0021747960634949447,0.003708053527302463,-0.003848886999435211,-0.007681801177635582,-0.003392056232765081,0.0027278526831850483,-0.0005447405071968901,-0.0006682867740056701
2016-08-11,0.0038246656348878646,0.006093063841267179,0.010204541317706721,-0.0006229596345676512,0.005571429454830706,0.0015535190028810489,0.0034687206311234393,0.002554175279553594,0.0012056768680179341,-0.010030060512851246
2016-08-12,-0.01188144213579299,-0.0033278604852464803,-0.0002918781252818145,0.0030933734858838158,-0.0019770969264117947,-0.0021133543890748223,-0.0007029900849301674,-0.003611065645529595,0.0007771388308359298,0.002745429903019195
2016-08-15,0.00966033167069328,0.006056725292162615,0.0012744300843984626,-0.0015454906234784363,0.0012491252136451886,0.005739132472190798,0.004821581921220406,-0.0033448066300105204,-0.015618305603254229,-0.0014922025723926203
2016-08-16,-0.004719935533874219,-0.004342195359192256,-0.005462163356039451,-0.004686612471830876,-0.009010441395694032,-0.0028809756358439,-0.0055762994979344635,-0.020649555512433464,-0.012065526974519689,-0.011726068080093535
2016-08-17,-0.0007558806790659569,0.0029492167484637924,-0.0020386534758638085,0.003316726634802162,0.0023068275862855245,0.003623177817186457,-0.0003839401516112059,0.0014810285453671615,0.014705239251927231,0.0034059830497346444
2016-08-18,0.006521694410516241,0.0019221561354552776,-0.0005258201549153373,0.0028266409944703013,2.322537782447623e-05,-9.273336019468686e-05,0.0007677329497555149,-0.008000922385507118,0.01220145449501087,-0.0020421974278742217
2016-08-19,0.001925418990898719,5.878022074183997e-05,-0.0002784540201791058,-0.002577411469846485,-0.0013041550374198276,-0.0013302499731927134,0.002006207568019501,-0.008644092379311226,-0.012240780497762165,-0.008357982351843892
2016-08-22,-0.0006523130171178875,-0.0007644125006446497,-0.0008668290864460201,0.0006404977900906188,0.0013623936737998314,0.0002476619244165424,-0.0006001222247149325,-0.0002894448953829768,0.0027898668607406057,0.00445647499068771
2016-08-23,0.00786412092855252,0.00037249902280269554,0.004819948972268758,-0.001797974077825547,0.0011280238577965032,0.0011443797991820862,0.0036591951995482695,0.0004052170603074707,-0.00483809618121459,0.0003420247000818324
2016-08-24,-0.01165573072269975,-0.002846260469898696,-0.0044638676322714165,-0.0016050085448279991,-0.016205095709673826,-0.0012372222200180765,-0.005372302996710798,-0.00034726837826598323,0.0,-0.003572197850859529
2016-08-25,0.004900209314578456,-0.0008259689212604699,-0.00369113613131592,-0.004220823126312799,-0.007969836015495323,0.002812517932520853,0.0012403944300590994,0.004101750168981296,0.000394237022638622,0.004158168752980327
2016-08-26,-0.006079793173097675,-0.002817249614671088,-0.0027071886327538226,-0.004706812096154431,0.003506516956170981,0.0006170179735927129,0.0014430171018337732,-0.010839715004761104,-0.021351992622698223,-0.010206182204250902
2016-08-29,0.009430847295173673,0.005214533678217894,0.0030645540936537897,0.005477180518510056,0.0026898286750363536,0.009699587163956188,0.002892461079280446,0.007721608279433396,0.00782083098944706,0.010255047275731007
2016-08-30,-0.0021785166082015544,-0.0014730580714771876,-0.005622921120946721,-0.00504511600715126,-0.004269224770497618,0.007971306586369723,-0.0023694394131165163,-0.003243920719610727,-0.010360713777422868,-0.002003487945928488
2016-08-31,-0.009287170445899339,-0.0049654080087704645,-0.0024865569377037432,0.001241201477535167,-0.0025702964121140917,0.0008784544758869636,-0.0014805398225274777,-0.0008126270730482949,0.0030631992182160294,0.00044011217974262556
2016-09-01,0.0032472032940497808,0.0005923929805635168,0.0018146985785051368,0.0005211636030291373,-0.002015663655509002,-0.0040349752121791056,0.003493685788221794,0.002725426968976805,-0.004153645467509556,-0.0007826053933194546
2016-09-02,0.008218483760051196,0.004117514560404222,0.001437007580845069,0.006626120675197244,0.0004654578664179611,0.004852096209047378,0.0036971095669861573,0.0030068502361899657,0.012289794794632374,0.00677836172388349
2016-09-06,-0.001755440691048665,-0.002874570233889207,0.0015906533002845622,0.0025848085896475683,0.003918467497049481,-0.0023321350788776665,0.004693832642764002,0.009023869715975345,0.011154219147324295,0.009528724626911447
2016-09-07,-0.0011068310561184842,0.0013398344739625914,1.5597974013620867e-05,-0.009156974566380814,-0.0007967845109393504,6.0611340807680464e-05,0.002445700971395043,0.002400264959031891,-0.0011058841389195544,0.0034121027745494985
2016-09-08,-0.004439715649653763,-0.0007879169647304362,-0.00780610816096267,-0.004592056919035861,0.0011889194469390288,-0.0010314485293693358,-0.00886568856063067,-0.0018283003804535499,0.0034714999218573707,-0.012260657363130001
2016-09-09,-0.029213655228138166,-0.028401728334334894,-0.024868937541295585,-0.028338569654965312,-0.02064893434369608,-0.019028906930725453,-0.02369080563745277,-0.03485438035006329,-0.038252407317872994,-0.04018475654174124
2016-09-12,0.00948823297802,0.01293176249679217,0.014338646255781384,0.01878088512346531,0.015634050651679787,0.011442409650742738,0.016832901280137577,0.019758477440791625,0.017199862400550766,0.012610430058811965
2016-09-13,-0.01933954107130975,-0.015530165894797872,-0.015176140854112024,-0.013927774445507732,-0.014991403910922173,-0.018396121588392617,-0.006338721232235883,-0.020113807953413856,-0.013931873108460509,-0.026150229777418713
2016-09-14,-0.0022137634309504586,-0.001484954642075514,0.00030611732891149316,-0.0029423399812879155,-0.0007882118152295605,-0.0032450605002956696,0.005750141696116845,-0.0011261073024852262,0.0045573417347504,0.0028657588217118864
2016-09-15,0.0059490595767525785,0.006796342257675399,0.006886856133455754,0.008029457813485257,0.011111379245677235,0.006696886554957874,0.016891154811968928,0.010852340685773745,0.006998817699240054,0.004588536139357326
2016-09-16,-0.0038373588455092697,-0.007712773978713421,-0.0016011018811349443,-0.0029827594874489534,0.0010912401441356262,-0.00916894774492434,-0.0032898107023638418,-0.0042914484198873434,0.00910977756999678,-0.0018838381350189755
2016-09-19,0.0019375158936884842,0.0033968665465389427,-0.001058188109807777,-0.0014577528851981117,-0.004131247583933874,0.004906819471690885,-0.0024016739697920943,-0.0068574614727827015,0.009898080175242975,0.009686920594316698
2016-09-20,-0.0031631854522873896,0.001298783919781135,0.0009620443404685882,0.0023977504908004096,0.0038435129246603235,0.0009348327220985712,-0.0001772157829275064,-0.0018405678521086926,-0.001940056553064568,-0.0018186446135421478
2016-09-21,0.014877787237022964,0.012795511811180082,0.009029435952847904,0.005566381240979496,0.009972225712388037,0.006612584663286907,0.010877216834934113,0.012754754683342119,0.02078745977216814,0.01206223541800296
2016-09-22,0.002949076727771084,0.007142290622527851,0.00768876804689528,0.008882291826178293,0.007543998504466712,0.002750143559337708,0.0055190595634251275,0.011260704026575214,0.00565123047179381,0.018854932521765996
2016-09-23,-0.0050322169651465,-0.00650183743466731,-0.0022719789795765184,-0.005060663467602353,-0.003457559150111483,-0.0069671586507217605,-0.009659653720183355,0.003706278208997904,-0.0012744979066107037,0.002839390171133595
2016-09-26,-0.0053280850671817365,-0.00483389009826861,-0.011214294479627606,-0.00933280265417038,-0.01233386288844845,-0.01550082607100632,-0.00652148030852493,-0.005448355493849605,-0.0020891703430027534,0.001563146675801976
2016-09-27,0.004049312711408141,0.008030261217434562,0.009886545477701939,0.00488816110861318,0.007404332206966867,0.008578653270736631,0.01142555346991404,0.006719230946095055,-0.012548823990715207,-0.007495803355754974
2016-09-28,0.009918626287989086,0.006639648244177603,0.003032144797265774,0.001135896770970245,-0.001271887879976813,0.00465121326967363,0.0031603889782293487,-0.010445795160974207,-0.002906315317191592,0.005296920401338813
2016-09-29,-0.007261852208153236,-0.007996837996916464,-0.005344063102893051,-0.008938785364297878,-0.018535502984381287,-0.01499870861085344,-0.00564072950886505,-0.0019269623570720513,-0.014619631870030028,-0.012651191935050096
2016-09-30,0.007128441474008496,0.008313808748272688,0.008162735586435058,0.009689191562293238,0.010234603930653318,0.014157503370079738,0.005553411903734254,-0.002985306806727771,-0.007089262913499021,-0.005215215617775337
2016-10-03,0.0004334435324523685,0.000396087310459257,-0.00045616895860561157,-0.0060194131072390175,-0.0015242766878211427,-0.004279435757375289,-0.0038490838129608775,0.0009960928256490306,-0.013556612019189692,-0.018292883725079735
2016-10-04,-0.015350577296667495,-0.007771629347507829,-0.003230135919895736,-0.009041997619681432,-0.0013222072667759958,0.0031878667835715437,-0.0016290781171002717,-0.016891499038018096,-0.021955373911298957,-0.016002002714909983
2016-10-05,0.006679773162372589,0.005710369002917079,0.0038592337391468653,-0.0017847929052856191,0.0031223445210907526,0.0148976740826862,0.004417409418483316,-0.017969806860765047,-0.002460215705737976,-0.0195150997449628
2016-10-06,0.007470132444563965,-0.0005755451265445746,0.0005187031348663046,0.0011716118526797308,-0.0038683289959099065,0.0005839491257947355,0.0022450186133732776,-0.0008493563246354552,-0.0001670502923378157,0.0020998966179230916
2016-10-07,-0.018254011995457575,-0.01220340375215084,-0.004409532858474486,-0.0018788525783227509,0.0009143745341255273,0.0007064545085038476,-0.0023324365271886528,-0.004440505745036913,-0.0007101158272845789,-0.00225755674311718
2016-10-10,0.004645555642328459,6.028148388601227e-05,0.0009150122968217799,0.00016751071727059218,0.004008534598876421,0.004992045551548161,0.00685706816036568,0.004137062073885625,0.008281212888846817,0.005033075134633257
2016-10-11,-0.012938951875373965,-0.01005725908551893,-0.011450036473788353,-0.005788196124628953,-0.02542533023025372,-0.010657516898554032,-0.011826903306509698,-0.0019447427477372163,-0.011839375745044088,-0.008560777543057684
2016-10-12,-0.002401909613326769,0.0016832806736473574,0.0039000521928923503,0.005043160653238899,-0.005568735527327884,0.0014810585857175007,0.0006021810867851528,0.005883269255967632,0.009848187344643097,0.012996100551824565
2016-10-13,-0.004924651109144243,0.00022283863619494535,-0.003214449801102671,0.00013042696884327617,0.0006051765392190126,-0.011036810896459765,-0.006189845355888417,6.043907095262415e-05,0.012503510308119397,0.00519292833345562
2016-10-14,0.0036183432891939383,0.0018215924055317938,-0.0015951764881911034,0.0008752511961819812,-0.006851296815923371,0.004944412943256107,0.004633417534659497,-0.0015734359951356414,-0.005551596808318882,-0.0027489659034521515
2016-10-17,0.0007564859266803553,-0.0021457883484896595,-0.007772969748445138,-0.004178000954143531,-0.0020284674379453327,-0.004071925100003793,-0.0027295913937477267,0.0018153402533411835,0.005469558290656886,0.001193901093182092
2016-10-18,0.009339984773996933,0.0019233553090823655,0.005839362610879877,0.0029860340280356778,0.010631564501850908,0.007632887926314116,0.006503547814300909,0.0014498295063323974,0.008168978912166952,0.005432140522154497
2016-10-19,0.007227123962250352,0.0032914459776737363,0.00494637704812842,-0.006674994412388198,-0.003444772518658352,0.008403056763526621,0.00016267996411401726,0.0018697440193467065,-0.0021582838749977335,0.0033993769440587127
2016-10-20,-0.0005749427008840525,-0.005336394135910587,-0.0014654584104264398,-0.0015207084106631295,0.005021146676385693,-0.00018391747452133577,-0.0023300686865674407,-0.020330675165610497,-0.0006524902821530796,-0.0034510229234778786
2016-10-21,-0.001083081854586387,-0.0016430141255624165,0.007653636942392592,0.005022673970713439,-0.00883770156270942,3.06864464538782e-05,0.00572761455350888,-0.02351877754607145,-0.005276166237354248,-0.001187411935903894
2016-10-24,0.002469049003983809,0.00259513717485888,0.007155800348332382,0.007153049800542836,-0.0013791025827116239,0.003855156507958694,0.01208485166636377,-0.00796410577033177,0.0038882559186451658,0.002682648440329128
2016-10-25,-0.009981079824595033,-0.003996883380980704,-0.011944398797613413,0.0029468117105036573,-0.003100456714358957,-0.002262345404257287,-0.0035297603467957326,-0.005600147550570399,0.005174514960683843,-0.0024760715467845346
2016-10-26,-0.0010582470176235545,0.004138625870951348,-0.004284712339031494,-1.841181179901808e-05,-0.006945456569648244,0.006163596359615006,-0.005330553886136164,-0.005824226458100546,0.002192065818240806,-0.012839021861472963
2016-10-27,-0.0006491704380605207,-0.007335450835613214,-0.0086892670140384,-0.005065257776347508,0.0052604825506033575,0.0020664380441229083,-0.004447312173734887,0.015983082736572025,-0.005326180178062313,-0.02478805342953833
2016-10-28,0.001570902131470668,0.0064239690262191795,-0.0022567324240855063,0.0046764973866427265,-0.021988666169659804,-0.004045623288251856,-0.0003621843873643534,-0.002720107550974539,0.0026462871279430513,0.0028382420722065896
2016-10-31,0.0006481517855625776,0.0019232385025325515,0.0014030257611027388,0.0021084058535530306,-0.00554459354623744,-0.0010368271842138492,-2.492786641715794e-05,-0.0005068861161167816,0.019647175296751737,0.013702491828789036
2016-11-01,-0.004580096102428368,-0.008163619752617726,-0.008431665790452632,-0.004740832709824382,-0.004839831937927882,-0.003913058023872825,-0.008227192773706952,-0.010383846382403559,-0.0178192192414561,-0.020463232761033085
2016-11-02,-0.005840874436169211,-0.004025057114410424,-0.00576977507353212,-0.0017464377305384357,-0.004863369876953735,-0.007934067419134381,-0.006785506085971767,-0.012241691219713453,-0.012907574053385277,-0.014588519684380479
2016-11-03,-0.0001033781139567596,-0.002808784019329202,-0.0024713149398020795,-0.006473539661966299,-0.010322111772644485,0.001449967714505492,-0.010028429586781124,-0.00032410148934097955,0.0034064665688628916,-0.00542306657071873
2016-11-04,0.0034059524273785885,0.001702617049752388,-0.0021818053212119596,-0.009893454283617178,0.007556534350127073,-0.00469713180255502,-0.004016565387993467,0.00025930937876178294,-0.0036120585394169855,0.007605844498681969
2016-11-07,0.014220372896967454,0.02417709550314676,0.022795009960414107,0.01729632746075919,0.024009943137234226,0.02571654418767944,0.023056962899200895,0.008521175393423404,0.017607922174558283,0.017346665590818766
2016-11-08,0.003279083656625949,0.005844630625751014,0.004772198700116259,0.004522802103626641,0.0020795749962867587,0.0015082959118848814,0.004688434682313621,0.006343469314838627,0.007045543321120096,0.005822490887499918
2016-11-09,0.021039408143195465,0.023314959316574093,0.0018354634100062226,-0.01334912807946586,0.03372717387695338,0.03988711907708451,-0.0024041732196414638,0.008649256596587544,-0.037482668566347,-0.023114593966925907
2016-11-10,0.009865255740103647,0.020349511088330944,0.003311394025321275,-0.02834327441954719,0.011845815978605293,0.03637594357916674,-0.016049493492480933,-0.023578697613718426,-0.024966498299413498,-0.015324544026284564
2016-11-11,-0.01324180085157193,0.002870879552893898,0.0063847827384546,-0.0016016851560699576,-0.015059744002582042,0.003874687074032745,0.004727881157568044,-0.000908084543059896,-0.0038507402185990382,0.001382781837811157
2016-11-14,0.0021199566117048613,0.004130188076456439,-0.0006319401292296296,-0.0027073374927256266,-0.003273493765277975,0.022611959098200508,-0.01726518058092785,-0.008799183881863768,-0.002317634277424745,0.018835436674113457
2016-11-15,0.0041933958250809245,0.003303229951668694,0.0033918241355765564,0.006927855591007584,0.0027819631325476006,0.0005438809298753791,0.01302128345620396,0.020797009111339207,0.016830021864275027,-0.006530263380018188
2016-11-16,-0.0011538355239551522,-0.006674257534635187,0.005434307809304621,-0.00011538879845816531,-0.004780871937291479,-0.014264615944201439,0.009189202751648237,0.010333670274339913,-0.008230444789798815,-0.0011472329985541257
2016-11-17,-0.0004950238922922954,0.0021224497952418973,0.01209723476698768,-0.0016746943256376492,0.004387428369398831,0.01241434560677258,0.006915222337899868,0.002155286652963049,-0.0007244600444808231,-0.009832235881593909
2016-11-18,-0.0019821460158426546,-7.568299136994261e-05,-0.003332780103875112,-0.003860561505257599,-0.011452595981472342,0.0008439326664146147,-0.0022327479839065047,0.005305029224088423,-0.003330834222486861,0.0018750148021133954
2016-11-21,0.012422923683473705,0.004966734654765764,0.006284165903635668,0.007149605841561538,0.0029685035286535727,0.003097364577618727,0.010605097374250538,0.0064042680995612285,0.010848182909713682,-0.0017094357826013637
2016-11-22,0.006283878311599759,0.004829600722391998,0.012253047824787582,0.005075645355302085,-0.014088294913296821,0.0010303541632458724,0.0012045670709467805,0.020565685634893933,0.002577704818484597,0.016747313147141916
2016-11-23,0.004695165117676955,0.00786167293367213,0.001005412977401106,-0.005844080778239747,0.003816464248474962,0.005513252496345427,-0.005238475135120981,0.007756407463316354,-0.009115034583058535,-0.007025944659101202
2016-11-25,0.003096547893888899,0.004861485374503612,0.0027370013431807093,0.007867170686008972,0.004113892453317523,0.0024495729194884824,0.0037481097577075936,0.010470098853071935,0.014166600666791852,0.004362942077353917
2016-11-28,-0.004939552983700624,-0.007394330892510999,-0.008371424977761107,0.0016194107673547086,-0.008584573611424772,-0.013997259515833735,-0.0009325980793712199,0.008094727650044686,0.0195844465208576,0.0030428887562567305
2016-11-29,0.0008410574321724191,0.0007642123293832993,0.0018205364791864143,0.00024744216949709426,0.006523446462508549,0.0023691721002739507,0.0017525322067930768,-0.0031102620240162633,0.003165552865491513,0.006704849482623392
2016-11-30,0.010678800062978049,-0.0005777985263922784,-0.008750458445608976,-0.01659881385065497,-0.009536103846720784,0.01321305550097925,-0.011679353757569686,-0.021434541684125407,-0.03232747917163479,-0.012417768084408082
2016-12-01,-9.598227293880496e-05,0.007763049141338506,0.0008630883358444044,-0.006775850757806198,-0.007616079602490828,0.016452711447126893,-0.02313301341662984,0.002933423454083947,-0.009071053663915937,-0.015728439878643394
2016-12-02,0.00035195504555018584,-0.0007032569920301364,-0.0056234830825663985,0.007008008009842534,0.003111741587455319,-0.009471219266703931,0.0043367935527815794,-0.0034843820968011767,0.00915579237151498,0.011463348338374306
2016-12-05,0.00793285188793567,-0.0011854506753223638,0.009713080704302858,0.0007541980506156569,-0.0016118332224675886,0.011555042959640443,0.01029166390047465,0.00012249263272585392,0.0021596407718961377,0.007533552508061423
2016-12-06,0.0007295293581565737,0.0025175602353607264,0.0031403264968169705,0.0032615169138253872,0.002423118283321912,0.009493397238968027,0.001911557962778131,0.01452780186027482,-0.0024987681051667596,0.0031494478875448585
2016-12-07,0.014668662556079909,0.017647687231292716,0.018367484639004387,0.014669969962877501,-0.008257477339633867,0.015641930731459027,0.018781429578269768,0.023321298989314954,0.012054878760486965,0.021878731446135627
2016-12-08,0.006882150862144671,-0.005044435065147199,0.0006154413291897693,-0.004510031791788502,0.001672326662285067,0.00913148980444379,0.0035436242798772078,-0.002833841401262379,0.002468927294291216,0.004604009582802474
2016-12-09,-0.0005588352839929935,0.00479006647171039,0.0020538587239595577,0.013488364808251682,0.01225824918527106,0.001272297208255298,0.006976108812736149,0.002539093366409653,0.01031149507158491,-0.0007922562088879205
2016-12-12,-0.004107093141099075,-0.003749954465953632,-0.008029463361069621,0.0049367150292732144,0.005089693681617405,-0.009171203039498022,-0.003901114300337329,0.01079250477165714,0.01012440403790815,0.009413902742901305
2016-12-13,-0.0022474061255256554,-0.0013322150342762354,0.008239132049665414,0.004278699897049436,0.006671555649241941,0.002102260245482596,0.012230670714195051,0.008886358765770366,0.010387643708965007,0.002196149524430391
2016-12-14,-0.012072189738188528,-0.009799911098624587,-0.006534608832926333,-0.01045806832845689,-0.004242665184252462,-0.005727464927572052,-0.002500123658429113,-0.01022913598254235,-0.020636145536848095,-0.019354663116770796
2016-12-15,0.007091222153804845,0.0002950917884044929,-0.0025351887689813797,0.004849004100474748,0.005872532625803738,0.010097219452331864,0.0035106206441341613,0.006579574319509649,0.0061452587295231665,-0.00716119121099019
2016-12-16,-0.004027945287138022,-0.0015868896161479273,-0.0045583840109456545,0.00506826725355503,0.0014161444551524262,-0.008835855908943056,-0.0075483950682924085,0.006363587942348857,0.012300154904291202,0.011995345944838037
2016-12-19,-0.0012936523347304768,0.005910081803515151,0.002077308890298121,0.001491235048206934,-0.005152604037988991,0.0009769988615858673,0.006123714743953847,0.01066891253286647,0.003729525029142343,0.009598762155954501
2016-12-20,0.000820486215145174,0.0062220428348364306,0.007815593489497544,-0.003040801034916566,-0.0004617925417784471,0.011168226217131061,0.0031753797654989983,0.005632480044856413,0.0011727089148942948,0.0007345579150494493
2016-12-21,0.0009144640930677034,-0.004039932590979727,-0.0004961133835047955,1.8701628068406253e-05,-0.006022943351994787,-0.0024173042527022163,-0.0017871662744126011,-0.0036945158430223544,-0.0037656906385346582,-0.013305392973300483
2016-12-22,-0.004802198642128734,-0.002384031227998709,-0.010140804860688859,-0.0012712521501540054,0.0016439954683109942,-0.0026530169370768764,-0.003071249271339915,0.010141404806720194,0.003401900025193003,-0.00122321900997445
2016-12-23,0.0013608441611956308,0.0006974742328760946,-0.0024334059489465377,0.0014394370517766396,0.007806148102172541,0.0014039498213156347,0.0007077263145563926,0.0009579031475887256,-8.08192032296249e-05,0.0006383737856214284
2016-12-27,0.004638333492249398,0.001558316139165548,0.003496156067771396,0.00018673761686325202,0.0013426947074564569,0.001198142287832504,0.004454317592417666,-0.0011270199291505082,-4.04737501872478e-05,0.002655620868326216
2016-12-28,-0.010188353245547087,-0.009923245730054028,-0.006301796472951278,-0.0061260031704191455,-0.00725735145788691,-0.010371857077786425,-0.008781630114484114,-0.003445069502954498,-0.00983347291549662,-0.008683457138711296
2016-12-29,0.0001589613904763692,-0.00038854673169824033,-0.0014976187289452566,0.0039572201733793595,0.001000761648721658,-0.007311809205222058,-0.0004043658251783001,0.004065053252218358,0.012740574030291215,0.008842563875307359
2016-12-30,-0.007436359474016339,-0.004080373916680391,-0.009356794946419219,-0.004652732460766623,-0.003670025989917113,0.002331108318918642,-0.009877363151128957,-0.004913987273585178,-0.004849853691400794,0.00881759824036128
2017-01-03,0.007022890794007314,0.006612924325027553,0.0061402133766286955,0.0028729997283636027,0.013869819802331462,0.009731807399473177,0.008835145148827217,0.018846261951717503,-0.003002540176325898,0.003934844230207265
2017-01-04,0.013774198825928412,0.0053031073537948056,0.01321370917211168,0.0006747616967592764,0.006931020268420666,0.008546312967322181,0.003539237729438283,-0.002949273298276255,0.0033266047887322184,0.012333361469684495
2017-01-05,-0.0026390097937195396,-0.0036612710877279393,-0.0006512426091238824,0.0025450747116958056,0.004818465979840219,-0.010213028471604194,0.002149263529469917,-0.00044594109085849455,0.0009715024670545935,0.00515863908250174
2017-01-06,0.0,0.005422667758721355,0.004323622620969407,0.00044855981746312243,0.0032481505392249533,0.0038165291111028456,0.009506079436914488,-0.027069113434333898,0.0032720548527547548,-0.0002058794045500763
2017-01-09,9.436694165030147e-05,-0.006916896478056194,-0.0006639642611362376,-0.006898748292965565,0.0044400211126456686,-0.007828048425543719,0.001943550432343396,-0.011407030967694751,-0.013152765079320103,-0.006453800523817287
2017-01-10,0.0006603193657885396,0.003151681234574349,0.0039771888937951225,-0.006018834210761537,0.0033442605016974023,0.0038575333329702653,-0.0007479733717358369,0.0005213099475332644,-0.0027415699930123005,-0.012981389201123076
2017-01-11,0.008358075333824943,0.005578467773161177,0.002207769575042707,0.0024194876681641253,-0.010482245152984801,0.004583955317633205,0.006543914629541489,-0.004876338262954135,0.009664254928098661,-0.004839383621647519
2017-01-12,-0.0021220891091558967,-0.0036114153406759265,-0.0003151235567288527,-0.0006232323390392259,0.0007087814495900032,-0.007411372944418731,-0.002737493163116629,0.006265259201061417,0.0012572142482490081,0.0039468543491283795
2017-01-13,-0.00212650641207532,0.0032454523926854642,0.0030566530277117,-0.00034007724082634475,0.0010744084317250028,0.005467663100884368,0.0027254914061763196,-0.001446801390423425,-0.0016630706633334906,-0.002418844632612959
2017-01-17,-0.0033867089171859097,-0.007865861698853968,0.002211824136277554,0.013383722751876565,-0.004500646810496168,-0.02307347416163161,-0.0035795042703293755,0.0038150546972194384,0.011503853734241001,0.008336202272767502
2017-01-18,0.005888096288931715,0.003701713789095987,-0.0019276041978011377,0.0026814206049621597,-0.0012510820023665203,0.007854459370507947,0.0032677008392245055,-0.007760934989941306,-0.0016468329315489718,0.0017735859803221401
2017-01-19,-0.006233737505001056,0.005865141760568948,-0.003370916083559627,-0.003707450318433554,-0.006278845602960493,-0.006022301940118471,-0.002521931711744982,0.0032506997029776268,-0.008720938672589098,-0.009951862538735921
2017-01-20,0.00863533871070744,-0.00036558619453038577,0.0024133030121606283,0.006808138742030962,-0.002931295982465212,0.004695792200046387,0.005169021066069794,0.008540623901521271,0.001499261223343458,0.00681989335704587
2017-01-23,0.0021472333594615336,-0.006989631278004908,0.0006585088479649081,-0.0011870778727236873,-0.004481614420838164,-0.005847028400855619,0.0006338281988963374,0.004757966111503767,-0.004870720084623971,0.005838493916639473
2017-01-24,0.025019320806482892,0.010110937694294123,0.008120664737095816,0.007562492896068857,-0.006528481499753688,0.01207400588752292,0.010240258639558008,-0.027070182891494796,0.0,0.0
2017-01-25,0.007129556629263729,0.010316383074331402,0.005829975046930899,0.00016582126899805164,0.008604218472560434,0.016316462081447294,0.010663438135983092,-0.0023531345660287336,-0.00020347535604580522,-0.006152223039011818
2017-01-26,0.0023751962471969877,0.0025940394552436703,0.002313683921386899,-0.004134162252913547,-0.007115011849914041,0.0029474653524998035,-0.0020860314430551676,0.00023560771263263444,0.00028480424278256884,-0.0003661949725829119
2017-01-27,-0.0028569608509706602,-0.001890907208308679,-0.0029777548028358555,-0.006326326016640866,0.008008552961956204,-0.004322547781720881,0.0033028927469966143,0.006865609004290128,-0.0001627264790956443,-0.008986616169142812
2017-01-30,-0.010475170709212153,-0.007653686544771883,-0.0008124018467859482,0.0006140138545319359,-0.004151920103622563,-0.007083403969736704,-0.008230607074181303,-0.00468935829380815,0.00040685965684912015,-0.004921517587607906
2017-01-31,-0.0063810081471055375,-0.009361476643812372,-0.002781691444824104,0.0034721198597500312,0.013965799014762638,-0.006849703823805145,-0.006113892123044871,0.0013504140533542315,0.01601906917162155,0.007873461221294356
2017-02-01,0.005680840760292722,-0.001412763502953758,-0.0017350435404785646,-0.005706613914641685,0.007087296556435739,0.0003616413447422445,0.007468743011776984,-0.007124961552146292,-0.017443740621171447,-0.01148737173694605
2017-02-02,-0.005282730526349331,-0.0026656715176850625,-0.0007572697255175761,0.007891381794310695,0.0012677684556838616,-0.004348826937194245,0.0002472432054034424,-0.012607178582586354,0.009526801857852103,0.012381745937567272
2017-02-03,0.0017742413370677801,0.007720275123612093,-0.0010848841163411688,0.005275570003859527,0.0058908067953442125,0.0196769862648384,0.006792147829209813,0.0038823037243180367,0.0011693514625917155,0.005611027422900267
2017-02-06,-0.002601198252556369,0.0004931368361788563,-0.0030231961805808594,-0.0042403968753365,-0.0004724329549150496,-0.0034909260734967587,0.0014019655695481214,-0.008080284144465034,-0.0015325870613830301,-0.005926588131630126
2017-02-07,-0.007906174740390043,0.0016600960909138964,-0.0013730885855331016,0.008206460058973563,0.0008962497190031194,-0.0024023176491902005,0.0041127491219615335,0.000420628631464913,0.001975789431645977,-0.002106420747566861
2017-02-08,0.0022521133605585444,-0.0011672023188153047,0.006134524690639299,0.004005093728036029,-0.001405233560896925,-0.007576895326656547,0.0016612468501116878,0.0030588988404002784,0.009062515034606325,0.008817145011135437
2017-02-09,-0.0003698416213302976,0.0073638480638587266,0.006819873831298615,0.003825445122807277,0.004354556217818708,0.013622742463097024,0.002851337172257801,0.0049583532852451005,-0.008418196319730818,0.0034947648175279924
2017-02-10,0.009113897233652869,0.007453907709212813,0.0054254004151516886,-0.0006365217841746338,0.001194162206044869,0.002387854695187946,0.00220832440138283,0.002559191580768607,0.006140277185449394,0.005607791884677206
2017-02-13,0.006455249401414857,0.009841013872709223,0.0010259296110691984,0.000491025582217836,0.006428774463513616,0.011076841104763428,0.0064695284892879006,-0.012681174675937608,0.004072691809553779,0.004855393897065752
2017-02-14,0.0009100743537604215,0.0006051259895050005,0.0058568244785585566,0.0008906242424241075,0.007279934421647391,0.012319671418265057,0.0028416047909592393,-0.001084097420543922,-0.007318722458290081,-0.00526971794572389
2017-02-15,-0.001608421147863646,0.004704430700902937,0.005026117049617745,0.008196597926645679,0.011621116297945992,0.007408173112275035,0.003951109965279724,0.0026480662543701804,-0.003860880355904996,-0.002957008488906498
2017-02-16,-0.0005468242747107859,0.00021249732972117267,-0.004443738144241333,0.0007025582202866277,-0.0014349391417842097,-0.0014032791183381426,0.002106158932067044,0.004557422718458021,0.009424786890617102,0.004302875274652588
2017-02-17,-0.002708300319363345,0.0017337427131042277,0.002906640737151436,0.006604817138331406,0.0011292862177681032,-0.00029575348076532794,0.002487552175836173,0.008993744395679288,0.0006384214274880461,0.0027895902985901923
2017-02-21,0.003740970597678772,0.004778872957367082,0.005975615906368047,0.010003278466144152,0.0046802284196444015,0.004622478596207891,0.005216265065224297,0.005970930647347445,0.010752605261395966,0.013221400856820477
2017-02-22,0.002758717123940609,-0.0029069450320868624,0.0002307449166573681,-0.001276041345457731,-0.0014170122073710464,0.0007356996611915078,0.001601244005680608,0.0005891865426819778,0.004095918854477925,-0.003059151180552949
2017-02-23,-0.005738200635958796,-0.007739954630950124,-0.007048442033441482,0.002461925414411798,0.007390725799228872,0.0009309903299054309,-0.0011160919722800566,0.009556015336035218,0.010439417756749588,0.006312087459089197
2017-02-24,0.0024025208918266806,0.00470075888361296,0.004246588007366193,0.0041132645265379835,0.004283261044002419,-0.0075714775117900176,0.001972064896280384,0.0071509606617337525,0.013790153019917468,0.004758473989791047
2017-02-27,-0.003560225426803927,0.002933335134650031,0.0003615041542180918,-0.005511691089925942,0.0038611922777536853,0.004530121606433464,-0.000687016282431664,-0.012240001552537188,-0.005771022182183252,0.004836558998416962
2017-02-28,0.00024388762575357377,-0.004846461844637318,-0.0064834559879870714,0.0022648302621792234,-0.0023912901211177403,-0.001745587751966022,-0.004075148220671027,-0.004408011963778747,0.009332374065096502,-0.002868901639183678
2017-03-01,0.018060350024206404,0.016302879487922667,0.010019315541480134,0.003792837851259,0.010355513777367086,0.028049192923222232,0.014653703034790102,0.004583921769566566,-0.009911406534064904,-0.0032815574393210306
2017-03-02,-0.01059131041189058,-0.0097286193540752,-0.0014850161842930253,-0.0001760474451335467,-0.0023034599840266443,-0.014800122442893113,-0.006755548819791433,0.0005275438279776385,0.007385268813339449,-0.002734421781532956
2017-03-03,-0.0012712118182278938,0.0007395107046172191,-0.002123116096323727,-0.0038818768555836276,0.00393899942816563,0.003926292900151141,0.001883611597706763,0.00017578611578148045,-0.0034935009136505043,-0.003963088406706736
2017-03-06,-0.006624623659493104,-0.00319097196869993,-0.003476133505565256,-0.004358579492137533,-0.0044439484328473704,-0.006284586909583057,-0.0016367095071026692,-0.0021115651863675383,-0.0018476890384332423,-0.004029863908135892
2017-03-07,-0.005687000484347354,-0.003201186874979948,-0.003298905748025774,-0.0011014891275985847,-0.0067031017341294226,-0.0028763492526690413,0.0014575000160274964,-0.007366624455953961,3.85651053097761e-05,-0.0032766739876408887
2017-03-08,0.0007049318203058439,-0.003513597453666372,0.003124790333155267,-0.002865993964615631,0.0030807222608784006,-0.00012203306202205679,0.0010077639679546397,-0.004149119532071246,-0.015530674166046107,-0.014983457016640658
2017-03-09,-0.004145040542011002,-0.004614878578323932,-0.0003192608200194284,0.0021724681035777526,0.005972855321488613,0.0030713995847935502,-0.0005821169589417054,0.004030786062529832,-0.002389770649839955,-0.012888566731663376
2017-03-10,0.004175711005833044,0.0066393040626919085,0.0013490767485683016,0.004419467682422122,0.0036236904992443765,-0.00034076811631703025,0.005149308263385423,0.006662593033019193,0.008008649364079835,-0.001741664689964873
2017-03-13,0.0029982613922002067,-0.0009228777082733108,0.0019985305391978236,-0.0013467584301700111,-0.0015415874374846215,0.0005355042839617609,0.0011579887848617795,0.001526685639010361,0.002331933028750293,0.0003697342130235472
2017-03-14,-0.008189894197623131,-0.009187103465074951,0.0002025469714584908,-0.0016683574192823628,-0.003262388737518034,-0.0011687631958520483,-0.00255160845173425,-0.0048818529166937494,-0.0008932986429433906,-0.0015325315123907665
2017-03-15,0.015646313777355945,0.011049857822584726,0.005064177674919754,0.0074857322125692835,0.011762972579817014,-0.0013408288422068323,0.00599548473197783,0.013528346010370122,0.01626365927225488,0.01896343022294378
2017-03-16,-0.006326784113612154,-0.0036400585783273333,0.0004892332128942108,0.00047595210952681505,-0.009014998146085366,0.0031421114864765955,0.00231509849568342,-0.0032044950946347145,-0.010916033973702692,-0.0029102178025298743
2017-03-17,0.005052525271865878,0.004419624244359321,0.0009058237129381524,-0.0016402134802447443,-0.00531954410180144,-0.010610633907141325,0.0006415479787265716,0.005470550984521567,0.00574190006005931,0.0018198684813144237
2017-03-20,0.003878553928034469,-0.0019323468427954083,-0.002475009550850606,0.0011642613707179019,-0.0021058286918862836,-0.00898678819122108,0.0010277923361389134,-0.0036631426290620267,-0.006785880619805414,0.0012978587156000124
2017-03-21,-0.01683476433956491,-0.015377997432511371,-0.012467508169472157,-0.0017999926234145566,-0.007887178007723095,-0.029113753499812507,-0.014844956903403157,-0.005432054861863186,0.0139458430716758,-0.001557648571090006
2017-03-22,0.0026721818390706385,0.0037589695942865453,0.0012100875192804816,-0.001396276194971834,0.0007660386431425171,-0.001993556838355277,0.007928436998151555,-0.010243248831770314,0.0038079329200820917,0.0018170341327156878
2017-03-23,0.004468365855879274,-0.00147316441852261,0.0019068799541232554,-0.0025147141245242138,-0.0036495712544085323,0.0021978436203084423,-0.003230795829399316,-0.0008287420671775625,-0.0024353455744784707,0.007132128218225475
2017-03-24,-0.009419148127260206,-0.002880661016128798,0.0017145328538510306,-0.002627822791084667,-0.00025616711447640277,-0.0009450399418591038,0.0004908605161040773,0.0008878794122340488,0.004030414423946621,-0.0014945414283031866
2017-03-27,0.0033544057811717874,-0.0035402501191690136,0.00020324673887301892,-0.0004978629820480924,0.0036272725099953467,-0.0048409714133466645,0.0010256100621449207,-0.007304262125599101,-0.0046020484037347185,-0.006260241045313089
2017-03-28,0.0109083883315228,0.010762349124297571,0.007648880118412019,0.002770966155675575,0.0005336345303760336,0.01356715594621924,0.007127484002821763,0.002083928590192819,0.0005716339797880957,0.004763462619226053
2017-03-29,-0.00012159173896039221,-0.000590925459224416,0.005630475451784986,0.0012762724368663887,-8.120227799860089e-05,-0.005435385325641136,0.0020555056984480945,-0.0017263959037869452,-0.004620676999743518,0.002527743775636521
2017-03-30,-0.00015194089213151933,0.00530558264014367,0.002703440529741349,-0.0024477298739013676,-4.6373918863197395e-05,0.012100185252500636,0.0014451719502492938,0.004043339634720795,-0.006836446752727004,0.0019045707626718048
2017-03-31,-0.0007297863480981652,-0.002944082139625454,0.00025707730963599667,-0.002329113432987268,-0.0026832216653471584,-0.007196925492592022,-0.0010036487703182961,-0.00499710501072082,0.0029630368104367963,0.004873413205288364
2017-04-03,-0.003931938919790211,-0.0022002646310581436,-0.004565992791392635,-0.0015498130801284852,0.0009068632281360712,-0.002918731343937445,-0.0014576859712466118,0.003987824409065208,0.0,0.0010740427891481469
2017-04-04,0.0039927438517852725,0.001914259476434504,-0.001421266678773264,0.002599524277931914,-0.0004998793682223095,-0.0020354376807103975,-7.736855452381496e-05,0.0032616058148919225,0.0032990108780649404,-0.003020590276210744
2017-04-05,-0.0013088186414534034,-0.0030969681831613826,-0.0022436978135067223,-0.0016016667880321442,-0.003354072243779741,-0.0070543673134787765,-0.003176937297000475,-0.004212480421789124,0.005233212135569622,0.0015882246465363993
2017-04-06,0.004891723697686073,0.0030612936105364782,0.0035501639982929395,-0.0008016876322870047,0.0013173523454126743,0.005576013842268488,-0.0004547119074380435,-0.01606272449197444,-0.0015251810792597735,0.0050044069981830044
2017-04-07,-0.0005760530313118269,0.0010362259624829215,-0.003521338594814362,0.0025633149883183505,0.0018042185346743948,-0.003398157493936119,-0.000676832773653248,0.00193159550463481,-0.005317778126730257,0.0016794495702091696
2017-04-10,0.0,0.002176033020551051,0.003550061846288331,0.002645618721676659,-0.0016061325452260168,-0.0025883431928180353,-0.0015106754903663744,-0.0030801443209513865,0.002145831976297964,0.006639556158593948
2017-04-11,-0.0022771100338962666,0.0015132875179003581,-0.0005022503707127551,0.0005317895297005427,-0.0017837607403662081,-0.0026464867263511255,-0.004378316637862322,0.0005442284469046533,-0.00022968210158923481,0.004234285574411509
2017-04-12,-0.012232942906415018,-0.013288368893104871,-0.004013035442803297,0.0045089907729340415,0.0002799993466935874,-0.008993652513328636,-0.003993949830744217,0.005666776761573063,0.007324018834158831,-0.0013590935130890565
2017-04-13,-0.009957412113464492,-0.006819950000086221,-0.00657919144835901,-0.005342343497670998,-0.002721706279711093,-0.012591945723897479,-0.003807405580423392,-0.0062110052084776955,-0.003655304275580403,-0.0022692173200316653
2017-04-17,0.007431140506744704,0.01016759877824522,0.009471897442742704,0.007140305481848054,0.0030949405533282496,0.0159093827826067,0.009686498957328421,0.0022958720683357373,0.004984685632201055,0.011544589458633247
2017-04-18,-0.0012038419266663782,-0.0027167873354901548,0.0004167198003784473,0.005076562032050833,-0.010161632825915562,-0.008340475689529265,-0.0007692463789519051,0.002350882046812185,0.0016308837913958489,0.0026912215696114233
2017-04-19,0.0008644072558477839,0.0012243958610381228,0.000961948852530483,-0.005763649081072003,0.0026470447830994207,-0.002612536503594962,-0.0007810108736460906,-0.001928476851760625,-0.00665363708800178,-0.002391847496733399
2017-04-20,0.010498341757290341,0.01077465765059298,0.009924487707408211,-0.0024878891056908698,0.0055068941559183295,0.015393565700453882,0.009729961352626507,-0.002597373534633612,-0.0038987149953594643,-0.0001996235177140679
2017-04-21,-0.00033600326532877217,0.0006229462866034022,-0.002033970488227609,-0.0023702197629912386,-0.004990065063246712,-0.009134843399314283,-6.631982681558117e-05,-0.01591157825795117,0.005347174679785398,-0.004801887297435145
2017-04-24,0.01175214389246993,0.013009207127100606,0.0060470448764601255,0.009605058070555344,0.009432000804034692,0.021678189173630895,0.012904963541567688,-0.0003687618955071739,0.00482613669588429,-0.009167481397881636
2017-04-25,0.015784736662076006,0.005376793533050953,0.008076610800792914,0.003309518374349343,0.00460754704946307,0.008258804278853952,0.00622245217191494,-0.0030168131667466496,-0.0009103074684058855,0.002274570488375099
2017-04-26,-0.000713519315591075,-0.0014333288863097517,0.004985233160713785,-0.008144564986844885,0.005012862332100125,0.0003784338334831144,-0.0026060795600783204,0.012195680797658228,-0.0038777004174262485,-0.008568957941856204
2017-04-27,-0.0021136053274854447,-0.00012246429132214794,0.005460740569585778,-0.0014639397312827215,0.0026004637027388948,-0.005158191205297863,0.006005544415075693,-0.013059288251925864,0.003042590926867024,0.0008143561687243225
2017-04-28,-0.007147860174728788,-0.004277710708758275,-0.004288111513135995,-3.533586035375399e-05,0.002352968718469448,-0.009449509085372499,0.00332332016552331,-0.0106089742798119,-0.004452929133405179,-0.005970767163069331
2017-05-01,-0.001201382889478345,-0.0033084728811737696,0.0006973695694217576,-0.005114113389301071,0.0014777991464271568,0.005105177389087381,0.008431158506628145,-0.007889799667016868,-0.006544067299344879,0.0062251514804563795
2017-05-02,0.002161322977241387,0.005397021670999935,0.0018387325708715415,-0.005515111982043315,0.003097506750130983,-0.00030556433509321406,0.00303960347254402,-0.0005030612432741879,0.0025307673129428996,0.0008135642061546343
2017-05-03,-0.010005136615669336,0.0007535997311016167,-0.005918237166748231,0.001319244035235294,-0.003796033944419377,0.0059672245711326465,-0.0013320334970057255,-0.006436192402549547,-0.004914199041003703,-0.012633476103184172
2017-05-04,0.001755088995223982,0.000455414452655159,-0.0010925150221718172,0.007737888675594916,0.005905026091785317,0.0022254387939789756,0.00027721956246556457,-0.011396007969923702,0.004109649416462458,0.000771752243196099
2017-05-05,0.014199571869231875,0.005622854604951237,0.005548424290863314,0.0024542536933635814,-0.0005923090592697822,-0.0010362395100774553,0.003118625141681095,0.014429925538342794,0.005580381843582184,0.007430088324162191
2017-05-08,-0.009012740731250031,-0.002999604108134619,0.0024916361900769557,-0.0003174754089535638,-0.005736656306033107,-0.0010373144163563263,0.004178385121433996,0.002206501153792218,-0.0006099327064023282,-0.005426158824078823
2017-05-09,-0.007153976784000855,0.0019542076409149937,0.0048126465313506174,-0.003959403965387691,0.0007789952083438515,-0.004541312704876081,0.0015227811258359126,-0.00606372951769649,-0.008772186551566395,-0.004114824383746333
2017-05-10,0.0035984931709786543,-0.003929758581000282,-0.0027710059475240124,0.0004781180052575639,-0.003360915158567328,0.002666400206444405,0.0038178803163821844,0.00291014765232753,0.0016145740784097623,0.005858485158426133
2017-05-11,-0.0026598319038620526,-0.00029751360569693706,-0.005983774965967646,0.0008847365602415199,0.0005398518399101794,-0.005314485805359757,-0.0014958686057418658,-0.004812634507012198,7.68976397845082e-05,-0.0051371734326451715
2017-05-12,-0.001726641320202445,-0.006497998283011717,-0.001816193109786375,-0.0023551599278316612,-0.0018736232712373575,-0.004522958592295257,0.0031682172016257973,-0.0006349028474298985,0.005095452188499979,-0.00381859945755426
2017-05-15,0.008393005266181145,0.004535504060666872,-0.00013980448902717866,0.003892729441048833,0.005884906170780979,0.007704877799011623,0.005564737066418301,-0.0024165664085319303,0.003623860888076933,0.0034064738081874555
2017-05-16,-6.009745239532247e-05,-0.0012637014911800822,-0.0032638121769594103,-0.00183836987549545,-0.0038964091895344923,0.001675987332368777,0.004941360311788105,-0.0060669915239822975,-0.008028203103999113,-0.005269445855648605
2017-05-17,-0.021578123461122124,-0.020779115487106817,-0.016209634885370725,-0.0017175683581487646,-0.012757767041482543,-0.03089374456009528,-0.028350951850876223,-0.01816408509346421,0.002453574677161502,0.006093527376798807
2017-05-18,-6.141206593383962e-05,0.0016123756055167681,0.005942909582491157,0.0006555141549280118,0.004131707030746062,0.0031091300260520523,0.005824226268502843,0.011995545770074494,0.0038596751316732525,0.002262611191992534
2017-05-19,0.008992268366861145,0.013495865211946985,0.005823248721304778,0.00535214476697509,0.0027989701127797795,0.008339175693471857,0.004944121293813716,0.008088436544735648,0.003198770310061703,0.005685474634597908
2017-05-22,0.0003348362905743667,0.006952132686412727,0.005439181216822741,0.006164258923375986,0.0023533240519730027,0.002970679839026244,0.00946964791895644,0.0008307373878690082,0.008970464265110537,0.0026524080054413984
2017-05-23,0.001490351560083501,0.001962459801852653,-0.00404495619328515,0.0007176396949293199,0.003473765845983602,0.008092202203774301,0.0007964639776125744,0.0013406540254866331,0.0023334413625261327,0.0008147241277926019
2017-05-24,0.006845429752295063,0.0005949283019868159,0.003526214476856261,0.0048172005307355785,0.0023740668669840867,-0.0004094678743837923,0.004755008663128111,-0.006721120273320448,0.006743825971672175,0.006342140501406506
2017-05-25,-0.0019337210457450603,0.006174003762558171,0.009254872890277785,0.007009620068530176,0.004503227681362264,0.0024287371425330065,0.007799284470302596,0.0035262293768012908,0.0069953955326400976,0.0036349051231859835
2017-05-26,0.0028690404401260665,0.0009384068234832768,0.003065964707677261,0.0032625019495478537,-0.00211197499456923,-0.000638561462502465,0.00010348045044768362,-0.0016653507708866563,-0.0005563262329505516,-0.006471199324363859
2017-05-30,-0.0012372428480695496,-0.001321044096883913,9.697044307067923e-05,-0.00015516120096445774,-0.0014523523806354718,-0.007746260728710935,0.0030983117718918554,0.0140680981974246,0.003296423633750737,-0.003302307765414298
2017-05-31,0.0032256854945393273,0.001772591050333941,0.002462448584607527,0.0023757972088350007,0.004305258611909741,-0.008014250401082114,-0.00302590076598075,0.003533557271386484,0.004648461764373902,-0.0013239359835466897
2017-06-01,0.010866270259379671,0.006800321435963573,0.00858467493204553,0.007230322612826441,0.011770256027983773,0.011843609029517222,0.0028402800746259935,0.005966119391645293,0.00715170798357357,0.0038143720754706925
2017-06-02,0.00365527528219526,0.004902729772710164,0.004046625973969374,0.0034424494616070067,0.005827976564715765,-0.003700573244541711,0.010362868155964976,-0.0005637528484483058,0.0014241575664630161,0.008441418825419973
2017-06-05,-0.004638302909854211,-0.004368283465133346,-0.0033345240564733587,0.0009522635451516961,-0.0029378091767857223,0.0007978010708334895,0.0007244789718674454,-0.0014419345559673598,-0.0047919526853647705,-0.003428595450147639
2017-06-06,0.0012211395980076245,-0.006345575217920466,-0.008357690093537637,-0.00267195496084889,-0.0029127136825883326,-0.0041762198870760135,-0.0018172655399131491,-0.00043922101647554814,-0.0017616379844106846,-0.004454600477920455
2017-06-07,0.0010412665769990242,-0.0014059652375769999,0.0020546353876054317,-0.0007501405499488645,0.002744229273475196,0.008181353761100532,0.0026736569933668757,0.0008783448929292118,0.0030807490573794964,0.004707044956310081
2017-06-08,0.003324713287313155,0.003087009463081996,-0.0065093994721116665,-0.007893482915113515,-0.0020686796989453048,0.011312228761639577,0.0035402390410068808,-0.005786264117205997,-0.008827459073211566,-0.0041998117254201245
2017-06-09,0.013247956642933349,0.004112822747998405,-0.004321441624078373,-0.0004641692249315704,0.00629400476195287,0.019095958142404508,-0.02772878273057836,0.008729288645462522,-7.385012678236987e-05,0.004351355680872449
2017-06-12,-0.005278104501479431,0.00457680448582062,-0.0010727765695611085,-0.000550502876690739,-0.0013317918295515803,0.0016391094940789188,-0.008177076376302578,0.00896366098839538,-0.002219286685993596,0.005538181658648696
2017-06-13,0.0129693722734499,0.00346156301798271,0.006004112948808033,0.0003441129341818453,0.001287079180502872,0.004407253902727229,0.00847985168512303,-0.01034012198868995,0.0016279507938764131,0.0017056106479411
2017-06-14,-0.010620127966749382,-0.0009755973486539276,-0.0006514477980356922,0.005985406110521789,0.004608523260774229,0.0018511896593053068,-0.005305892603084012,0.0028136257261477072,0.005897569933813048,0.002902914172397725
2017-06-15,-0.009015964472363339,0.005532784553592849,-0.0044887410447910555,-0.0016942172451623026,-0.0009912881203060825,-0.003730512770341528,-0.0048174288345336986,0.0004369179230092648,0.005607178484407488,0.004487935882103872
2017-06-16,0.004076107051792303,0.0036376907447537104,-0.00027862285669028866,-0.00998398626834696,0.001414263042487756,-0.0010649543356186595,-0.0018468590329300308,-0.0010615266694068799,0.004812460646342622,-0.0011948300813232247
2017-06-19,0.00839498124238098,0.005566869200511692,0.008075872240198826,0.00495276086942891,0.010725717210934106,0.009739846641475156,0.016437867872790758,-0.002001201808432354,-0.003753165377080969,0.0013440740236322388
2017-06-20,-0.005657412201835408,-0.011608545967306563,-0.012600121262271452,-0.0037597794677716,0.0033194354196694185,-0.00813049653111662,-0.007823786584293934,-0.010383059934014756,0.0005109096357453926,-0.0020416990740282303
2017-06-21,-0.011292896340707344,-0.006696847134548516,0.0010630994702048751,-0.003930022616082351,0.012182552192651321,-0.007848056151703066,0.00671132192655524,-0.012219322168382372,-0.006442696759398174,-0.002295672832600012
2017-06-22,0.0017526162054283434,-0.0019265755184085151,-0.0018051724239458674,-0.006613865734578895,0.010481722743188622,-0.006403377401189141,0.0004680192590958419,-0.0008328041631242092,-0.004342845561353403,0.0005494399056201488
2017-06-23,0.003466259999417927,0.003883678845191771,-0.000938805109625832,0.0004714069506659363,-0.0009015292380861991,-0.004577491132363645,0.006663471205825494,-0.0021169956407797313,-0.003621111931040224,0.003937153672886532
2017-06-26,0.0032480204225887317,-0.0002572425114290529,0.0028278538337408363,0.003936892823485976,-0.0016010816162484824,0.0053299814859694115,-0.005935883394296895,0.006210116080178,0.007743596963295721,0.004664569898144997
2017-06-27,-0.006654958801400511,-0.008217063299125218,-0.007464825525107563,-0.008923693407431129,-0.009237353894762957,0.005127095745658664,-0.016827367714075593,-0.014399774847118714,-0.012604834705825518,-0.0038193754901121395
2017-06-28,0.008039534940366086,0.008885944591357869,0.00982455542640543,0.003973917873157538,0.0052395446164907695,0.015667710350812544,0.013132057890266221,0.0040709879035935115,-0.009530777467223321,-0.00029821342169252836
2017-06-29,-0.011309278384681773,-0.008228849092248879,-0.009725961202030158,-0.011810486882011738,-0.00890404069653813,0.0064624938296226715,-0.01849303260286031,-0.009915599435152522,-0.008220539734509306,-0.010444071050703264
2017-06-30,0.004604319176604986,0.007611379714115586,0.005575228618245057,0.002119302461714719,-0.0011118107272498593,-0.0005857563794931911,-0.001116052610339185,0.0031863050386686832,-0.0012503727656166274,-0.0003015113422498329
2017-07-03,0.00902793400725986,0.005901054970702107,-0.0018503051753761773,-0.0011474293779896799,0.0015147962558042709,0.013290547927404354,-0.00853383289138708,0.00859762776037588,-0.005397956250590235,0.009402444420051507
2017-07-05,-0.004149821639588251,0.0029120408076892665,-0.0024301756911721604,-0.0007066740658455309,0.0054082738245805175,0.0023582176548805163,0.010329494318229576,-0.0035464656896076743,-0.00401038758747459,-0.012069173678176557
2017-07-06,-0.004137470374802541,-0.009705483324012634,-0.010362811178860539,-0.00545871371161675,-0.013016222287154584,-0.00665586960544063,-0.00863615881631718,-0.02319836867019072,-0.0013402609414108586,-0.01902295409935166
2017-07-07,0.005139699949277062,0.007458355460640375,0.00822269134583701,-0.0005510626866099452,0.005667713382516109,0.005573727510406772,0.012450690988606378,-0.0038418398957744478,0.0014168731317091398,0.006449295472225106
2017-07-10,0.006226692393553117,0.0018389534488912256,0.0022104226911556315,-0.0069051224026533825,-0.002873617703603189,-0.00170981374924833,0.008120772251567994,-0.005056527939502549,-0.001608569251724533,-0.008659849932072973
2017-07-11,-0.0014944249349162662,-0.0003232735876509095,-0.001970866738147809,-0.002976627513711611,-0.0007661797889429049,-0.006820204557365181,0.003549786278534181,-0.006692569567610041,-0.00030662643833918033,-0.0020091158598145946
2017-07-12,0.011371450640195983,0.005735252984177738,0.007454598538625687,0.005515803962033643,0.0064834673301365315,0.001139935878909052,0.01300218708413443,0.004756376118947782,0.008437547162329147,0.012911360160668298
2017-07-13,-0.0009862998782689696,-0.00047391104126653943,0.0007830249875786276,7.139443526455495e-05,0.0008699775188903578,0.006041730232865943,0.0032962999993478414,-0.005696916269462101,-0.0035419558562585435,0.002034143793981405
2017-07-14,0.0050080755023368785,0.004678028721736888,0.0027912316535541604,0.007419182933057567,0.006360505203555232,-0.0051695036062906164,0.008897049479514405,0.0024167614647323307,0.0054030911223153805,0.010511527248278025
2017-07-17,0.00167344839869559,-0.0008934258080737774,0.0025471080255153036,0.0006909844650938572,-0.0030397599523482198,-0.0013086994052137872,0.00044838728275556144,0.0020095327943907147,0.003900998468866547,0.002109166526580895
2017-07-18,-0.004420460204641769,-0.0025666048930336922,0.004161701843494933,0.00023025812361583803,0.00048742975321114395,-0.0027927065733105976,0.005354818189436044,-0.009817890192042027,0.002755644137849963,-0.0011042576307611466
2017-07-19,0.010885721020161401,0.0015712095181206224,0.005081470156518249,0.003059126034433852,0.008002871538455485,0.0020892434730398926,0.005558152557187283,0.0036425574502617496,0.004700935701455588,0.007355372042539238
2017-07-20,-0.008369704020679604,-0.00609557692315141,-0.002620315375478973,-0.0007418781023449869,0.0061579516469492,-0.0005583400887989101,0.0004232180872364088,0.014040418179331203,0.006618908887062762,-0.003245671830187385
2017-07-21,2.882218155299076e-05,-0.002193262910509081,0.0011317471410136957,0.002576313815235562,-0.000630145066004601,-0.000267094117654239,-0.0007457638577115218,0.0002655904495429589,0.007611726470477768,0.002397821744366154
2017-07-24,-0.0013583656509771462,-0.00395669877513606,-0.003759031119742926,-0.0036723507236541136,-0.00095121679703673,0.0030555345486377476,0.002527132485740289,-0.010207225187982349,-0.009327664776001086,-0.0014979932735139894
2017-07-25,0.011501981840860464,-0.0006153490656781787,0.0073802595365347655,0.007296112414567451,-0.006770445644715715,0.012584256830782728,-0.0017511807496769284,0.0028791922683103926,-0.005090538515347232,0.0006494237278873585
2017-07-26,-0.006395973322178236,0.0015718414566124827,-0.00017869472361189137,0.00035114502623454706,-0.0031054637929010115,-0.0060918969150740255,0.0019924739745215162,0.029190067127546,0.008742802775799065,0.008106899710300196
2017-07-27,-0.004527721256332745,-0.005460897151605461,0.006945290757265821,0.0088774819454321,-0.006848755854317422,-0.00528240910548914,-0.008247265026627953,0.05070863431985043,0.002192358516480358,-0.000991239095144073
2017-07-28,-0.0035905358176263205,0.002143403008981534,-0.007426582996330593,-0.009175899131118773,0.005032782693091463,0.00029015867868783775,-0.0008924003957836497,-0.005012526677404782,-0.0014115033956656712,-0.0009921468915599888
2017-07-31,-0.00789235104400287,-0.0014055664514901647,-0.0006327880114439144,-0.0008608189160786797,-0.00126669960591128,0.006170397460612724,-0.005360919090130123,0.004024361676548345,0.0037472348072133906,-0.001191846752365786
2017-08-01,0.0016652034534395369,-0.00216362780557987,0.002171940875511797,-0.0009669861035226469,-0.002212342469275884,0.00806503044180525,0.0052493285068228495,0.0029615704081272704,0.004986826896907321,0.0038684706300417104
2017-08-02,0.0007002720964255302,0.004425270743434638,-0.0026399879745841516,-0.0007214217508295852,-0.002217247782715663,0.0005957132529586026,0.0048483862883942856,-0.013334000891395935,0.004558627760812018,-0.004465002985908805
2017-08-03,-0.007230820369598642,0.004644316022844568,-0.0029783306102502843,-0.001532639691274555,0.00170680698404,-0.0046081934527070325,-0.0034795686974838915,0.0008736857240405576,0.00420927723410579,-0.0026387149839154364
2017-08-04,0.004836167011551574,0.002331054465079462,0.0002485262779607728,-0.0018882209512674085,-0.002174859549187447,0.007201355885733802,0.0026916900874406065,0.004729673102558429,-0.0029262870347080997,0.0025890195015090497
2017-08-07,0.0004677238726716759,-0.0009521825078129813,0.001862022974863005,0.007215884402113264,0.0016098960444034813,-0.001759745090844009,0.005833953308710786,0.0004964718118401337,0.0020127279237746425,-4.969795217007222e-05
2017-08-08,-0.008865259431928276,-0.002947387432745666,-0.000427273444633581,-0.003759891128782994,-0.0048592152517525,-0.001715187415164038,-0.0013270408587843351,-0.005413292234820863,0.003284892035192408,-0.005285014141176539
2017-08-09,0.0014143347394057113,0.0,-0.0047120966383756195,0.001389702981440689,0.0015605569789713032,-0.0008110360741974615,0.00033194069365098634,-0.003499988314087435,-0.004967993237283344,0.0012989449196285866
2017-08-10,-0.012294429270689309,-0.01346653887397209,-0.015311414859301629,-0.004722046637525646,-0.012873502634122918,-0.017766842017617274,-0.022074807113651902,-0.004329433845895419,0.002523646420454734,-0.009279094056601631
2017-08-11,-0.0020887788361075594,0.0010888718531136543,0.005148516271424887,0.0006179111223614891,0.0029558981495694226,-0.005333611559687532,0.007446574296619437,-0.0008807209329654627,-0.006449779520098306,-0.006166625098022009
2017-08-14,0.009365155741049272,0.010071730085489576,0.006846954015357418,0.005404051767636356,0.00648769034795844,0.01377490579695281,0.015894574459250067,0.012322290211296813,0.005791968283735397,0.016892466826832406
2017-08-15,0.00041424452792816866,-0.0023284240621262654,-0.0090321927605186,0.00455393850832541,-0.00021881044550506383,0.0021412645293846884,0.0022973881252769516,-0.010121892641977933,0.004995272771366808,-0.0033457282121564947
2017-08-16,0.009186517722858105,0.001490138901284642,0.004491401947930588,0.003140736468973974,0.0025358887082211953,-0.0024062768054882518,0.0026220156214585813,0.0010669899902033737,0.003195377885647042,0.0027473383378309405
2017-08-17,-0.01553673089737005,-0.01722878122688531,-0.015773428645638046,-0.00902978236161023,-0.012711042388630238,-0.01754729803848339,-0.020008145359890803,-0.016380825111054778,-0.007715564722766163,-0.007309568589821894
2017-08-18,0.0008034741606973646,-0.0034536586062605167,-0.004862152895021782,-0.003610122507050872,-0.004154739224603114,-0.0005640301600289523,-0.0004895362352079012,-0.005370930996126499,0.006264365717795071,-0.007464581755696321
2017-08-21,0.0010701747449130621,0.0009082200610291484,0.0018509649153207368,0.0043481258442405,0.004563734039538184,-0.002407062585290457,-0.000591884399831056,0.007027474855367821,0.003262268843366413,0.010625276184075001
2017-08-22,0.01196165271586962,0.011058843736497811,0.01040126072562136,0.00036885111230297986,0.011614055251644927,0.010421371723508849,0.01443107725898556,0.008810067291134068,0.0019884618870687006,-0.0011025973254017824
2017-08-23,-0.0015572401776471972,-0.009070783044351497,-0.00842589550084411,-0.003412316549706904,-0.007148077255928479,-0.00224147598920748,-0.0018429458436543945,-0.00044186780974269664,0.0025609747743262096,0.010276955453318928
2017-08-24,-0.0014418477543019846,-0.003910261297001444,-0.0025444812929584933,-0.01353470350208331,0.002834655920735658,-0.0008296236493442735,-0.001230540720499912,-0.003668251346455756,-0.0007928543881191154,-0.0015397870336108358
2017-08-25,0.0026761287773812807,0.004432885204035622,0.002558692140341075,0.0024437373649226907,-0.0011636433658061926,0.0024138322357788976,-0.0010703587573909143,0.007826284678451464,0.0030598346705531456,0.004117384762751052
2017-08-28,0.0022881255566357442,6.96129599419054e-05,0.0009507147770404303,-0.002015221619403004,0.006023124875839675,-0.00480893666546983,0.002724149887999546,-0.0001886181881303283,0.0022618527047597687,-0.004415672319779279
2017-08-29,-0.005582813214073757,0.00647371644797694,-0.001902334272865755,0.0027276426897175155,0.0016690596920727419,-0.004684662327531881,0.004132534245634309,-0.002266293785914585,-0.0015073697537419804,-0.0007461083926193885
2017-08-30,0.007251624282041546,0.003229840358684604,0.0069389132972374245,-0.000302668029117764,0.005662867037507932,0.0042196254575480405,0.008323697687849534,-0.006385723346326605,-0.004355235781408252,0.004864718977129343
2017-08-31,0.008215414277445326,0.0036147737170788706,0.0049552018778898236,0.000498456853352182,0.01680930135410534,-7.344271469685357e-05,0.007149035635213516,-0.005150865309893203,0.00021640237629530265,0.005136795306057026
2017-09-01,0.006304950936683157,0.0015280404417486965,0.004567383137569958,0.004138763516244224,-0.000842362444212044,0.0043727928134777525,-0.000454607602369886,0.000446136122876991,-0.0029978046245546022,-0.0007885086762271045
2017-09-05,-0.01431559658589488,-0.010918919517785758,-0.004104067952813745,0.0019125104446312661,-0.004382945072568371,-0.022257370783986652,-0.00893590018974064,-0.011472603120780609,0.0029257123918121093,-0.0006905778249168843
2017-09-06,0.0027745214942094046,0.0010747385446151206,0.0055009307978601185,0.003444068235207755,0.00452160881393445,0.0024396601440229313,0.001823462247906104,-0.012388701496185756,-0.005243515323925647,0.0009863508455028932
2017-09-07,0.000699700431497134,0.0006408229137893107,-0.008551425442870297,0.00199037453216694,0.010851491684669616,-0.01667267835056457,0.005064233012917191,-0.02097292458916729,0.007189172370237785,0.007561996627261978
2017-09-08,-0.00023314942862357775,0.0034051518829309106,-0.003554096657439989,-0.0064787688047769024,0.004190229241472906,0.007656255719213741,-0.008654543789622906,-0.0012670459729971653,0.004417912169230327,-4.889321621784694e-05
2017-09-11,0.013809663482847432,0.008556425354160008,0.005340529671910794,0.006725113000192662,0.008192561707290623,0.017212676339194925,0.014904735327492487,0.0034640565687359677,0.009239328603188254,0.007408470923314751
2017-09-12,0.00813253106450568,0.005153452295856781,0.004347128116891073,0.0013711801457982479,0.0021442904663485874,0.012035795399020319,0.0013279125305832816,0.01360653516178706,-0.017660872411510927,-0.011870264768060733
2017-09-13,-0.00042795035245204977,-0.001311464145996276,0.007152604731059103,0.0007200846576726943,-0.003593721740617866,0.002141913608809503,-0.0015838755233373277,0.007451110606601726,-0.005326972466845191,-0.004037660411801168
2017-09-14,0.00293442984813285,0.004675805664759296,-0.00546089286471404,-0.0036405694845250236,0.0004590579344664917,-0.0034829803315854168,-0.0037285558241759004,-0.0039800436345809286,0.00868247228634028,0.005756114735623297
2017-09-15,-0.00025605332022637624,0.0034544901363753448,-0.0023075822999785753,0.0022878660698783396,-0.002851681839361341,0.004746469771488568,0.0029799989343391176,0.017626078195017394,0.001008060226617152,0.0028411235629296184
2017-09-18,0.005731543091465423,0.005731198854904987,-0.004251370317983768,0.00040430863319520426,-0.0004707808778260917,0.010099126031971172,-0.0003153527271620272,0.0050617347244135864,-0.00987217749842523,-0.005149408398088614
2017-09-19,0.005276745360761011,0.0008064323876298951,-0.000492219694089796,-0.002762615600205548,-0.007880012795211234,0.007949299307315557,0.0037383701463135975,0.022247041499559837,-0.002146528720395296,-0.010379206923938773
2017-09-20,0.004072473144994417,0.006745465320528775,0.00351079564881781,-0.008973762498245066,0.001507246844899173,0.006181532485869023,-0.004793476461733503,0.004427906138022275,-0.007787452732872436,-0.002736267269154971
2017-09-21,-0.0024695501583807383,0.003347323523344418,-0.0024141485334842733,-0.009754994030251235,-0.005597810206639548,0.001965279927551069,-0.0059474306285193825,-0.007934345273819022,-0.0009180207705911872,-0.0021944173858095056
2017-09-22,-0.002870224034820115,0.0027229668790763988,0.0022038137889860148,-0.0023006539269348064,0.0008364140941338944,-9.457330445231499e-05,0.0006349754297396101,0.01345733184194144,-0.007189678543863519,-0.00827214466515042
2017-09-25,0.0008731711389876712,-1.6597053497161508e-05,-0.0020211418433640363,0.0067432396610883705,-0.00334973250247665,-0.0015389749449139121,-0.01434617267061005,0.008565227356254286,0.008401238788297767,0.003266878529067975
2017-09-26,-0.004005937890940084,-9.948689364532662e-05,-0.0005902449859540566,0.0008755372002576742,-0.0017428334870003188,-0.0009244507297121456,0.003956744655099434,-0.008565227356254212,-0.0015423528320900482,0.0011534866890963054
2017-09-27,-0.00025443177537152865,0.00029843099293233035,0.005355863867095747,-0.00731293944399886,-0.0006277849965684924,0.012912551861237536,0.01135114578897133,0.0005567874734688666,-0.013541620134676515,-0.008455898642722929
2017-09-28,0.007015765430391918,-0.0009121691899923332,-0.0004475689454016935,0.00017983484885517512,0.0013826570786172193,0.001216633286555446,0.0014259570002531816,0.0024710240029462423,0.0030498305451212384,0.0060974600752394924
2017-09-29,-2.810508250611194e-05,0.0028333923764060193,0.00368631798547001,-0.0010616912069272898,0.005775873299951427,0.0033148545103617137,0.007472743646012985,0.0017875997292868383,-0.001114699128545625,0.000753265052488188
2017-10-02,0.010890903504287177,0.007073073584023931,0.0017964245656634183,-0.002000568957997087,0.009476162203510712,0.008840337561747059,0.0007755946536775342,-0.0010475286603586404,0.0022282702947130106,-0.00407454255227154
2017-10-03,0.004295768606048866,0.00478594643050536,0.0036246563855217686,0.0009195970732920932,0.00018839312507067297,0.0029985439437905585,0.0022155446918956916,0.01091432024673345,-0.003828213587653702,-0.00045373636280607484
2017-10-04,-0.0001936230662944685,-0.0005561264871361535,0.005253911529295431,0.0036524169094677406,0.004490153025510092,-0.0032295902918200946,-0.0014797564105104913,0.000548767554343761,0.010557044249263878,0.008286269114871644
2017-10-05,0.005874352930476567,0.0023040481722060983,0.005596795983916172,0.004050565115497469,0.00046875052017628565,0.009817838207330062,0.010506604650202754,-0.0011587281938883545,-0.0012167651327626222,0.0031956855496939568
2017-10-06,-0.0019267634480105106,-0.0004734219411321649,0.0015483658236277913,-0.009543132826277636,-0.0006771617023909383,0.0004346340426802338,0.0029070915794732603,-0.02046679319120509,-0.00062730108645307,-0.002046080377208719
2017-10-09,5.5154781904212236e-05,-0.003926939420086941,-0.0035249799618301122,-0.0026581185532575814,-0.006744190949555681,-0.0037348214205100783,0.0023872676769971044,-0.0015582638102132262,0.0013649180410132994,0.0011982302913873674
2017-10-10,0.0,0.0011469594808835467,-0.001086022375862216,0.009837425035339907,0.002232207319425397,0.004123570153781942,0.00039561650832945324,0.003922214415354061,0.009758335438473492,0.0021432356996229445
2017-10-11,0.0005507923694511242,-0.00036027696931330587,0.0007150295480912121,0.0023817301785528816,0.0023629507986714948,-0.0013955502796248551,0.004688218535133553,-0.0067332038717429436,0.004698269585558267,0.005362675225934972
2017-10-12,0.0018980886050465426,0.005130586314318896,-0.006661060397975877,0.004034043394233907,-0.0017037344259778569,-0.007214405179399541,0.00041294737699741185,-0.03604799467758883,0.004965649927746433,0.0068600621821582
2017-10-13,0.004743208704726222,-0.002578358221202546,0.004349133092497486,0.0013351731612710408,-0.0029858800788739033,-0.0003921109523625781,0.005208887531583776,-0.007093820034958529,-0.007621622911160287,0.001965379406655774
2017-10-16,-0.0010125340780924653,0.0017468228013403306,0.001830681390399497,0.00040916999477809494,-0.003826604355896986,0.006415383222549482,0.0036891747758975644,0.00774215784383176,-0.0017503321880928567,-0.004427585712701696
2017-10-17,-0.0024673087166446105,-0.0028421478629888125,0.00037125527927371946,-0.0037057838881060724,0.013048860410851803,-0.005539170017297536,-0.00025684584041359664,0.002071683165696086,0.0058224548977160945,0.00014789744550287688
2017-10-18,-0.002170657790059002,0.0006540265355899201,-0.0025464197877723646,-0.0010000492955765995,0.0016308802475857042,0.005607926457776409,0.0029934803648381694,-0.005837688675166379,-0.0014887842244011079,-0.00172693319467451
2017-10-19,0.003350274148489114,0.0026609951173797307,-9.640251236118004e-05,-0.006165229905009718,0.006032827563266648,0.0014657022863828297,-0.003469475894168448,0.004608098169748664,0.010051421528580627,-0.0009387241249214248
2017-10-20,0.008707462710190168,0.010686660474827307,0.0020653198114855826,-0.00196152136709835,0.0011445607354819778,0.01158133206721139,0.0067474384107868175,0.0021346225301102115,0.0012583585695395809,-0.0011374947584528604
2017-10-23,-0.0020404005585116024,-0.008081556781517906,-0.0069287797152958125,-0.0010993600751001825,-0.0026209492057228585,-0.001403529752050966,-0.004046822732317059,-0.009674394451378512,0.0005387808610458239,-0.004066090451901715
2017-10-24,0.005919245676822319,0.005335658263282792,0.0027662151952399685,-0.003377793101969853,-0.006738500217037799,0.00740292463399326,0.0035643318412606315,-0.006151867717279984,0.0007897237084177352,-0.006280210663281153
2017-10-25,-0.005048228619062287,-0.010340186385396584,-0.003833278565153055,-0.0029536319510424193,-0.0011656903187354847,-0.004936728779189718,-0.0033839703341829,-0.02304296113698897,-0.004387238095284672,-0.0028039150914274
2017-10-26,0.013512989113897606,0.001420783120871025,0.0032667804132995555,0.001269518151606634,-0.01034239828008532,0.005521230566726934,0.0034406849031140374,0.0051593417959681495,0.0,-0.00553074016242684
2017-10-27,-0.005464270701632101,-0.0008326486419009252,0.015863021958323207,-0.008609644607161177,-0.0002840995513435955,-0.000989325412691328,0.028690120046701163,0.0016026062486801523,0.006108139723421841,0.0023668711939647427
2017-10-30,-0.004002657051194673,-0.007360491787349964,-0.003911492342157746,-0.009256336176724462,-0.01081518258320001,-0.004780479285411198,0.004037465994183463,-0.014178920361860007,0.00017904257522862694,0.005817778913195461
2017-10-31,0.0018410528133546292,-0.004088907332280592,-0.000450759907374683,0.008396708052182317,-0.0016185749132723985,-0.002829432469558802,0.003911779751522016,0.0033781534629643215,0.0004654918218138596,0.0028962460316613505
2017-11-01,0.006013990264083331,-0.0006280034880742501,0.0006965206094420657,0.0028867215946697584,0.0019696438542668696,0.0023320297480551957,0.0007294076655183094,-0.004529317796724996,-0.005636068660571716,-0.0005486451612457168
2017-11-02,-0.007611186913988946,0.005358318843841702,-0.007702143478160345,-0.002118591250923976,-0.004156706666149055,0.008556848860430274,0.0011023956171877086,-0.010146773848023462,0.004095621401116352,0.00879183227832804
2017-11-03,-0.00143695381633006,-0.0009705541133338109,0.0036392226531407642,0.0005848835712439828,0.007925375655912488,-0.0043593671332279975,0.008486215630920854,-0.0010272841424286269,0.0036502527189835165,-0.0010390971488817853
2017-11-06,-0.004459598549259435,0.00026326527945698836,0.007334137947218928,-0.010654205305019848,-0.003375218309331178,-0.0013295544581991196,0.003460772756611512,-0.0246943088840864,-0.004259980439348155,0.015181191928327481
2017-11-07,0.0019603078342267126,0.0023339106308139265,-0.005540025801810217,0.011001314653133476,0.0026862134089006753,-0.013348071218252497,0.00112398460822344,0.002455064520200095,0.012265288807068639,0.00917326026859207
2017-11-08,0.00019040027440627677,-0.0019226283158590835,0.0005745084639606836,0.010700951055266935,0.0022348526117822055,-0.006028405518927082,0.004894772590990858,0.004613053576022878,-0.00031897193744660437,0.007412830791234495
2017-11-09,-0.008767769609470944,-0.012845748696668245,0.001653385957804721,-0.0003434141166140032,-0.000328020648285454,-0.0034546325417771227,-0.008541120610203616,0.0026464594630008736,0.0010628443621205981,0.0
2017-11-10,-0.0014550614495979731,0.0012654177454791337,0.0034210100178025536,0.009696526881617238,-0.006657757077373771,-0.00272610987961731,-0.0009203356310955508,0.0014595458041508367,-0.004364967637241067,-0.00014387558402003737
2017-11-13,0.005288460275342071,-0.005071205060605912,0.0031923187329214947,0.005979501104876508,0.0010754682260519226,0.0018027989910287328,-0.00013545060242503806,-0.0024337257610936836,0.011492549786654902,0.003112776446716305
2017-11-14,-0.011434046019887659,-0.004021898462486701,0.0009895693095184558,0.0030740742113707976,-0.004276734375246326,-0.0006005249398491194,-0.0016447246941193806,-0.01444522382965962,0.011883244033761859,-0.001674951266847843
2017-11-15,-0.005961045941059093,-0.005100753103395295,-0.004454065333279991,-0.010863418321810814,-0.002772055566471425,0.001892837158903543,-0.008510376393499237,0.001200001328814425,-0.009495292862288144,-0.008271994262536398
2017-11-16,0.012710881240356974,0.008336257319449876,0.008024744712341096,0.015518590779011838,0.010119731304287744,0.0007608025137588218,0.013193311028571453,0.017344275365003083,-0.0040418080134449795,0.0039040779061810544
2017-11-17,0.001125048199524397,-0.00483188674522119,0.004808326614776806,-0.00408770061556329,-0.003901422429066852,-0.0013375237737271782,-0.0067017754712311835,0.0064273896000935585,-0.0074586882741073095,-0.005644136338064104
2017-11-20,0.0018085270597449571,0.004145469206069679,0.0016378527506343786,-0.0007272057934396332,-0.004226759897122767,0.004903053944320228,0.002778331609958817,0.009598276694795132,-0.003127241005958922,-0.0028583775199385094
2017-11-21,0.004752346178201465,0.006444178988677893,0.006005048426666912,0.002799713129834107,0.008700921010552554,0.002522719713405231,0.011876320171785682,-0.005404817872228725,0.0023818900046815913,0.005612030593854539
2017-11-22,-0.0023187159015840607,0.0013802909084246371,0.0010261393924163103,-0.0015760982851507792,-0.00038178933952268964,-0.00397042468385987,-0.0025752972813420606,0.016532625874303642,-0.0002841616940331778,-0.003528001747019783
2017-11-24,0.00452330163656517,0.0,0.002102429336467658,-0.00019494208648248107,0.0021828028177498047,-0.0015418745809806199,0.005402300537987655,-0.002905652441374689,0.00156156634124952,0.003672717150740049
2017-11-27,-0.006081231092006423,0.0018428963385839093,0.0007839794807050595,0.0005493537228104932,0.00015871743939726562,-0.0003916412655480627,-0.00010686465156337804,0.003917348051049974,0.004599563420902683,-0.002753254057688094
2017-11-28,0.011639102455805614,0.014736799801844707,0.010806050344150601,0.007800101103771319,0.007118068345559278,0.025455471096053936,0.0018151477725755851,0.02193489874362677,0.004262115460137478,-0.0028094076031936577
2017-11-29,0.0013509134406045644,0.008836138577954816,0.004352744678047819,0.00503239706987256,0.0050520057476414046,0.017566803372636056,-0.02593681925671295,0.026935461032601186,0.0005974082568649227,-0.0019421697552365637
2017-11-30,0.005573464787748951,0.015194093019419621,0.004464095911563536,0.007544868296262292,0.007447472247988051,0.0055242831153602245,0.00950712053559705,0.007864714945620438,0.002981378880340008,0.0007287835527492168
2017-12-01,-0.008547903536659577,-0.011749179886715862,0.0001301985840238718,0.002444582136216384,-0.0018489013803701252,0.0021924545234425436,-0.005700741902984067,0.004321633298458528,-0.003543604045680157,0.0018437153540895714
2017-12-04,0.00983590139666677,0.008328546352326658,0.011433009472594442,0.009238976282471518,-0.012459530219622941,0.01542973562257364,-0.01951237588992694,0.015791919684774086,-0.005851693290115351,-0.012978267717875039
2017-12-05,-0.005054058898630086,-0.008942269178056144,-0.006004504578724632,-0.0015109976190800173,-0.001886128419304897,-0.005839582486580495,0.0020646350440453884,-0.01795035328474687,-0.012487078600033575,-0.004084358776126249
2017-12-06,-0.006353707364421283,0.0011947661132497014,-0.006901102473581413,0.0056202482199439645,-0.0011185776070745232,-0.003389607402774166,0.007500486626343112,-0.009514489968398324,0.003823166154679087,0.0015766265922260683
2017-12-07,0.00691950094445787,0.00894764724958356,0.0023317374694431367,-0.009338807389741749,0.000285060768715375,0.0028471727372227206,0.006469260452481099,-0.0009628263603418783,0.0009623733670955773,0.003489408721513711
2017-12-08,-0.00024244376527123411,0.004021997794549034,0.004336216882436634,0.002170822108329262,0.01103279503916948,0.005842741699589839,0.004241148165845834,0.015105899611549092,0.00320134705774137,0.0024500208037156277
2017-12-11,0.0011309016895260176,-0.0020887613579048782,0.0024971292372069622,0.0001204748348485638,0.00418800627741396,-0.002376286208319001,0.008104682875136911,0.01169751458561052,0.006125144519171281,0.001955674113129686
2017-12-12,0.00018838670738661908,0.0012601241550422011,0.00024549864403097165,-0.00018927909405900824,0.003994481006739428,0.010178174002520505,-0.002634065159949109,0.02762535841928278,-0.017626508513875663,0.004289156503273157
2017-12-13,0.0024455573725158087,0.0035486801140162338,0.0005682877393136109,0.005286945965710155,0.0030396442395312605,-0.012755183052467608,0.0004334496652794364,-0.0012171188735569539,0.0026549750582651557,-9.729704584227434e-05
2017-12-14,-0.010930217317517534,-0.006486141605457481,0.002733574667170615,-0.003876617246128156,-0.010585526511377792,-0.006744740841401389,-0.0007677045829229053,-0.009421963697204714,-0.0014341841230397288,-0.0009246086739680255
2017-12-15,0.005304598289303715,0.007041918652563535,0.005342430925802082,0.011109515723626808,0.011586347618304517,0.010359387243048827,0.012293839833183483,0.010639082570761675,0.0037245871537106437,0.0029654168569522655
2017-12-18,0.014657089589734508,0.006693085059890522,0.007922274236232945,-0.0008332859433770106,-0.0001134331546308863,0.008219534870523121,0.00753114077727671,0.009503460083931072,-0.011649744479119506,0.0032469833453576797
2017-12-19,-0.0008782306337984115,7.882831673134739e-05,-0.0008517075496661148,0.0018015532334029192,-0.0011042217617518169,-0.004036776240793107,-0.005302340303705362,-0.009746728246697737,-0.018175059938790424,-0.01905002647690756
2017-12-20,0.00047916741619958176,0.003023122279868402,-0.0019604324761024108,-0.0037596882779716997,-0.002833175242396999,-0.0024557521106439435,-0.0009266124724871768,0.005520615885774217,-0.007838519703295712,-0.010858635924677515
2017-12-21,0.0034003665638964536,0.0006285965185821627,0.00624983983799343,-0.0007160956081823792,-0.0025608701255785196,0.008440665189720007,-0.002892153174064281,0.0070536143406171965,-0.01194928950267688,-0.003745977527856008
2017-12-22,0.003679498368881782,0.0003299197709346381,-0.0017236827481388456,0.0017211567669363306,-0.003254644189357975,-0.0021624616572273707,-0.0007511565855248616,0.0018605626012048778,0.0014639321092835321,0.007328968331081102
2017-12-26,-0.0007929682287648493,0.0005181981636880864,0.002268049648018349,0.002601848771074342,0.0005622370024355011,-0.003349218560101396,-0.006984397997085799,0.0020366386153159322,-0.005868861406914353,0.004806873793920935
2017-12-27,0.0013741057502424997,0.002508507739748812,-0.0019255830163952886,-6.789746283266658e-05,0.0018823069297999686,0.0006449270284917379,0.0016201985394395876,-0.002276569920346146,0.004066679568187218,0.003996342336002483
2017-12-28,0.0038743936996556614,0.001627152552838687,0.00249497729104449,-0.0019381087752705763,0.0008723836137846622,0.0040536997852336325,0.0010428118345003432,0.0051447865978444035,0.004723746549897469,0.004715864294681031
2017-12-29,-0.003188007971958831,-0.002896313685009083,-0.006637518635701487,-0.00042552104633755537,-0.007303457230455535,-0.006980793618625477,-0.006137391695742009,-0.00911106822332069,0.0,-0.0009315900735052264
2018-01-02,0.014903958280607789,0.007559861024356857,0.015014126352030638,-0.005479877404528799,0.012242769772794659,-0.0006037058774441003,0.014030817471656762,0.002285515364789448,-0.008752658406319037,-0.005903770643856413
2018-01-03,0.007408170878983916,0.005230202743065509,0.005316932069003806,-0.0005992681457950697,0.009693649388475825,0.005334516710346064,0.010798873784020268,-0.021988222665330983,-0.00765075708787802,0.001035639654176505
2018-01-04,0.008326795681327243,0.0075101863336261175,0.0031890769888843107,0.0025830470307149946,0.0009610853564425243,0.009331183924739006,0.004759451178491059,0.005878355482263405,-0.008744601889605063,-0.017352779660021748
2018-01-05,0.008816220268879451,0.007301641319134538,0.008520603274417709,0.004534027034776992,0.008993973474560735,0.0029922746081345363,0.011700661532738625,0.000854384255838452,-0.00015345995155571996,0.0027546925652860003
2018-01-08,0.0009381810315718174,0.0035930347403826594,0.0008505475672578813,0.002276364352781824,-0.0038460777097535552,-0.0012510510096462014,0.0036452600034706374,0.001158375063084151,0.009392217303009627,0.005835058479430379
2018-01-09,-0.0020550236484687223,0.006030200254987646,0.0011821161237691254,-0.0022423181105080078,0.010911033789621065,0.0071035074035752524,-0.0025875613591097584,-0.018448439157695708,-0.010044597098299265,-0.011452744641108167
2018-01-10,-0.005781733518650003,0.0008304523493198329,-0.00016000896685327756,-0.0044485835667868205,-0.0012680238545018647,0.008453913353828219,-0.003107061927606421,-0.009040224780945827,-0.01131043212333711,-0.015562306426899814
2018-01-11,0.01266592262724724,0.012762539827542609,0.016105062532431064,-0.0009399332683327613,0.003909587105855226,0.004689022740311542,0.004760687358945859,0.0018771314004637665,-0.0035778939606523753,-0.006715112623722918
2018-01-12,0.0018899071953213033,0.008635463716079775,0.012745344206202831,-0.00018807184149278325,0.007504829102917049,0.009353769445616056,0.00603741600813375,0.0031829923062835835,-0.005547808378668831,-0.0072783308237252785
2018-01-16,-0.011698989055003477,-0.009291361485417239,-0.006936257200433054,0.0038745186055056135,0.0045493621935171384,-0.003280408895819371,-0.00415323459909855,-0.004308886456133934,-0.002628321410033438,0.004806545537410942
2018-01-17,0.004903882539155917,0.004552559505248677,0.004301826038495765,0.011584652611368871,0.009793018490684244,0.008314191291802879,0.015677969419615873,0.0025002148196033784,0.0064213195578235165,0.006834041682454208
2018-01-18,-0.0006845650205778661,-0.006134433261646813,-0.0004916953761879364,-0.00313694179715733,0.0001668060863950977,-0.0014356576888830397,0.0017240083176961222,0.0023694042213773707,-0.006264236735927433,-0.009880680281881368
2018-01-19,0.005968016239287955,0.0019993543707240414,0.00864781257309644,0.01108691974932222,0.003917233942572333,0.006790795917658122,0.0015517490406939877,0.0039157809655675675,-0.002949912715207151,0.006649303148320337
2018-01-22,-0.0020696288195720955,-0.0003130941199140371,0.010846829928706857,0.006809417766216041,0.006527136511308793,0.0082421904077911,0.008630071657637864,0.023239088156246132,0.0011023141360741477,0.009662896073867444
2018-01-23,-0.000277919755467441,0.0014005640829828651,0.008539875973781013,-0.0029910585243453046,-0.005189008706632022,0.0004244609876537484,0.006388571582802294,-0.011705297909520036,0.009515834610168951,0.014647512682638308
2018-01-24,0.0036578176721215024,-0.002265744768103219,0.004039505813551969,0.0010146215395347897,0.003157518556955671,0.006767293164925588,-0.009113796119721183,0.006540117095330239,-0.005902408481704525,-0.0032141418832413214
2018-01-25,0.007050669572517775,0.0015359246961672065,-0.0013834585450301989,0.0002161111148270396,0.008815385899566798,-0.0018886175329639928,-0.002403330014839173,0.007102765813182255,0.015174183582598191,-0.001711707257447528
2018-01-26,0.004092088733843992,0.011260342936740022,0.009759441933685237,0.005982410918681062,0.02145899817095759,0.008091875247425257,0.01629643780863741,0.009452536215618512,0.0006176555310217055,0.0030186722373216407
2018-01-29,-0.011419817041857178,-0.0064443662888967745,-0.002815021177377524,-0.005068665672585973,-0.0026845077539139803,-0.004598757081736801,-0.008743281637863667,-0.012845847129268178,-0.012855784317982118,-0.011774065982452044
2018-01-30,-0.007305628210205263,-0.008562907338391445,-0.005444820918386611,-0.006831838933946821,-0.02148826603266637,-0.01225942687377781,-0.010250144632535046,-6.0666525068272876e-05,0.0016794296510110804,-0.004636301242053034
2018-01-31,0.0009129269879237525,0.004015084190710163,-0.003467637306105603,-0.004071265609077806,-0.01456354126736209,0.0010949523301556153,0.007296213875314718,0.0015769670430322194,0.01094479327195557,0.020621303644772267
2018-02-01,-0.013885573191398699,-0.0018936161020064052,-0.010829149880018735,-0.004543188234878374,0.00033354508066148853,0.009901116681229212,-0.00029417005344520655,0.024485621992004315,-0.01595242775829468,-0.018733621096680766
2018-02-02,-0.026355679447589028,-0.02041437745378756,-0.008960185916129343,-0.017866733193891152,-0.013530147564588773,-0.02262745393925226,-0.030064153812949006,-0.02600192250996836,-0.007203203013099149,-0.010349535300628846
2018-02-05,-0.03449869283838688,-0.04562467240830139,-0.03479286176407158,-0.03802174586046497,-0.04659859526184975,-0.051140942111650135,-0.04113610283975508,-0.043417671961294015,-0.01709236312173064,-0.027675132721214347
2018-02-06,0.027720089501244945,0.016539007285860826,0.024575231352186946,0.010220120921852111,0.011249792876029022,0.016815346707019903,0.027783857121271016,0.006319136351478532,-0.015224854745210516,-0.001536592107756943
2018-02-07,-0.008645560708731227,0.0027092130618982914,-0.0027545217386275396,-0.003997546427648847,-0.0007831213264900538,0.0016767135531350838,-0.013817714974355395,0.0029562635544010526,-0.004949154025250083,-0.00457083231822467
2018-02-08,-0.036266428685977556,-0.04027345586563505,-0.04098607723077117,-0.02254850827712057,-0.03628861865112764,-0.04613234204776758,-0.043129537602109635,-0.03893436962780372,-0.012418972467853954,-0.03187930272755412
2018-02-09,0.017000651786395583,0.010817557221316922,0.0070027116171372415,0.0019920243843862093,0.014465248674286823,0.019027298063974307,0.02494788048013352,0.01413502031973769,0.021602522878808365,0.023695476118956872
2018-02-12,0.020685144204116577,0.015613737371916025,0.013368340796066299,0.01063549215037367,0.009605045181251463,0.013676560363833256,0.017763207964506696,0.008271090356477271,0.007931697324183975,0.0025211289363378316
2018-02-13,-0.0028139704173950207,0.002407418917170242,0.005114276295633887,0.004429413739434561,0.0005216484208015447,0.0044391776971717915,0.002668114925093121,0.0038874637542963544,0.0036613276685809088,0.005449546123384452
2018-02-14,0.01301144820087178,0.012091440692084931,0.015440537135839268,-0.0012304225754114682,0.010799336547715322,0.022930179004080526,0.01931675905547613,-0.007085215251581277,-0.01191811674972183,-0.006360698081231908
2018-02-15,0.006811152860880362,0.01436856335657737,0.008957845359714172,0.0157380670205326,0.011500357220810985,0.006171103164340642,0.01882253143904199,0.013615170145957175,0.020993295483745098,0.009180748575788248
2018-02-16,-0.0032413570619383835,0.0005237064225882938,-0.0044149153602107355,0.004031676595301945,0.006932479463268932,-0.001102218561030201,-0.0019083399112931644,0.0052311708254801385,0.007454099106913869,0.006513968208446733
2018-02-20,-0.0047625922144653625,-0.010354610703837072,-0.0032307905985553345,-0.022771877138430603,-0.010754650937462815,-0.0023122056077393245,0.0024809251754173045,-0.0173101089084002,-0.012641258760575948,-0.010240216556817332
2018-02-21,-0.003853008689406788,-7.777477540040887e-05,-0.0012880250040123347,-0.012461862482818798,-0.004474311222387056,-0.0006258220484822694,-0.005981969668059473,-0.016574121275314463,-0.013248995112951027,-0.018244455597002798
2018-02-22,0.0068984249168631976,0.005848676734102024,0.0010232965057726472,0.0022986724127926636,-0.0015027916859717842,-0.007835333776789025,0.0008334263807376844,0.0015594901847027778,0.004570393221851142,0.01134108458623901
2018-02-23,0.014124980499330857,0.007919452863603725,0.01324445559377595,0.010234735271085855,0.01568781394345953,0.014532393259271612,0.021488330515879926,0.007889850034929506,0.02628483961007076,0.017090747460123134
2018-02-26,0.004707677584696209,0.01380824478202615,0.008607556787290393,0.00661732352140684,0.012044889991444733,0.014957411062176025,0.015655113621432973,0.018065677338906117,-0.0033466814765889955,0.004372004430756272
2018-02-27,-0.01492707318809084,-0.012412625750195893,-0.021430903025962386,-0.013891367246429132,-0.010120053824361114,-0.009396903670757451,-0.009537359287456198,-0.018581153050674853,-0.016943469016631622,-0.02173130395801472
2018-02-28,-0.017964817961445976,-0.015070400633313745,-0.004883263754433449,-0.010455586416596059,-0.01651107710499391,-0.012925584848205583,-0.00700914648453652,-0.011668763456664193,-0.006438678595884025,-0.0010211068710541601
2018-03-01,-0.010431852296345528,-0.019432720656028354,-0.010290233494887285,-0.0034851970240576987,-0.01560658999221517,-0.01867483068464576,-0.017141641695482563,-0.0028078502498421875,-0.0006057300396589977,-0.0056076567267962
2018-03-02,-0.002550336385993903,-0.0007934744891774421,0.0008910405573404645,0.008155695911111342,0.010055543567612115,0.003016622092212477,0.009659166273848736,0.007621529466160037,-0.0024267195064387034,-0.0035208939376096243
2018-03-05,0.013518303882469516,0.011993351094557892,0.01124679834279407,0.009437767170099781,0.008499729214321166,0.01358876542954951,0.00937374873436578,0.010200789457499262,0.019369810860983175,0.013527974718820628
2018-03-06,0.010795979157969376,0.004788587929160724,0.007140743689331686,0.0008796557506305916,-0.001242137609782872,0.0038845237499868634,0.002423909519339418,0.004486402529321434,-0.013716619360195446,0.003900283970680019
2018-03-07,-0.004091420445641255,-7.804190854452853e-05,-0.007382076984412051,-0.009338772095398929,0.004949026353372663,-0.0017315380016357412,0.005513926124859462,-0.0003198046184031198,-0.007314841238616691,0.00521220063645692
2018-03-08,0.0014099651793083024,0.004859360914120369,0.00297624881603065,0.009159244043384937,0.0067232375052546185,0.002710737888423604,0.004546854816742612,0.004212974740774505,0.006912078034273609,0.006398280704703902
2018-03-09,0.0183075214482787,0.02145797339224839,0.015579134452976477,0.006279950579880146,0.014503905325344221,0.02449858437980592,0.020139864077862325,-0.0005735232044473979,0.002494349230500413,0.007090583940413631
2018-03-12,-0.0029800412885358286,-0.011732605200448266,0.0029215403515420175,-0.0021961396583270437,-0.004462805623524197,-0.003990622049526015,0.0029866445598040353,0.0024825717295962994,0.004210207168975477,0.0048554806437516715
2018-03-13,-0.004118760060770584,-0.005415305466544626,-0.006969088235977704,-0.00014303836087372048,0.001526630161150697,-0.010995240535601091,-0.012131939516830085,-0.001654330444740449,0.002078521300819415,0.0026007817000574403
2018-03-14,-0.013284455390485459,-0.011388876075472792,-0.001964324604765142,-0.012737910855724415,-0.005868088466117049,-0.012077356590958911,-0.0006974645499123827,-0.007607045728105787,0.00961659767196665,0.0009865388800961792
2018-03-15,-0.01284253890075928,0.003249324971235407,-0.000655633265262348,-0.006466749194440874,-0.0014041285207792898,0.0008764888507891641,0.0007876797051084352,-0.0021840847757740754,-0.000514270007790521,-0.0009865388800961417
2018-03-16,0.0005934751253615562,0.0052733860783431554,-0.0005010185735021597,9.120432199127607e-05,0.0007073357884165447,0.0018546944262415996,-0.00064810779787111,0.0023124407121503437,0.009921748755021264,0.005233008606238973
2018-03-19,-0.015217288255417731,-0.00824110729284825,-0.013113976678592112,-0.010017631052692563,-0.017096317097279715,-0.008572923568332851,-0.021352229984921596,-0.009152485127282528,-0.007511011444603066,-0.009554028604878933
2018-03-20,-0.0008765287616826431,0.0033887747739978014,0.006134096654420942,-0.003447793444787619,0.0011399841576625457,0.0020558031611195666,0.00020959175022080648,-0.010152355333282395,-0.004589356398706668,-0.0006262466506286171
2018-03-21,0.011038057367528541,0.0011841664313836067,-0.0008895168302246134,-0.01329353990039814,-0.004072950005156801,-0.00035628734637640645,-0.005986426399857786,-0.008473848056935586,-0.003973304770728339,-0.009283386965158881
2018-03-22,-0.030101049410086143,-0.033311575898502324,-0.02145257257412509,-0.008042828868445522,-0.029303464481627666,-0.037681500577000884,-0.027261488404568563,-0.014150640390966196,0.004330175018243474,-0.00380108802956713
2018-03-23,-0.019661299979213495,-0.013991011130581333,-0.019727717219298842,-0.012549855976881323,-0.020944609184230436,-0.03034449086307942,-0.027686933506157356,-0.016120129709848927,-0.013930992573919308,-0.015672811342151264
2018-03-26,0.01971713365420527,0.02275866167187068,0.02869289765171126,0.013360818670826958,0.02039257145126221,0.031932386365373475,0.039506786022515755,0.009137366491882926,0.010356970993441454,0.013501813314978264
2018-03-27,-0.009936862191657379,-0.013770947922638806,-0.01933887570087033,0.0008103055663245955,-0.011545139003923293,-0.019998725772949436,-0.03533699800657057,0.005174597554159551,0.01449443140858587,0.001430221279022511
2018-03-28,-0.013376193680875276,-0.0038745211013968095,-0.012441247257314127,0.01369450122482276,0.004918466692037959,0.0016173769037123701,-0.008697188250646,0.016288608863964178,-0.0008629269811384361,0.017524958730437
2018-03-29,0.018609556775655404,0.014976846587487824,0.014202445026952278,0.006556024081052119,0.00555360354769735,0.012779932110359417,0.021506430698063874,6.59072640759279e-05,0.005166784891157874,-0.0010928233837833264
2018-04-02,-0.021931544150627248,-0.020874062116117843,-0.02873715860371031,-0.024800528163079653,-0.020957302131902965,-0.021495776763526674,-0.02513766272387759,-0.014546350464233722,-0.007563503691735837,-0.012733726943048885
2018-04-03,0.014353929395178123,0.013744132335391986,0.012181419356944067,0.013588481984597563,0.015050873090793017,0.013750521136701133,0.010045656012858301,0.0076648748533147916,0.003455686214292567,0.0031592597322635052
2018-04-04,0.006482599620746385,0.004245563162535957,0.01796745243594296,0.015081089336895065,0.013868460757634416,0.010974819549657426,0.013566702681457087,0.012798712891358716,0.002114695899403198,0.012122586008271234
2018-04-05,0.018510009309279638,0.00997972396887491,0.013581222441805868,0.003157708282849503,-0.0006329190339574426,0.006882392154810739,0.003966252234136449,0.00705471475785824,0.00787094547599175,0.000571149910445161
2018-04-06,-0.024596774230878374,-0.027707976968802974,-0.021644718155984486,-0.009818027958982012,-0.024245566340148926,-0.0246866385766166,-0.025640356850802546,-0.01475388178914928,-0.007127950283452329,-0.009492050436242044
2018-04-09,0.005159190374867062,-0.003452515164199109,-0.002485547239817755,-0.001871263596577557,0.009297703260519973,0.005043697815039789,0.007751609620141897,-0.0117613518305968,0.0011719647844445958,-0.0006814923505883608
2018-04-10,0.020567677699198803,0.015209316733054052,0.012032902977857937,0.0033141326765750117,0.017203485937625492,0.015458351128947705,0.024525126036890613,0.02286346864667563,-0.007249354214751752,-0.0071571752441491705
2018-04-11,-0.007854229504369975,-0.0075676021324478145,-0.0032177544805722237,-0.0021464297417898848,-0.008660354375254588,-0.012637912588852569,-0.005108374607917259,-0.01500728509934882,-0.0015349777002728613,0.002004986084317284
2018-04-12,0.010660098977503175,0.014373109037738323,0.00446496513177712,-0.0019098495093858956,0.0063941687375051294,0.01807667473935472,0.01276971051263674,-0.000265260245790129,-0.012844089462262712,-0.011557187251792193
2018-04-13,-0.0010444286532012702,-0.0023919267551712597,-0.005680565864957954,0.004980066845739611,-0.0007706754054984334,-0.015659184016059445,-0.0032787619085950016,-0.0014604438442500443,0.006878601092134715,0.005158906547088364
2018-04-16,0.013737189442892872,0.009931587965071655,0.007456067448756587,0.0106357198790868,0.008015080082647627,0.004708247868804996,0.007001682220275929,0.014771158581208888,0.013695113806037523,0.004182047597642064
2018-04-17,0.011166709827150798,0.00835147446995457,0.018527401952466608,0.0022813768418130584,0.008190284705886765,-0.0007430802125833433,0.019899923496713823,0.000981346510019756,0.010420377544683921,0.013224396146019021
2018-04-18,0.007269263831803037,0.010143160544899828,0.0049217415037835595,-0.008660246508455132,0.0004363050919045704,-0.003701806778765996,-0.002341571334686425,-0.004456637784114759,-0.0039143923231070325,-0.0021397270922769514
2018-04-19,-0.010789204936116216,-0.0029099120088296395,-0.0036528202339979644,-0.0318738639691918,-0.008123871374464511,0.015136486387589446,-0.01139821119448009,-0.007913601123890585,-0.0008157701462639791,-0.016859347015611533
2018-04-20,-0.006074778568170916,-0.004302146991535808,-0.010282238379558504,-0.016982488065388733,-0.005554648394640792,0.0004753553911769017,-0.015220829848479835,-0.0065760657216194915,-0.008939583973418933,-0.008859080348591255
2018-04-23,-0.0030105821782276604,-0.0007713041436165636,0.002169609039378014,-0.00154593015248686,0.004077097247956474,-0.001080824159673515,-0.003982915855499226,0.010738503766034201,0.000940621825835946,0.0016068725707217737
2018-04-24,-0.02725938052756191,-0.028576361727343156,-0.015930407099976236,-0.006421901957769139,-0.00791712057272399,-0.006836173580327383,-0.020076362422452965,0.011602531055591265,0.0064432312300371055,0.0015508079894811014
2018-04-25,0.005345112783927688,0.0027669512568357347,0.0037908155891817658,0.0013809113548643337,0.004524227179441473,-0.0006316709734864555,-0.0011893998227734232,0.008048792342040582,0.0003112923676261098,-0.0034257575024262714
2018-04-26,0.00573076912356285,-0.004242638760885921,0.015749325463242737,0.005446959340155031,0.012308608131795035,0.0003921323593347164,0.022447536249629443,-0.032858786354995916,0.010258976951198434,0.012415910006458367
2018-04-27,-0.002321587346176235,-0.0011690304623179484,0.005009998658007046,0.005744341927981507,0.004397151207241273,0.0014800470056962264,-0.0032096661485658314,0.017352646905603123,0.009544469952939273,0.013100308004323517
2018-04-30,-0.01306225848942479,-0.013642418712627943,-0.003749098120469927,-0.005821628506002264,-0.0157591822010587,-0.009681744137558925,-0.00507480752510596,-0.027019660905935283,-0.0028269815846210327,-0.0038229523626941903
2018-05-01,-0.00011208059410686118,-0.00458908043528063,0.001610239253483105,-0.00885493784783739,0.00028374719310012795,0.0008560826180605979,0.01453506403780099,-0.007719949933307084,-0.00279671079990053,0.006797783268956369
2018-05-02,-0.00238601659537886,-0.008941400394366025,-0.007114166284709162,-0.01943911103911831,-0.014193164288379837,-0.012008449837035553,-0.00029344585989621763,-0.01776399780178657,-0.0013436710572794902,-0.0032885578004428363
2018-05-03,0.003422838663003041,0.0021678756197802814,-0.004420262086788368,-0.00037794508202529923,-0.008757702970823915,-0.008564208700914852,0.0028964412987643228,-0.0018700543193314887,-0.0010762148145171016,-0.0008892281115089313
2018-05-04,0.012690801143524623,0.011329733321113544,0.012985050183015913,0.013869880981853981,0.007520398994732249,0.012354533588246435,0.01952040361320513,0.007459640775063219,0.0038766807390628218,0.010722555423453453
2018-05-07,0.00030411677643441394,0.006910042027426366,0.00359324227225451,-0.006357812602655249,-0.0010784693846616542,0.006790868455283251,0.0078702041207407,-0.0060740444418041556,-0.005377572435684147,0.0012418147057252419
2018-05-08,-0.002491264949471828,0.0071550772624698975,-0.004463392335281007,-0.00457192186819836,-0.007840819074558811,0.0067014345476551765,0.002885390281467284,-0.013101266714785908,-0.02543244729474372,-0.006848945168311498
2018-05-09,0.014008558120155652,0.010998968314036388,0.0034879793014603085,0.0016055583107748587,0.006097768251999624,0.014862303644223428,0.013644206651922836,-0.011357750688263257,-0.0074948280801287286,0.007262540950087266
2018-05-10,0.007758852309698456,0.006165060602553061,0.003511835552549702,0.005884538311592617,0.012698248056760786,0.007775982603402531,0.012753171835934655,0.018904969199935482,0.013285556461214255,0.009567977291123317
2018-05-11,-0.00037977284610462273,0.002152877458284146,0.002254554894842752,-0.0011031827366416466,0.01459279802603587,-0.0007685093320666863,-0.003234260773313876,0.020738588695143813,0.0020404334156895946,-0.004875414095783607
2018-05-14,0.003871996187079789,-0.0019453593795972673,0.0015560147326706597,-0.0001576711451806655,0.006467387762245102,-0.0005981090870445824,-0.00017134283212244376,-0.0036205852932249044,-0.004360560067022928,-0.007228496742416907
2018-05-15,-0.002922917073791067,-0.003677689831441185,-0.006106280399305356,-0.004326663876091147,-0.013029277275129206,-0.0015824270920690232,-0.009644169821155775,-0.008108287985235807,-0.00885803608143555,-0.016826447591435416
2018-05-16,0.011426287761061712,0.003709641841084129,0.008292616329719362,0.00763308817472388,0.005311329496819813,0.000983960056441456,0.0037505691022514127,0.0035124834343300414,-0.008656674019480639,-0.0043835495430169825
2018-05-17,0.0020878477433183954,0.003043711572408667,-0.0032274047771218943,0.00276664060212794,0.00019811010156165005,-0.0007913741935881033,-0.004929698381288638,-0.005584471535651313,-0.00901519456827899,-0.005094155195745574
2018-05-18,0.0014428273106713142,0.00547452923387258,-0.0011859793783789555,-0.006349124461581543,0.0027174554010293795,-0.009157042951148426,-0.004556239152594048,0.0007602240290360615,-0.001335040043460994,0.0009571024771778407
2018-05-21,0.005538455693679245,0.015233443714312032,0.005498759480720511,0.004328864738225774,0.0011326380619957551,0.007379456536033209,0.008352360715303188,0.014812062856801112,0.005852796509835451,0.010152979297248486
2018-05-22,-0.009149516557073653,-0.012562620441221214,-0.004803745332503854,-0.002319488096497308,-0.0027663693837449237,0.0059200641766633645,-0.0026087437799956104,0.001428367796841049,0.0038962962812995544,0.001051674609967866
2018-05-23,-0.0018239502683378812,-0.0014688465661487203,0.0075894271011459485,0.004809883651971499,0.003347792399804995,-0.006005761984526684,0.008525366482701646,-0.004291342866508873,0.008939995111637572,0.008113331975537074
2018-05-24,-0.004250710153997428,0.005972484580367821,0.002054475173592102,-0.0013914991499800265,-0.003347792399804947,-0.007120984152566518,-0.0012181334307349162,0.0059213724086667014,0.007481537711268233,-0.003969968418928716
2018-05-25,-0.005108642108432635,-0.0018713453957271027,0.0018608492331468962,0.0012739859116736064,-0.0016781721656929172,-0.004240734113012258,-8.188449373413838e-06,-0.005921372408666784,0.004171582331026546,0.004491106927075907
2018-05-29,-0.017853952575174706,-0.016474216699644474,-0.00798926017114691,-0.0017840590284217356,-0.010708035750059052,-0.03427465423312759,-0.006607116726339757,-0.005682040308979564,0.0004319084744717295,0.0024978975178307212
2018-05-30,0.010701519064629367,0.012388898603956066,0.008297102477961168,0.013080788674315195,0.013666337617925338,0.01922301372370812,0.00722046564955118,0.007659694869108883,0.007625701924236005,0.01362812480138228
2018-05-31,-0.008689665180423032,-0.01464786377149249,-0.004734469287385176,-0.016244977401286255,-0.010445013547000514,-0.009021059454251404,0.00022881136289447048,-0.01309810395159469,0.0011291629573635857,-0.003543942606939423
2018-06-01,0.015300025354357179,0.011450008407840289,0.006898467780286934,-0.00025594283169952907,0.011733904478108566,0.011022057634509847,0.01950697035151786,0.002481908352355823,-0.015529749734633296,0.0040053394272945506
2018-06-04,0.005650715445043839,-0.0013168577293223905,0.011275901767922342,0.008196592090079002,0.003784354411523089,0.0028516027462578727,0.0078803704866817,-0.001033336165426826,-0.008493797247601947,0.009689967082068356
2018-06-05,0.007574185513303401,0.0017290482403211284,0.005718433914152432,-0.004835327260653718,-0.0015016621320453228,-0.004236487772404668,0.004285235237898458,0.005019060548741882,-0.006518347782836222,-0.00478227637658801
2018-06-06,0.01847805448931247,0.008930938704821584,0.010029771567479247,0.0014119057645275936,0.011663749622162644,0.01826595549398931,0.00532315703593965,0.014975414351187566,-0.02149313508986925,0.003156878238655332
2018-06-07,-0.005399416012468072,0.0020557210605529857,0.001757503890250092,0.006075810962084308,-0.0007275971113155921,0.0021360172560463382,-0.010921484088996802,0.012088006296975276,0.004335729866052627,-0.0012717146534820182
2018-06-08,0.0026111944066818014,0.004254880275791991,0.002533253658136612,0.012946109130057018,0.006977229461925649,0.0025830614446471253,0.00028662395041856797,0.0020005545055070528,-0.00012244649863151787,0.004570592892738651
2018-06-11,0.0009477788730666264,0.0015285687042056592,0.0033942749057339983,0.007680356918382289,0.0010073007795199308,-0.0027986290086616217,-0.00011147130619133665,0.006639689726676404,-0.003352794024597732,-0.0012675236783406968
2018-06-12,0.0014988953691274197,-0.000717153843670965,0.005030276039681727,0.001810944565717599,-0.0002949433990485549,-0.003325437258806224,0.005811208524168424,-0.002053576653813435,0.012778423772775323,0.005766908879617093
2018-06-13,-0.010884879366728115,-0.008206507990501261,0.001338634385198264,-0.003586909509022313,-0.00026453597377754735,-0.003314809881052869,-0.002282331781265477,-0.045932873075356984,-0.0027129292373966793,-0.023476486072480336
2018-06-14,0.0009292415827969356,-0.00400239893124866,0.01007288749670302,1.913199760171885e-05,0.004669750021799791,-0.009375382855704691,0.006066722807708413,0.00974204447989586,0.011649831791986734,0.008330863689689293
2018-06-15,-0.006282927281930395,-0.002545211466736365,0.00235407546741909,0.013139563327239265,0.002528804452012143,-0.00032862769749985937,-0.004489149372855885,0.011688785985776062,0.006829747786388624,-0.0013836795684196853
2018-06-18,-0.002647423533431792,-0.003822052394304308,-0.0019276786054744973,-0.01488043969721086,-0.009908921823437613,-0.0007234282275891228,0.0026184667702883364,-0.01990452781308224,0.0034966654183743195,-0.001590996032960508
2018-06-19,-0.018321861883384295,-0.021635799501690436,-0.0014594471938260932,0.005175315487124901,0.0024151967411082543,-0.0033607544216691858,-0.007199545871390297,0.014111423497458,0.010534920263406194,0.0009240819884878689
2018-06-20,-0.003907652596298306,0.00017856939405703454,0.0047410497710997064,0.0010851392599791798,0.0020437840465510745,-0.0031072089923163703,0.003328668865598559,-0.009753481608048937,0.0,0.010871084218714367
2018-06-21,-0.009988402516633589,-0.011938242920653458,-0.007069373896557544,0.0007227725431700689,-0.005336812528744662,-0.0018777564325560703,-0.008066779566876403,-0.0017962682938642482,0.0033306827186313885,0.006224222411081596
2018-06-22,0.013677804863100424,0.002707200936882002,-0.0013635358298887323,0.008425310506408469,0.0042086925164953,-0.005276716832374103,-0.003821140746035973,0.012164710030213886,0.007327486615406185,0.007838830158166025
2018-06-25,-0.014701517008072415,-0.012514118929058892,-0.021992162601140373,0.004420786077545132,-0.009081467791814353,-0.010390560610421299,-0.023049535088225024,-0.000751704077763336,0.016369498497460604,-0.0018035204678688544
2018-06-26,0.003619831798698964,0.003263184612552652,0.0068237720696441885,-0.004477403999111851,-0.0028363083805832035,-0.0036905722396992032,0.004744112038407933,-0.004247421004945792,-0.00011461070179182753,0.005051701432391161
2018-06-27,-0.003647457161774639,-0.007886148708942864,-0.01295193635412122,-0.0026432028892380546,-0.009284291383370299,-0.012728298098683997,-0.014632355442181284,0.00034322717141803763,0.00582869407210077,-0.0028478314952505085
2018-06-28,0.004391958714195804,0.0015655751180533573,0.007568016138526138,0.0016622374531576611,0.001650201819602987,0.008548762319665289,0.010701013254768996,0.02266344949612924,-0.00015198504848807894,0.008519203233737366
2018-06-29,0.0022849861164133864,0.0020115900470171464,0.0016790814036886986,-0.0014542200846303695,0.0015025179341837714,-0.0012685989692309038,8.204201888277857e-05,-0.0062591175186419625,0.0003038310968242761,0.0015861610781563358
2018-07-02,-0.00460285778513648,0.001941386159505489,0.0016304731163155708,-0.005287331599794489,0.003648380311252909,0.006597284323959556,0.009823277369694988,0.0022928838326444338,0.007906477268415108,-0.00496525364837792
2018-07-03,-0.0032652376761416356,-0.0037366457331552425,-0.005983577023431662,0.0018982902902535727,0.002081808316383804,-0.010594789433732441,-0.013802797589214268,0.011585568560132535,0.002521340670616138,0.004767149394327386
2018-07-05,0.009599044993382641,0.005061853035573263,0.005570428674852895,0.01445997564445346,0.010415729750083353,0.0023186848134216075,0.014541887568538326,0.003986920380144202,0.006294485803855849,0.01348249251462886
2018-07-06,0.004737882765178435,0.0038497772046788277,0.007683147364684185,0.0030795841147060903,0.01435395289336559,0.004982868493951355,0.012290474190730774,0.003574798945596565,0.007330952128025396,0.004097149036408017
2018-07-09,0.009381774888559066,0.017912423832983495,0.011617778604773477,-0.004763269683075704,0.006506920253739395,0.022960314703170753,0.008131629951553357,-0.014309313368184884,-0.03175465146134786,-0.009193242658302625
2018-07-10,0.008328767231227465,0.003428086497712087,0.002237793044859645,0.012485665746144067,0.004122458796883358,-0.003716458612394497,0.0023362401367324646,0.011264925057115915,0.009712280888808796,0.004802732826554521
2018-07-11,-0.0170004878798695,-0.016290705951677514,-0.0022828693888020403,-0.003445490795225922,-0.007961453882010075,-0.005199541473333877,-0.00510858245710127,-0.010527828394096786,0.008642411086573612,-0.003281010695210944
2018-07-12,0.0021818491611355754,0.011127917351580655,0.006709975014807742,-0.0010582442644358728,0.010898478789896665,0.0019141244733619873,0.017782560885039784,0.00521122261973036,0.0008639397528774965,0.0020090839453770037
2018-07-13,-5.4540215191340966e-05,0.005921252996781811,0.0025018611685276564,0.006258825372274343,0.002286120093312157,-0.0046357636754583475,-0.0002351756360462232,-0.007558344038869198,0.0006005467182868534,-0.0027450877953390453
2018-07-16,-0.007987085156570515,-0.004413372411061276,0.001916808276319724,-0.005126288863178499,-0.006893965230078592,0.01780109567949154,-0.003494340905919333,0.00468884872676888,-0.0015021009085072067,-0.005907839810269994
2018-07-17,0.013095944152145066,0.0037840678338719115,0.0009904294173418936,0.007780917558287092,0.005370486162721637,0.0015349801143765798,0.008077463198628936,-0.00361514269473543,-0.0006389734793335969,-0.006340415278498249
2018-07-18,0.0001626126412497546,0.011203039256914122,-0.0007900501501567347,-0.006483053114281965,0.0008115108496337688,0.01517812123905983,-0.0011164924905475823,-0.0036283620957663952,-0.005013740105787153,-0.00428266472081859
2018-07-19,-0.0060890999133884445,-0.0007184103677433903,-0.0021171875435048618,-0.0012608336332906884,-0.005535251175280351,-0.014521031393377775,-0.0033490350706915973,-0.011100692122114396,0.009291200210528512,0.010079773201095057
2018-07-20,-0.004098366392282248,-0.0011026895669241953,-0.004494461660223162,0.0058458694562216005,-0.0020213076422203363,0.001968749591770835,0.00089313450077749,-0.004912682046708165,-0.007591982471826489,-0.009231753966971122
2018-07-23,-0.005050367083648177,-0.006191250115149506,-0.0010314057540652321,-0.005270878815534676,0.0023992376972445544,0.013134841938049868,0.005162872714771854,-0.0002735893165876781,-0.006396337175281911,-0.0023463117120278458
2018-07-24,0.01287727515930842,0.005023248991013917,-0.0027969108261139985,0.001741519777536705,0.009017750541978673,0.0032945384242835185,0.004973607140008665,0.017430615752983446,0.003373634874196832,-0.0031035470870365276
2018-07-25,0.00773922370640363,0.013246939207055566,0.006905052771961563,0.006531460603917552,0.011405141707498935,0.002554877615691626,0.014903883402610776,-0.029268339566397135,0.002645335006359029,0.009530239008409928
2018-07-26,0.006046698617448293,0.00840067668294361,-0.005039599476995042,0.005209142188050263,-0.0019699441184433926,-0.0012229295315319866,-0.016533097903214913,0.004352221726469493,0.011370790994559437,0.0036681190182262066
2018-07-27,-0.0035967300202862655,0.0,-0.0027319728119437393,0.0016269202487246743,-0.0071810769635673975,0.0024444306908985055,-0.020101301046772026,0.01918473204888915,-0.004112986563546482,-0.009295432104156872
2018-07-30,-0.0022613594925080705,-0.00941226976384546,-0.007877805557352515,-0.0006760186174831185,0.0009728917284582618,0.00023558758740784412,-0.017969660882767205,0.019287964875272866,-0.006013043912558594,-0.0005494947686821659
2018-07-31,0.008934545898053058,0.02100010480763614,0.004381720409339553,0.004504253413454655,0.010085801525995124,-0.006853688144051847,0.00294769315395773,-0.007724025623174513,0.010573689959992314,0.018760571300843187
2018-08-01,-0.009770355455536209,-0.012904656838329276,-0.004438513083266133,-0.00884534785939889,0.000505535925711129,-4.316042473950312e-05,0.009628218926023164,-0.0007355686318247947,-0.008352191887381346,0.006939372947868844
2018-08-02,-0.007200712593309179,-0.0016641251568902881,0.006278320855792292,0.010790339001391366,0.002901764109643472,0.00040955423626987304,0.013599136310952492,0.0018044383420473377,0.005289145727162491,-0.00527345877949616
2018-08-03,0.008602382718347582,0.0008480753670503702,0.003321066435908407,0.011662927008675808,0.006356299996204559,0.005308931826957492,0.0034356784524301343,0.00930492665849733,0.010272838570776863,0.012696887794715036
2018-08-06,0.0010230311036933198,0.00122382509407085,0.0067098074674454755,0.0005921766596437392,0.001414501327027544,0.0042568718877489305,0.005894598049567427,-0.0008604182122679137,0.0012583335756026536,-0.0023713997047702423
2018-08-07,0.0025529263571286843,0.006999998065591517,0.004433556561959836,-0.005684756893607879,-0.00011539213058429905,0.004833732753362311,0.003287429143695174,0.004162712923897231,-0.0021845168827327567,-0.002182883696187472
2018-08-08,-0.003064311084901052,-0.004119107613434579,0.001210743696852367,-0.007751357691520857,0.0015951747684493402,0.0025670505892740904,0.002820297651932282,0.0012520342665037678,-0.005388777161467173,-0.005355893898758963
2018-08-09,0.004968054759209851,-0.005738719682699195,0.003822669394844236,-0.0033875105680827296,-0.00101822989609798,-0.005652021337311219,-0.0005417075748666026,0.009764422562333928,0.004053618747554666,0.0013660478175888024
2018-08-10,-0.014408139833677199,-0.008131255861822468,-0.00828419842093066,-0.003179286611968197,-0.003919581174373791,-0.011680959531562013,-0.008145972640819166,-0.007396463847651459,-0.004053618747554684,-0.010094154407645746
2018-08-13,-0.01046325324345094,-0.005213344548008216,-0.005153924436071304,-0.0007505710508255555,8.680566296392874e-05,-0.010206030906161942,-0.0014605288291012564,-0.0019071359495385503,0.0008939183121576608,-4.9298262539353065e-05
2018-08-14,0.0076056362106157035,0.006528317064231912,0.009493347233924213,0.006389681330815213,0.004486072255213227,0.008544589989450452,0.006163387278909888,0.007149188381760482,0.0016740595131963581,0.003588956880565083
2018-08-15,-0.015629401978793506,-0.00485645477723097,-0.012254433831867834,0.0043579510349057,-0.0015764979214875235,-0.006781981877876219,-0.010714895531677794,0.00690384929890139,0.007590756365000476,0.008405469903884414
2018-08-16,0.00615457514228584,0.01153116308736867,0.004496902602749759,0.015105256789727985,0.009116847484530368,0.012402367485943365,0.0025171933505066333,0.01992091830614796,0.011115093347140155,0.0070798057645833695
2018-08-17,0.007346705411803396,0.006067886755457079,0.0011854165142678645,0.0067059180712453394,0.003730004705002402,0.0021236003123316265,0.0018310695407085702,0.0038102929115906804,0.003823188382099751,0.009569937645697848
2018-08-20,0.007130432725033362,0.006357565077535861,0.006138998493171045,-0.00026599837527726747,0.0031386773058443506,0.0035080563215719915,-0.0015334955977690794,0.0007602808184466504,-0.0034584289069844888,0.0005741393324579962
2018-08-21,0.003843488199029231,0.007489785943142261,0.00885779783083779,-0.007725696616440918,-0.00015141184640534753,0.0037085023540418633,0.0007357639543427593,0.00675405631164443,-0.00720994656698572,-0.009178141367365365
2018-08-22,-0.004467441424354732,-0.009355477157814126,0.0011663322012006806,-0.006274220767963058,0.0010882683676111684,-0.002641425845455374,0.004768982783010348,-0.02040048281220328,-0.00778036445509785,-0.006489737837237568
2018-08-23,-0.006998209024367054,-0.00374176208583956,-0.0018601816791671897,-0.002142238618863717,-0.0009841269186945162,-0.005153831610053814,0.0018359506374617516,-0.0008992767138282624,-0.0001481139621583139,-0.002091455677264597
2018-08-24,0.012086740889513274,0.004239626516047318,0.005920735586141363,-0.0016774805579119235,0.004515488360884286,0.002954412050025541,0.010930180185573957,0.0064057614218788455,0.004359209921779154,0.0063581524909905734
2018-08-27,0.014606657568860254,0.01216670264069027,0.006984971915364714,0.0006677845853790344,0.0033781305216421145,0.013272228814507729,0.009602069600419745,0.0036966378960953845,-0.0063976367066208234,-0.0008228173363389123
2018-08-28,-0.003464871060011843,-0.0011531101042270501,0.0017928835244680399,-0.003216244994188399,0.0009389319056457539,-0.001034246451580865,0.0021449196576219316,-0.0048467015190928955,-0.0021167883711644573,0.011841252462283427
2018-08-29,0.007288872356342704,0.0007382074285034987,0.011141583126378682,0.0008140818381522673,0.006538621200229452,-0.00023228408576911767,0.01009233408950929,-0.007636236866932289,0.0058568078869327776,-0.0010532926996971196
2018-08-30,-0.012616053037974802,-0.007762369913388002,-0.006073628407246516,-0.002861211408959853,-0.0010821720039989361,-0.00788841871296867,-0.002922726972346309,-0.003872510932526986,0.0012927997912149985,-0.005620277528279659
2018-08-31,-0.0025800687564218805,0.00035622474754608865,0.0037088618577292023,9.06470958104317e-05,9.342915062414205e-06,-0.0008519209342233073,0.0012213475296231414,-0.004212130040622634,-0.004476400510754501,0.004182245584521673
2018-09-04,-0.008133118112263053,-4.641169318390888e-05,0.0024506706471137158,-0.002232817480794305,-0.0073070068535741085,0.005291502834743795,-0.0030335215530791085,-0.011232412001438069,0.005435704588999971,-0.009059453076009914
2018-09-05,0.0060857876112264874,0.006052644042784215,-0.011064626978973688,0.011689647505947202,0.00270418090746836,0.00031786113034603725,-0.015099909301094288,0.008240690808802607,0.012642326117154021,0.005792066325260161
2018-09-06,0.0017781712942057555,0.003288892545548465,-0.003337965320448887,0.002224946691858558,-3.7430133997995357e-05,-0.005929013390112794,-0.008142830417010503,0.007268479944541283,0.0038524400984366494,0.003363271115743079
2018-09-07,-0.00537103410773049,-0.0031195970539565345,-0.00032676984972973067,-0.0018477689752465362,0.0015179439907486555,-0.0011516498060621257,-0.0034481623498108832,-0.003562677730871025,-0.012079328087146401,-0.012452508492512787
2018-09-10,0.0008655742370310392,0.005326599710348863,0.003512741934976495,0.0035131544079050653,-0.003104002045312951,-0.0007898368658806633,0.0031541774551927947,0.004855163901306959,0.005820661014659356,0.005376490350882439
2018-09-11,0.0018910055364399188,-0.0006431788378942997,0.008184677986461882,-0.0038723523929363847,-0.0002442323622770719,0.0011524941594329625,0.00834474509111437,0.010790731266731041,-0.0034736188183687954,-0.0007248358413079881
2018-09-12,0.00010797070471249963,0.003685119231385948,0.0021834550717948014,0.01247727470859517,0.005471385697423496,-0.008977899756180439,-0.004976891653201253,0.014082960671194576,-0.0008795513502272359,0.001304400140881389
2018-09-13,0.0032329734099427582,0.005054525319840594,0.0007196610076762395,-0.003571880757603775,0.01131555307109542,-0.0014861599554750696,0.01140170142892139,0.003019033263523517,0.007669331888292699,0.004720149957058353
2018-09-14,-0.0004304761228383544,0.00515000282636084,-0.0028708472081345696,-0.0022992694700570008,-0.0033033524217248264,0.006574301213429137,0.00022110258626558557,-0.0042796508040476855,-0.0053988401021211295,-0.009123222988931975
2018-09-17,0.0029289614228093885,0.00027189635983578973,-0.012787053675185856,0.003509113321265384,-0.0033330311841032793,-0.0035610970369452893,-0.014016202040069292,0.0016384835171517314,0.0030313076231756344,0.004934002443660516
2018-09-18,0.000509670029575207,0.008901753167113268,0.012636347150159311,-0.004383822610852087,0.00528676710500925,0.004139089646930661,0.006195580373490177,-0.00037786597662743925,-0.002117280955475304,-0.005952883816735887
2018-09-19,0.011120810235833105,-0.00041929342544783066,0.00031223239149795516,-0.0014834584695668125,-0.0011107368119211277,0.017439344744132584,-0.0010145239726841457,-0.01357199539718782,-0.021461026678574836,-0.009167614930539195
2018-09-20,0.010473789477056078,0.0011225950076743812,0.006588446512249084,0.011558767051591066,0.009245653541885918,0.008002068936771474,0.011681844239522168,0.0045233517441776935,0.0011941019213561252,0.007564457642252716
2018-09-21,-0.0022858826133455965,0.0030918500272638758,-0.0028060370590696085,0.002560390316611162,0.001897587708696124,-0.0036579160771381103,-0.003426173083578096,0.009741320927266955,0.003908140448794318,-0.0013135277184846892
2018-09-24,-0.014173001976199745,-0.013240863681146138,-0.0057113176355832775,-0.015121264717078971,0.001601383858938814,-0.010673688501176556,0.003137301437132983,0.0020751576564162215,-0.00888034191545955,-0.019119346383842332
2018-09-25,-0.004760382299494661,-0.0033149569145542236,0.005872142309773194,-0.007313547323122564,-0.002811046450889708,-0.0038382826786519113,-0.00044112405658284387,0.0008790618911585909,-0.012293264418266796,-0.001042656862388784
2018-09-26,-0.010320306399443393,-0.0014718750519944212,0.0019497647827904187,0.0005590418784317549,0.0020334623599991557,-0.012830009531201317,-0.004069977501440927,0.0035710470744456414,-0.010488873267606244,-0.011591396572340752
2018-09-27,-0.009798679417649085,0.0012747381638512384,0.005390202780279899,-0.001966723818616175,0.004437296672317757,-0.0033845514911258275,0.00533944695424394,0.007973125786047669,0.009539872485327994,0.001305717859523857
2018-09-28,-0.0068065115731311245,-0.000500606140134505,-0.0012568893507550465,0.0022009222847900753,0.0033378481389215965,-0.010659307717542347,0.004313100746500789,-0.0039162679114576136,0.014964757481217323,0.01301407316402694
2018-10-01,0.010383251652319424,0.008972331299547037,-0.0019630286841719473,-0.000648938000234647,0.0053608175924919794,0.003464236526448035,0.004889509217572697,-0.0010594097195157932,-0.003035121987445215,-0.008557272221664454
2018-10-02,0.0044597581598187375,0.0018929302838378902,-0.014435372482219929,0.006148192950709027,-0.0009487636398835498,0.0004566936152359666,-0.00010539461955977889,0.0010594097195157073,0.01278982591604618,-0.0028019509819804905
2018-10-03,-0.007626314613285675,0.0044626592949190405,-0.004343253759832446,-0.010666545215999003,-0.0023258600478434895,0.008119475836819122,0.0033517443213330867,0.0027368458316844656,-0.012339613483059713,-0.009869197571978756
2018-10-04,-0.004191955881005651,-0.002887980437416987,-0.016136505305061288,-0.0022123371451341096,-0.009477049066105227,0.007048181628578872,-0.018009941550369918,-0.014893922611756687,0.0054243710573381055,-0.006192605215326137
2018-10-05,-0.008104806436759208,-0.004882125327052413,-0.007849280941000665,-0.0017079777651278283,-0.0008510857944920578,-0.004162743986072777,-0.012738494975937275,-0.01045732417216119,0.015547739337019646,-0.0002545527345063264
2018-10-08,-8.30381558268932e-05,0.0018805622949071188,0.00040115599847201117,0.013349574326184098,-0.0016766979596194147,0.005767417104091897,-0.01187674264120479,-0.0014664861854660853,0.007684205380194503,0.013104471887445774
2018-10-09,-0.03455559397530424,-0.015205469014612756,-0.0022754162273321207,-0.0019218989022048738,0.0023722318026006234,-0.0034479070955970746,0.003540430535689369,-0.0017881017973601437,0.004219428891506882,0.0037628922849406747
2018-10-10,-0.025686733622488644,-0.0353666237234337,-0.03813812862566252,-0.012810743745336323,-0.0240077929741253,-0.030869502276474965,-0.04889083738647631,-0.04023623802569902,-0.00535004360192587,-0.01620555306752119
2018-10-11,-0.012038203643845927,-0.02302963474537812,-0.017106028592419113,-0.02343647256890782,-0.027012045367826143,-0.02975374063605662,-0.012763167456455934,-0.008419658786942846,-0.019902598716358008,-0.029492086870460302
2018-10-12,0.0041572512638998,0.005469499503290846,0.02125058013737251,0.005243415839493223,0.01466990906634901,0.0009796049687146326,0.031028589646945142,0.02052339354025131,0.0006325769612455017,-0.0006817067544057838
2018-10-15,-0.004812114280907824,0.002153796140222156,-0.004701528517334529,0.006009022560026742,-0.00774293693419381,-0.005090837269787384,-0.016505551718657866,-0.0042823393228842025,0.003528040902313273,0.00512738915208492
2018-10-16,0.017971171162333308,0.016465023252709286,0.021962005209767994,0.010452504434845985,0.028576283610217686,0.015848864996578945,0.02978654986220017,0.023167987516386053,0.011573233124425913,0.018920201092685277
2018-10-17,-0.008310949199574457,-0.006734779240068483,-0.006916508239713578,0.00480440350603867,0.004745974489593606,0.00905979886224717,-0.00473434748426316,0.00514770503041832,-0.001540316482893521,-0.0023583268960564625
2018-10-18,-0.011478170948414614,-0.018081850332148625,-0.021274856067588187,-0.0023265656536138866,-0.011505119206488855,-0.015659468986456673,-0.02037708224865506,-0.01859159698089622,0.0008071070187397726,5.129991840512626e-05
2018-10-19,-0.006914634971229638,-0.004055747855829604,-0.008987052975970107,0.022882869073083442,-0.009568602269015337,0.0034634590319623623,0.00010581848146047064,0.0016985338071579075,0.015645741397892717,0.009908162830709572
2018-10-22,-0.009264237038317394,-0.003680522590285292,0.004749962528093838,-0.0076950192222382825,-0.008174454046392218,-0.020801465681045413,0.008065795187459457,-0.0003917056870022033,-0.006846679079345827,-0.014228916026970118
2018-10-23,-0.0115873177727208,-0.01611885034937766,-0.0011501309527317007,0.004042378146374598,-0.0053465620791248855,-0.0083176372216666,-0.004020708373010104,0.004040377797010559,-0.005175176209694415,0.0068838056312878915
2018-10-24,-0.0320049416720049,-0.034891172366615646,-0.03365173090632048,0.004932316180949668,-0.03347576186507804,-0.027287193570326454,-0.045303667185681566,-0.05000708721113268,0.02272294502465341,0.011250616201559451
2018-10-25,0.01368141382110899,0.007338890113919799,0.03351081052252001,0.002040661209812369,0.012297736521990706,0.016245109855645833,0.032683966146979125,0.026315594381025268,-0.015079016944792537,0.012076272257129091
2018-10-26,-0.006549990648449504,-0.009779940871380514,-0.036161903680784396,-0.01700154429295115,-0.010823892009720233,-0.013618541737453704,-0.018886108130770355,-0.024334728685396288,-0.017152586429429247,-0.026249330640014994
2018-10-29,-0.0028023590657065,-0.016941337362664212,-0.015375609439464649,0.01065309395272371,0.0017874669993469114,0.00852442280117841,-0.018252313754317594,-0.01623479673048058,0.01341073772593057,0.01548843150740021
2018-10-30,0.02232501212084869,0.019897326773918953,0.012228937597776726,0.01952063532064634,0.011009580901682622,0.01588021188880053,0.011486736732325495,0.0245927818498037,0.002907462744909194,0.016595590464311288
2018-10-31,0.01341522380120221,0.008169499755148192,0.016164129978048503,-0.008662157441263639,0.0019205835678651252,0.014187618786187175,0.023621969199888543,0.02076017814714317,-0.01157088796135664,-0.01376846038350334
2018-11-01,0.029704422967704237,0.017062096749658195,0.022063371762919833,0.004805932286011125,0.01298635865343982,0.004532515051330577,0.011938272082320933,0.0013908102664438923,-0.005300764903818883,0.004577145787132961
2018-11-02,-0.003046569813837237,-0.0027815513559404496,0.004118286343413161,-0.002725806201232324,-0.006578474925183194,0.00013709422231348862,-0.019104024379711763,-0.008174132504839423,-0.0051435465524924525,-0.009327280770233391
2018-11-05,0.0038731589107809643,0.005255090661417543,-0.001781313168221697,0.012025447645198127,0.008317202628466719,0.013946896973096208,-0.0017995153747785958,-0.0031411970403757462,0.013852816548950046,0.016776707710065168
2018-11-06,0.014966481972433424,0.01095642598460365,0.005392912536020393,0.005500554253563577,0.005188327038132527,0.004987095981587889,0.006106716643200891,0.006006384304654159,0.007617890972266145,0.005166985617306186
2018-11-07,0.01886228822733052,0.016700091885297225,0.030765612378246193,0.005556382000554041,0.02897420661172874,0.013333360585784436,0.02834395102546427,0.019177521113145975,0.010762540207164223,0.01138194415406487
2018-11-08,-0.005434933809233364,-0.002519835414229173,0.00036197058616178375,0.00018924653366187783,0.0001668768669966829,0.003179026536575546,-0.001990755703517365,-0.009377992263554137,-0.0026617411074266,0.0011261880453721377
2018-11-09,-0.01380535802055357,-0.01004476921510529,-0.015063718648792294,0.005114030739445909,-0.0032882079066306152,-0.009678805737937921,-0.01670675188773707,-0.014601685483111014,0.0009359515535394383,0.0013693213463321066
2018-11-12,-0.015001732557985365,-0.020112087884915412,-0.023370591315120367,-0.0064913492972479385,-0.013969762244948735,-0.020142804136527182,-0.036052052038253776,-0.01488598299083067,-0.0003238967809154466,0.0019529796065323876
2018-11-13,-0.0028676646766246064,0.0044524412960245474,-0.00032915580300119763,-0.003659142690329007,-0.006825927993582041,0.005886912286692054,0.0008974877252132127,-0.002650084024513621,0.0034496116648651477,0.001413463958861108
2018-11-14,-0.00213390687490979,-0.003731346088557145,-0.009485088445673001,-0.006296701458333925,-0.008605710049435663,-0.013843796399751042,-0.012972404371547777,0.004548381403353826,-0.011363941938157351,0.00038958769252991855
2018-11-15,0.014287027711322675,0.012395204320679762,9.488981416397711e-05,-0.003329077324837395,0.009507732323385667,0.01431781708617765,0.024256766973469214,0.006212026582899129,-0.007721465869221851,-0.008998917904229143
2018-11-16,0.009460808672324612,-0.00034780199046507683,-0.005414183998938808,0.00223220520225177,0.009361830909024158,0.0009922911218905,-0.001088324049204785,-0.003911799985120445,0.012968586415890061,0.013468190224518716
2018-11-19,-0.014092714492332245,-0.015843254500443247,-0.02751962376804217,-0.001935475823711855,-0.012803548661984715,-0.0003381782764283207,-0.038589694527230024,-0.026292055363664243,0.0051478510894128054,0.0035804445646315497
2018-11-20,-0.018775349804039568,-0.021258942130933475,-0.021997428100882163,-0.017092967657927234,-0.009752197087244506,-0.021125354815574475,-0.021623511117368623,-0.012636727314471288,-0.005075709420766825,-0.013566659473854211
2018-11-21,0.0083782229545649,0.00647645252056103,0.009979873814534551,-0.008361838776426019,-0.005090864019402703,0.0006446683116839239,0.006217185600213751,0.009927361730071768,-0.014870554761612245,-0.0013226652934855616
2018-11-23,-0.011016524335070409,-0.0021370635437462297,-0.004453706713191922,0.0033959968422588903,0.0011785677534069843,-0.009179576384419687,-0.008738178890904875,-0.012037385379108293,0.001244632954060288,-0.0033882643180608916
2018-11-26,0.011877224359271571,0.008317340476377598,0.025566853821027746,0.0003924194286649031,0.009388676322243867,0.020758647536253925,0.022262243923453502,0.019108011379660204,0.005363512764983852,0.002063772363060461
2018-11-27,-0.01253779706534907,-0.002549201005860762,0.002379274908602408,0.009108332498210036,0.009860253037969635,0.0006822866848693449,0.002413192717688675,0.0056481212536447735,0.00869536997240595,0.005580313979280823
2018-11-28,0.014641819153970672,0.02369317416772709,0.03174222768808528,0.009796512422158992,0.024279691320440375,0.0180031242295574,0.03380264702512963,0.021001869235766434,-0.0012272465665735006,0.008699689434470905
2018-11-29,0.005491159821475921,-0.00024934046128543435,-0.0043081888652972975,0.00031497538373738844,0.003036592501263304,-0.00822905284477065,-0.009585519390045249,0.0035584584810003667,-0.0014819501819734314,0.000773974137297384
2018-11-30,0.00425983490897002,0.010351664793000457,0.006912394200715283,0.00850209840941934,0.010751936326574242,0.006575190009415678,0.010569332536908161,0.004346774360553184,0.015255963387678062,0.009959462207517776
2018-12-03,0.01732154684462346,0.011579948256685109,0.021842870310341995,-0.0008677995143945831,0.004348532076296389,0.004730730556223656,0.02091632615157596,0.0008003943773952898,0.008795981567211102,0.003631823255504382
2018-12-04,-0.031285021996858425,-0.044490954432839826,-0.03985824133976434,-0.01647398268591262,-0.023261840796655588,-0.04503275779130777,-0.03931329970611074,-0.031976721024432234,0.001481944234522643,-0.012672977757169386
2018-12-06,-0.01367897923297611,-0.0055578596749606465,0.006088655263874504,-0.0009889931536180962,-0.0030895014890075616,-0.014519699789305248,0.002300114767254642,0.010341562371073821,-0.001022976580452762,0.026270226966432445
2018-12-07,-0.025734391171102808,-0.026505133609009083,-0.031236665344500227,-0.013000471888142684,-0.025447541797206683,-0.01860168170744432,-0.03590090225096554,-0.021138992885040554,0.004015589366161412,-0.014503987409098152
2018-12-10,0.002964219589298929,0.002559826652101376,0.0013323545705318039,0.00017894643857478408,0.003273697567387292,-0.014059785600502013,0.014204739639149531,0.0074875685855879705,0.003018766977044277,-0.004258274903470898
2018-12-11,-0.0037376028584969177,-0.005988995695016572,0.0004396499300535065,0.008429810184188629,0.003006638013548477,-0.010232121185364181,0.000881138862356793,0.0014494719780439806,0.002974703667427093,0.0011021720659750282
2018-12-12,0.009486585419949952,0.005410956393096726,0.010482371548435766,-0.001616250665205674,0.008561053898517669,0.0044296221358033315,0.007886739525624013,0.008173876536530037,-0.005817650089544314,-0.019148554233255816
2018-12-13,-0.011407145774619975,-0.0025437262265995087,-0.004395777163952066,0.006855703431115479,0.0007908761741712155,-0.005910533949273103,0.0019447440290771734,-0.0017801751704598042,0.008783424807653187,0.006084076049201803
2018-12-14,-0.008250819520782599,-0.014508158318609698,-0.01993080652715312,-0.019322833653114928,-0.03429460294708967,-0.010278360056306047,-0.025129842459850622,-0.010263603375801709,-0.0025815128591849244,-0.0020887868038628548
2018-12-17,-0.01887259145074478,-0.017365743738628727,-0.028646400226152436,-0.023105474613816006,-0.021293278017529643,-0.009805361542152764,-0.022385319874141572,-0.019223968622798626,-0.03320560838411556,-0.037908634302755075
2018-12-18,0.00562322266171907,0.005786133313329198,0.010292061570277969,-0.011765454258957817,-0.007991731353460013,-0.004825017716730684,0.008592515668142656,0.0061218949879388845,-0.006448358898998175,0.009450180210188501
2018-12-19,-0.013009929886760571,-0.019277797797471515,-0.022546580061307404,-0.010548413053281087,-0.01281947437118847,-0.012485813713060342,-0.01959130276892292,-0.017265004027642045,-0.002183032060344683,-0.009197671427771049
2018-12-20,-0.012856340146238878,-0.01819563620499943,-0.022763025791603334,-0.017595335377910224,-0.012841921567709814,-0.007799565324021471,-0.019021330339749974,-0.01647929366694451,0.0027280185448077523,-0.012192222016624815
2018-12-21,-0.009538447726025964,-0.019448506734058412,-0.026119992329512922,-0.010986697508075164,-0.0142607965745692,-0.01975613238604111,-0.030333389672876493,-0.031173158483756663,-0.007071813587309468,-0.015919536664189438
2018-12-24,-0.026912316446599933,-0.03191867654925616,-0.02037245108455702,-0.030241890229104375,-0.0251995436601209,-0.02376461395371975,-0.0276568796511268,-0.020647326482920614,-0.04359069803918652,-0.037946069843894606
2018-12-26,0.04515816041680285,0.04690237848199395,0.060888895795876904,0.028029943779136268,0.04442849432511181,0.045431187983893805,0.05873652093605079,0.052545739533424875,0.015507699266939122,0.032060457335562086
2018-12-27,0.018298777870247876,0.01236981878874244,0.002416131353694481,0.010165339523306801,0.010643340692857151,0.01100422434665885,0.007681467730684731,0.005278934401583131,0.008690733977313953,0.002348033793276592
2018-12-28,-0.006062463582360017,-0.003236471427788457,0.0029925953144530715,-0.000557837174614445,0.00041525730212667674,0.00015304328469165117,-0.002501322476253801,-0.0018769462132918252,-7.455805432203733e-05,0.0021864663834267675
2018-12-31,0.007990875247590798,0.01002867453475315,0.010858487780818443,0.004012844172117949,0.01377835238700375,0.009746755620119316,0.0094629042435989,0.0028141548479787446,0.0019377275726339945,0.0003119511179177342
2019-01-02,0.004506263520005725,0.004490424116667341,0.009234263993891538,-0.004224462314195873,-0.013606167320388085,0.007348566950994742,0.0006705219311177201,0.012459921126828198,-0.017841855004114077,-0.023086237459784928
2019-01-03,-0.028026186119278117,-0.03000873010001865,-0.022060924823980053,-0.007300227865700287,-0.02242340714696497,-0.023030380567048633,-0.05200693584088987,-0.014623977786867713,0.0007956433112324054,0.004935360073992122
2019-01-04,0.03834851218597477,0.03778233034081931,0.03437154973232199,0.021249564520629486,0.02960657274662795,0.03231466695114193,0.04301377948455469,0.039851021070182645,0.014735382690682235,0.0102176192618495
2019-01-07,0.0032311474080530477,0.006736884711250742,0.023307331063674424,-0.002774274344692206,0.004093018489551154,0.0023076464987175885,0.008579795732549595,0.007604115692627998,-0.007152664962008493,0.007829258786081927
2019-01-08,0.010091865362560577,0.013981769914413463,0.011362409024820606,0.009601359801836754,0.009416418510052859,0.0,0.00892578198307193,0.015714916074475983,0.01251162418725353,0.017675902367765322
2019-01-09,0.0007980900967078753,0.006279929539526854,0.00463430764117045,-0.009715534298572328,0.003178541228274068,0.00514200188733282,0.012279258866260773,-0.0035994388202816746,-0.006553660500352216,-0.004300040427861952
2019-01-10,0.008676037306744065,0.01431527156349494,-0.002338593061269083,0.006071341054510325,0.002419204790534827,0.0011829050746490972,0.00462084758550031,0.0019711717167350796,0.013986200803759861,0.015373975950859287
2019-01-11,-0.00402319134452932,-0.0012245470164935098,-0.00030176289136305375,0.003022018404834612,0.0032689492102301334,0.0017225561585462452,-0.0013794833407048115,-0.0013589520360211109,-0.004393672950932954,0.0023715288582521568
2019-01-14,-0.007725800131158428,-0.00028005522431801975,-0.006832101528146236,-0.004896414787423223,-0.011697212908721982,0.007226747626786044,-0.009203762938708372,-0.004088076048756759,-0.02256536244908416,-0.003028423657223725
2019-01-15,-0.006484124475653853,-0.0032092921933492115,0.011276904062121338,0.009506171360817882,0.01728470271294068,0.008047006670283918,0.014701717692644532,0.017259916131600283,0.012599147649085861,0.010559714031403268
2019-01-16,0.004080651388295244,0.001193702736438212,-0.0015757737060049242,-0.005383325742255663,-0.001526118068198026,0.021795196816537143,0.0004633915085561279,-0.004034473590960494,0.0027244702145642454,0.005487149482743498
2019-01-17,0.016704250131592255,0.016357051553059068,0.006754397198046194,0.003936804072487146,0.008966758881563563,0.00541073901849493,0.0066610667048784085,0.0037659598650392374,0.004240028181116866,0.0046652643837603305
2019-01-18,0.016250715271801976,0.01840093200919217,0.01290146717432372,0.011996748540121213,0.011758490628998662,0.016962649650524006,0.014822762464551022,0.00522193597945395,0.0011869708996496975,0.00311452294413988
2019-01-22,-0.01376591868423949,-0.02092404184565584,-0.018104152024001702,-0.010118602102273656,-0.007179538562703421,-0.010925002487375131,-0.017801422381443846,-0.019758508604077636,0.0014446266823624524,-0.0015807544908357945
2019-01-23,-0.006497714097797515,0.0018324480013529392,0.0022330373364291764,0.011622036317604549,0.0012548735508925671,0.0003512531931636562,0.004128789522336247,0.002448818345840121,0.010750861698628055,0.0009389096444877323
2019-01-24,-0.005590064017122895,0.005580335722650579,0.005298508028596134,-0.013105438006261743,-0.008671135637449146,0.0020349103814800203,0.009249758773342269,0.0002716750670981508,0.004822306028796247,0.0038452044214428945
2019-01-25,0.01899437897253206,0.012782273179646675,0.010430961007167474,-0.0024082893868828813,0.0014099944085745766,0.008515648565797113,0.014376998692804096,0.010069390762890984,-0.013354619543337113,0.01169088732555192
2019-01-28,-0.0008118139697125933,-0.010055069616132109,-0.0071796120988247055,0.004623240605559729,-0.011443571608903764,-0.0026678603830232383,-0.01409675458027959,-0.011496690614904085,-0.004627495532048103,0.00953471961304751
2019-01-29,0.01002658998777923,0.013592904612377428,-0.008226094451069218,0.0016486596285646444,0.0046773006842844205,-0.002977851504373572,-0.010149072606041448,-0.010667480123847894,0.002853028332950944,0.007868764063247295
2019-01-30,0.010103949888952286,0.015425956282013684,0.021372999571546664,0.007348315864502798,0.01354497294284226,0.004324246690038414,0.02981727865417294,0.012230641649196433,0.006490931162308471,0.008281377247768272
2019-01-31,-0.015508796066003878,0.004532035926817972,0.010842759037763763,0.01802841928120978,0.01124758317961158,-0.0026946765832287817,-0.0011599373724037177,0.03667077552000853,0.02052105674289121,0.009434922523738941
2019-02-01,0.004510976760210045,0.0019856580874850127,-0.017908594866999212,-0.0026681216746727633,0.002230579233898926,0.005104447758414418,0.006034163950112442,-0.0034100910463700134,-0.00299369784179225,-0.006689609869090969
2019-02-04,-0.002267851070951357,0.012892980303742706,0.006349768668025504,0.006056878844976088,-0.0034337513142016877,0.0037421103553508567,0.01587915550320891,0.009479963796071956,0.002092942991918436,0.006501812693929843
2019-02-05,0.007974549408916629,0.008708922049678769,0.009525301429801831,-0.0001818564551396854,-0.0008028807993516734,-0.0014305051052717033,0.008809289536131517,0.009068653808483745,0.001188776782410792,0.0059930826831547995
2019-02-06,-0.006810156869189825,-0.00017804121824658236,-0.005154570420196842,0.0006364639195303296,0.0036270304442977963,-0.00272824531469866,0.002414877102023917,-0.015007574265636637,-0.001008604886055198,-0.0076381191480352105
2019-02-07,-0.01397277476109072,-0.007486998458208998,-0.008772383755340285,-0.0007456158783193895,-0.01061277969689918,-0.009397623148936697,-0.014501392532373411,-0.010330106782404702,0.012641845700061502,0.007964795617426298
2019-02-08,-0.0005145918680110162,0.0011892905206393697,-0.005084782346368411,0.005407050428426708,0.0018279313271097738,-0.005507345902290791,0.004890755101038313,0.0034991538169866585,0.004899029539270194,0.0009795318638349995
2019-02-11,0.0018753994596246927,0.005520789027927294,0.0018121686553255513,0.0021329931515842535,-0.0013176769303719243,0.002511372397321258,4.2026936607416746e-05,-0.006280784691202013,-0.0008502453076226242,0.0022352423030855425
2019-02-12,0.02220418581833171,0.015457343274237948,0.01645482785124062,0.008719614000687714,0.013355747148656772,0.015491211886416755,0.01353630112212343,0.011342783359832569,0.001735185439634337,-0.007048667379766586
2019-02-13,0.0010339151472682161,0.00631002178608658,0.006162146862681764,0.002502840966185291,0.0024566101090391845,0.001982950099186885,0.001390807667088444,-0.0010497551418778444,-0.0030475426791583696,0.005791998396691343
2019-02-14,-0.005536483694026185,-0.005895538085269961,-0.004405943319545694,-0.01223415755661456,0.0023373001823735985,-0.011654303729880647,0.0012235795077925236,0.002163876369716232,-0.0031279105568778414,0.004461141485731806
2019-02-15,0.013505799641325464,0.0132674631386566,0.005215468072380484,0.009534310912193386,0.01460847397803812,0.019981292565637854,0.007876053464423485,0.00398758898336815,0.0028084630758926058,0.005133555582721131
2019-02-19,0.0057827583266981605,-0.0007080172514978925,0.004728276648539326,0.004964968914137353,-0.0024900519841147477,0.0019170563905723252,0.00016399983526713704,0.003061600427954212,0.005381756078603643,0.0010604013584930455
2019-02-20,0.016720657442587238,0.0048671446786866645,0.0013681887047107516,-0.0007484858902634341,-0.0012894111151658932,0.005774600099247853,0.00040153094463400295,-0.0006506578336333656,0.004439211179495713,-0.0066576933536285545
2019-02-21,-0.004074912819102644,-0.004111995290506993,-0.0020126863835947368,0.002795067195979458,-0.008836775957050385,-0.00447580795035421,0.0004996378304672592,-0.006333068947008389,0.0074599940688257396,0.0013906352661593054
2019-02-22,0.004046333316101749,0.006333661402826358,0.0058084944752865315,-0.002848606328527674,0.009294904055965813,-0.0023481385688378406,0.01278273630900218,0.010424945521783704,0.006053000760777085,0.005911978845900744
2019-02-25,0.0064800585362437355,0.0038059074515783635,-0.003083718372790825,-0.005130178527017811,0.0004763903185440615,0.00419086440756434,0.004935768614234011,0.0008423006217923139,-0.006471788041175228,-0.008137995317899886
2019-02-26,-0.005964704144867243,-0.0029467729792831457,0.0014915148191908061,0.00042999756355696617,-0.0031621958282517315,-0.0023666151725034953,0.001977111601444559,0.0012943950126266409,-0.0015021318380450514,-0.0021844782146423786
2019-02-27,-0.0025508809967220085,0.0035692550308310585,-0.0004013698137074636,-0.0008781266322259416,-0.004903324669886779,0.003547791101392342,-0.0010281949388508324,-0.003888321359395036,0.0011180183206936545,-0.0038693870877530376
2019-02-28,-0.012736461304710569,-0.0037410038228165364,-0.005635525009436754,0.0032399229325058504,-0.0030177707923557118,-0.0027962063544440547,-0.0031718457101339607,-6.489728916389264e-05,0.004077489000095855,0.0030315493333598503
2019-03-01,-0.0015998485056852713,0.000858544371835036,0.009115954524320275,-0.0016992272197209057,0.014039996569635792,0.005403588620613386,0.007062428922924878,0.0077619856721010995,0.0018763332092648875,-0.00125814544793413
2019-03-04,0.0044442545722333145,-0.004786116165850077,-0.001612752970475378,-0.001164214421049912,-0.013454587417457274,-0.006200714727624382,-0.003906674013572534,0.0002577537999531229,0.0021152512492413752,0.004094765703835471
2019-03-05,-0.0050557703456410585,-0.006433157957424679,0.002024164036359216,-0.0004123753133268882,-0.0007082052860186602,-0.003263373431807608,-0.002897716423576841,0.0072526207437166035,-0.0016987895240190285,0.00259703130667442
2019-03-06,0.001949750810921349,-0.009465022026984049,-0.005625143493307048,-0.0009686400420493576,-0.01484551567497411,-0.007157365955266898,-0.005488444007745808,-0.0001278396880344917,0.00034695428328112085,-0.0025970313066744177
2019-03-07,-0.008936185460183658,-0.005879350711404353,-0.013835722191947843,-0.005615253474129779,-0.007970038437045406,-0.010693297699427206,-0.009250265615493634,-0.008155998331475237,0.0025981688105723233,-0.0007432696906208878
2019-03-08,0.002051318542115233,-0.0025028049528138703,-0.006591598070481461,0.001226516037832527,-0.002457730955385035,0.0,-0.00025367957868629136,-0.00058049045887688,0.003591584314280839,0.0012074797454668987
2019-03-11,0.014040277095271083,0.008859911707162714,0.015163141319101318,0.013197779733417197,0.011663695135736068,0.009841117933246954,0.021444390557222155,0.018474647570998065,0.007281840376108756,0.015246363470841018
2019-03-12,0.0,0.0,0.0,0.0,0.0,0.0,0.0,0.0,0.0,0.004697301114333014
2019-03-13,0.008593918597814583,-3.187569722286601e-05,0.0061714199927752405,0.006755041155112591,0.01765380697044759,0.009060450408013601,0.012013350084088095,0.008137520215983664,0.007602717868148576,0.004947075245630661
2019-03-14,-0.007959067693577154,-0.0034771432106023644,-0.0031154895131330004,-0.002813428369509343,-0.002543449061130231,0.004101700691742043,0.0020316510376407336,-0.003965916877082772,-0.001359460163464196,0.0004073614932307322
2019-03-15,0.002017326929190766,-0.002479644541701882,0.007079067144439308,0.0049844491868515604,0.0049019570879494725,0.006347254193508643,0.012088647757999347,0.00012617012339971345,0.004682435526950797,-0.0038086481145722197
2019-03-18,0.00155344524883121,0.008659984313122296,0.01044068453388798,0.002676469369589248,-0.001512241975807819,0.010206644331514098,0.004072390356163292,-0.008041862616403191,-0.004104384664896426,-0.00510093731405519
2019-03-19,-0.001467084277400307,-0.004137195729666939,0.004977166564137435,-0.0012140771491018615,0.007809110743131954,-0.007679007910708445,0.0020028233844316032,-0.00025429698735922383,-0.01186481045629036,-0.0029265163546750655
2019-03-20,-0.0004895360774730385,-0.006318372420095278,0.0037194578614666,-0.0038277763723271936,-0.006738070911641458,-0.021092757003127714,-0.0027568517209859704,0.011570336269215794,0.0028507689370798357,0.00424981990174221
2019-03-21,0.010371977776943712,0.009422921282686793,0.013159328007840698,0.011841509799588198,0.003458956939327023,-0.0030202044268343815,0.024413773973799496,0.008886710720304844,0.010474540270071133,0.017717168356432143
2019-03-22,-0.0303860417071964,-0.02296110040163888,-0.02073642173946088,-0.002343156036575764,-0.018148926450361213,-0.028098971281694498,-0.023737437610806954,-0.012728633912298743,0.006866365829447327,-0.004759978213527162
2019-03-25,-0.0016173499131131453,0.002436806725912181,0.00557858708055603,-0.00012245820434514498,-0.0007053774323389401,-0.003926084775836129,-0.003979078259425224,-0.0018949162588724588,0.0011791269093989049,0.0005849460169758924
2019-03-26,0.005693346094509249,0.007017275558978007,0.00439590721377971,0.008490501297150387,0.006823291790134904,0.011260979737310352,0.005570890013523703,0.004478838630669811,0.0069452100855843186,0.006680615425022494
2019-03-27,-0.0008782615739642743,0.0010466821238478375,-0.002565684641973585,-0.004000994861303858,-0.008159076667908095,-0.004394506654578024,-0.00547726963286045,-0.005427596697512657,-0.006709633632873095,-0.003491649464531323
2019-03-28,0.009474046209930233,0.007632171830749152,0.005771866336671153,0.004209290782116287,0.0026413070442845195,0.008253206889732979,0.003745521210548882,-0.005011960023191089,-0.012532703899122203,0.007149298019270961
2019-03-29,0.0075150672403824035,0.010012619810440914,0.005139678060892824,0.006867003336106462,0.011739581085275362,0.0031887107899681434,0.009722647108028934,0.0028579420857077808,0.006014967304409023,-0.0010691621188418886
2019-04-01,0.014891370490690666,0.020504445878135387,0.011660564603726803,-0.002087922221319216,0.0016645616679786706,0.023916387237996717,0.013942187673422073,0.014418688889756504,-0.0071404797400065325,-0.0028119587720676657
2019-04-02,0.004020455882286979,-0.0006354606944272429,-0.0002523339480778042,-0.00848295847456597,-0.002389569170485191,-0.00011425650556043039,0.0030241081829864755,0.003992764590685305,0.0010913930810989405,0.008545150635933928
2019-04-03,0.013193208086456727,-0.0026544166317342996,0.007051033917873531,-0.006273933144699449,-0.0012156930224696922,0.003172214952450176,0.008290109110205555,0.0036667412660127767,-0.0015350143145928595,-0.0010641167841082767
2019-04-04,0.010016552341455952,0.006012824734430134,0.00705573687085023,0.0036573179434270255,-0.002426597068808428,0.004864342538258855,-0.004385163494186671,0.00661582973975074,-0.003933797028474387,-0.0028878406364406255
2019-04-05,-0.0004970525845410805,0.0029467899839065834,0.0062541183291411825,0.002721133279725607,0.007008641950494386,0.0008839069245177106,0.004257532098614229,0.00036967072180435587,0.009992148160184169,0.007579349405909658
2019-04-08,0.0004970525845411872,-0.00441560899268853,0.003883703210042972,0.004276074470324947,-0.0001690343609623818,0.0014941339534957768,0.0040526933227229426,-0.0015412598049818213,-0.007288165669389558,-0.005046488717642209
2019-04-09,-0.007843792447813826,-0.01407106796108004,-0.009078360165848166,-0.0015102653483821222,-0.0039134161645985295,-0.008815845803520404,-0.005239354468094522,0.000246719843998534,0.0026284438301742955,-0.0031559386953449835
2019-04-10,-0.0003061737172042264,-0.000141190403923153,0.004861374616812034,0.0032086131892413356,0.0013281600177905948,0.003349173797359688,0.00700957345411228,0.003017927949500344,-0.003791261905042616,0.007274692423427761
2019-04-11,-0.000584665724626137,0.00879742010501374,0.0012358480363713314,0.0011248253516095699,-0.012179089817115877,0.0055797448179235555,-0.0012395994634290784,0.0014748696105133003,0.005494375685705822,-0.0014152681158814229
2019-04-12,0.013032270947523492,0.012753204015990047,0.005472935861536232,0.0028153305897075463,-0.009747234776844874,0.019087927753332238,0.006910055516623286,0.012206437340788882,0.004990424305160422,0.005341077231099534
2019-04-15,-0.00462897999480497,-0.005174488107073176,0.002048638091302611,0.006858318595789839,0.0034386316936570543,-0.006277584652219145,-0.0003710933207284287,0.001757588750916149,0.0,-0.006005231315204259
2019-04-16,0.004711442933821661,0.005865386735720617,0.004763983417757802,-0.0005826268498511314,-0.02045928285238269,0.013573955135082364,0.0048504782492358005,0.002117207930862466,-0.013947120362720795,-0.024115869104946154
2019-04-17,-0.006093269389217871,0.0014571747968788393,0.001939427635367199,0.0036270272733778313,-0.029296448273699417,0.0018268437386840313,0.00578963398276066,0.0015095253399762102,-0.0021313006699447273,-0.009985731094420039
2019-04-18,0.0011332486852040585,0.011081362210314619,-0.0005295376365651702,-0.0003587329166640481,0.0013797154059719005,-0.0024218018645456862,0.002823692821359048,0.0013867279234331049,0.0001721119340877924,0.007487249105946622
2019-04-22,-0.006763156910555468,-0.003188398116775732,-0.0021634008829733726,-0.0003758641059825612,0.0006539097498011574,-0.00258238500429737,0.0022678388294714784,0.007204191273700256,-0.0011361291622615061,-0.010516319593810277
2019-04-23,0.004384680434176995,0.008841617206906394,0.012103614317376415,-0.0011456715054939813,0.01582524531845171,0.005817461290200136,0.011212230299072163,0.008517834007624675,0.0037133172019392863,0.011107452410880913
2019-04-24,-0.005664817120653675,-0.0031098552368253904,-0.00028325757151073135,0.0008551247826767299,-0.0013670725612674524,-0.001407213468236915,-7.947750907556021e-05,-0.007501432785706265,0.005441758446935849,0.007697904874685097
2019-04-25,-0.013033591488352642,-0.020067585498402825,-0.004764123100040305,-0.00748149684757722,0.011257100567234665,0.0025930030978834483,-1.446717398244723e-05,0.01075821016005811,0.0043253613402029515,-0.0017607597714221497
2019-04-26,0.008204319235119537,0.007178270136899384,0.009223659542620105,0.009138306475932497,0.009589351638635023,0.009370617816783134,-0.003532808623105723,0.007597483812583679,0.0015960110684639112,0.006800118544825707
2019-04-29,-0.0018485431953351307,0.0027073022256644272,-0.0034842872557644053,0.0008700492164105274,-0.0021090202537753094,0.009219069816065815,-5.8075602942480925e-05,0.008471390833388985,-0.0063652038312777,-0.010648481431332733
2019-04-30,0.008736375253785688,0.005012737604409791,-0.002014461805837962,0.012202734470081128,0.005336709862055426,0.0015713187597119994,0.0021300340036983657,-0.025931053001893484,0.01659365485783719,0.011814758421777746
2019-05-01,-0.018540044096333332,-0.007536178163446982,-0.011375842346699782,-0.011793585808866929,-0.0029655741740815715,-0.008596931573380756,-0.002717619425832749,-0.006709486464810966,-0.01070364075665448,0.00040336300515468045
2019-05-02,-0.00545041632158472,-0.0013178769585541362,-0.0002549697058965372,-0.0009549754552885898,0.004735022600326554,0.0015823883469285524,-0.005406460695544643,-0.0050617544249733975,-0.0028215020203862244,0.0014776755147775347
2019-05-03,0.009857071613736614,0.01231331324462887,0.013875873999038071,0.007343487364603376,0.007583380379876406,0.008239680796036767,0.009418719257382862,0.011532341117762336,0.00644723616407407,0.006600370505132401
2019-05-06,-0.013907227992870997,-0.009694695326789992,-0.006381140250569742,-0.0016272665916429263,0.005802497034809769,-0.006681438692375164,-0.0082009666599207,-0.0018530000937718946,-0.0064131609467685665,-0.004276396213717816
2019-05-07,-0.018373559088059186,-0.02064347890337338,-0.014682094244523006,-0.010059183914133634,-0.019665432250986065,-0.017055673211352446,-0.021389485868152123,-0.013674525964601811,-0.003136768402728109,-0.01792677404960498
2019-05-08,-0.001019311814633009,9.366568874028215e-05,-0.0006637494953390885,-0.0015262585958725145,0.0011853503018425676,-0.0028637938270177307,-0.0016764963415007825,-0.003584973299217348,-0.013892007522389622,0.00045440796257909867
2019-05-09,-0.008075206105266674,-0.0020002339575082443,-0.004282145611107898,-0.002147527295337178,-0.0020800071378890886,-0.001390718160472234,-0.006816811404840429,-0.0018278385444696612,-0.0009006106185899798,0.003265462572275966
2019-05-10,0.012639697169792427,0.003778217150890932,0.0004515993805549703,0.011627221879834284,-0.0006813829402140309,0.005199935303566281,0.0017853969530242013,0.002132169222482282,0.017180191160991832,0.011256309446251842
2019-05-13,-0.02199566730175592,-0.028835369534536654,-0.02990968602001443,-0.008313386239666863,-0.01760150687990879,-0.029166567032843545,-0.0378135588193877,-0.025515986381662383,0.011010901501420126,0.0
2019-05-14,0.008121362592713765,0.010625383871757352,0.008690629678748868,0.003712835809096753,0.004074347666072383,0.007933126188539712,0.015861489161472894,0.0024316462052120483,-0.008697055823366029,0.0035307787755377226
2019-05-15,-0.0023852583683401283,0.0012211388909653708,0.007777168833086793,0.007927022335744275,0.0026905785403846362,-0.004815523882258548,0.009789025085642594,0.02089121954715585,-0.0013604311011614295,0.006404017428067348
2019-05-16,0.013296457675113567,0.00861696845877855,0.009985025081549805,0.007461054652808758,0.007491493927181216,0.010902871663004758,0.009829402242796,0.009589790720859574,0.005802990535290538,0.005261435483830662
2019-05-17,-0.004987371041631454,-0.011076740770311696,-0.008047475371044615,-0.0018853237947971265,-0.0016719111342348852,-0.005975140475234054,-0.008245068205795004,-0.004783446199829298,0.004827070418037507,-0.0016771337665019352
2019-05-20,-0.014697761780886935,-0.0028162769382406396,-0.006973248225347587,-0.002226583694959792,-0.00037191572027675556,0.0013682856916710003,-0.017606052279154356,-0.011783113206159676,0.0016823126149834204,-0.01634379041925455
2019-05-21,0.014990036783409226,0.011753632371269966,0.005678310319727942,-0.0030950903568792046,0.008189060297812375,0.008526092296185927,0.011908853303046908,0.009534926787271268,0.0006050183061818841,0.008361118782935223
2019-05-22,-0.006598554952788177,-0.008190793342794898,-0.009045897452103956,0.0054901107264746455,0.006329724283936313,-0.00501310009669211,-0.005683828966489074,0.00030412706787572464,0.008131053435568397,0.004087978088761041
2019-05-23,-0.01541862299536777,-0.016053143177554168,-0.013473498316278136,-0.000657145841569551,-0.0036922360834312014,-0.015010494936877035,-0.01743520375081029,-0.012668125349580178,0.00816463689234844,0.005086633963004473
2019-05-24,0.0049776789001240605,0.0004517038754291346,0.0013911381459630605,-0.004003206257359897,0.0012289549825247625,0.00765719389117783,0.0004910385563923954,6.164597769468697e-05,-0.002084625576479453,0.0014989040197604293
2019-05-28,-0.009229859107699695,-0.00952790165255709,-0.004905372750286636,-0.018051752504220857,-0.014191767655417808,-0.01101864294178495,-0.0033093929641683324,0.001661317889319899,-0.016262676802945367,-0.011029792328625915
2019-05-29,-0.0005703295946880442,-0.004552906577777708,-0.008879605902172242,-0.007090819742455991,-0.0095908438139599,-0.0010925781775160798,-0.0059909648280702795,-0.011128323763480052,-0.013489938425513538,-0.011648314382212378
2019-05-30,0.001170354239883443,0.003868884179470324,0.00503886059184778,0.003274938911057589,0.005215877058388872,-0.004474024192521968,0.005998790551873336,-0.0002487629464197586,-0.0013658663861180205,0.006468164354698172
2019-05-31,-0.012433001776167012,-0.014738800801359246,-0.014464564789433339,-0.0141641318712418,-0.007844023645376662,-0.014889165093109405,-0.016148888160838985,-0.020671067229840988,0.004432391494635157,0.007715827574944209
2019-06-03,0.033620062501721594,0.007068279451652953,-0.011827767546709826,0.013160242521527706,0.0030440288970207553,0.006826783139425951,-0.017723260007439477,-0.02826519574033189,0.010288708944341269,0.004388815525534097
2019-06-04,0.02722603421252576,0.02338268098669857,0.02600058318492311,0.007762273379706485,0.016709885080270718,0.02671556295132483,0.032119375521656966,0.01728588731048039,0.00040395597963415413,-0.005589128069687751
2019-06-05,0.0077985031256064,0.010656716120224419,0.00435593604948207,0.011123868288339394,0.006724609433885223,0.005664973678174917,0.013682035700366234,0.0012187848213140627,0.021180371549076028,0.022997587503849018
2019-06-06,0.01122058207645835,6.343704937909707e-05,0.0049377360564857534,0.00807285032666062,0.0031574435071887344,0.003677321532500673,0.010803319060576959,0.004349732872436947,0.0043730209142838015,0.0014769630330606703
2019-06-07,0.0069842438250157166,0.008563470099919542,0.01566491069738307,0.01014622145025294,0.012673717611949298,-0.0019595053068792176,0.019068049758410387,0.014636710552701163,-0.007739768849759398,0.0026009674968753577
2019-06-10,0.0014465840278120987,0.0012577634860767453,0.010485557558938308,1.670201076971211e-05,0.003098429214521538,0.008832093507784147,0.009767087186470234,-0.0014477434979612703,-0.006002430524081861,-0.0030351536831806137
2019-06-11,-0.0006673810879010141,-0.009012304107134527,0.0033413854730481155,0.0040630195546394665,-0.0024798561469836083,2.2114919912632745e-05,0.00018561071143099604,0.0028934899049950944,-0.006942674907626843,0.0017788739793970184
2019-06-12,0.0031107543433217077,0.0020115463783009634,-0.0010801236626031034,0.0004153617377704271,0.005114531876229293,-0.009523160507030115,-0.005784960735729551,-0.002830534363360812,0.013242618896286569,0.0025974768934347143
2019-06-13,0.00575155488792478,0.005349612501237634,0.008940587813880163,0.0010625648572966545,-0.0011459608796342857,0.0023392752309122607,0.0021853346957910738,0.011336436861024726,0.0015192771313755345,0.0008643943991207202
2019-06-14,-0.00469829701231158,-0.0039108171389883655,0.0024177444936872997,0.0003317315200476193,-0.0029131758924152507,0.0025778913789143414,-0.008319474890012312,0.0038537783795192775,0.009885007560366442,0.003277677915337988
2019-06-17,-0.009435517109377518,-0.0032442448520289256,0.0010038900683706174,-0.0021088132551526995,0.004655122892588455,-0.009388046360872178,0.0016590039108703373,0.010552669585151863,-0.0033715763597599955,0.011175216841776041
2019-06-18,0.007633172507953098,0.018765242225644706,0.007454834784033341,-0.005751426018048831,0.00820514628655421,0.013043601612078789,0.017037160866723078,0.004104599907576379,-0.0031198599772685274,-0.003369347323191804
2019-06-19,-0.004673275414989844,-0.00018669018675381035,0.0023810416248863774,0.00408775362465928,0.009523835919068553,-0.002080895131469629,0.004341005253756235,0.001832322713558372,0.008058719821113806,0.006769856612462862
2019-06-20,0.012000801040872837,0.016021835600045112,0.006531856845733429,0.008059587038871406,0.0040157882202213014,0.004951577848030074,0.01421472535403299,0.006326491986127728,0.005401561047468216,0.005290233810412441
2019-06-21,-0.0032285611839392267,-0.00511206445772129,-0.003629373004486777,-0.0032426028484051333,0.004359089026297348,-0.0026938151871455655,-0.004599452326376295,0.003994217608513148,0.00466217202213224,-0.011035323127622631
2019-06-24,0.004467480650196023,-0.00231128475065219,-0.005135255384245184,0.002664384072797237,-0.004988715924513835,-0.0033442471476975324,0.001511277771234608,0.0010865187100652612,0.00016155002105277866,-0.0045770246022776235
2019-06-25,0.0,-0.007338956051458955,-0.010789159173901011,-0.0005289989245235352,-0.0041204862671652505,-0.0035557420880158023,-0.01854702568792112,-0.016117082017081532,-0.006252626426444413,-0.013597469090052744
2019-06-26,-0.0018452005618317961,0.0020181452247369186,0.0041142818274716815,-0.013936628929475801,-0.012549267172921357,-0.0016265664027189488,0.010872492126666343,-0.005163593936058385,-0.02174854200231915,-0.01975134464859632
2019-06-27,0.0034672955019857464,0.0009455598940926035,0.005890665348054677,0.0008882174905037077,0.00622412012535606,0.009167564762366444,0.002776305373493483,0.004304860005197049,0.0012613015624360516,0.0072435254144850945
2019-06-28,0.008534505599582621,0.009683260328207089,0.0024777671176479973,0.0006866691603962159,0.0036804725396974132,0.01393346869838504,0.0014290696255193761,0.007763045216333672,0.005194325416906412,0.002988128670122494
2019-07-08,-0.01062360210747025,-0.007384743539778291,0.001852931912516923,0.0017023986405538894,-0.0074835031874197116,-0.006347167257419109,-0.007331699331911393,-0.00898946086706306,0.0011361069370443234,0.003719601121694154
2019-07-09,-0.010184261958188567,-0.0021178637775671268,0.0032731341185580757,-0.005855987682508424,0.001104256756497032,0.003478776791823599,0.0031395433585094485,0.0028067332961684804,0.0006162008356422268,0.005235261607789187
2019-07-10,-0.0018830108714503666,-0.002897938900959328,0.003878662721467153,0.007326952605684623,0.0036199201029738204,-0.004619528272426049,0.007990576945007745,0.012563099262864556,0.003172277807291234,0.005207996322638346
2019-07-11,0.004287010823340795,0.007067397361415975,0.0016416360314563147,0.0024793584611026167,0.00019412496260388072,0.005947709987386026,0.0033808497504903964,-0.0008836946163494347,0.00035539332918962864,-0.012194475301025784
2019-07-12,0.010187278672045021,0.017612023146399813,0.010574766145187955,0.003334102601998753,-0.011841051669760514,0.006104120865958462,0.00792166383767648,0.006286880293899218,-0.006417378053409201,-0.0039407151680169285
2019-07-15,0.0017468727277518956,-0.004111737739920175,0.003382247092962075,0.0020275592547157584,0.0020735360556606076,-0.005312274910940622,0.0029930309929281783,0.0006440882788866421,0.003699909019232511,0.0012438324977852844
2019-07-16,0.0018799881645854017,0.006486094850668084,-0.001790939822647516,0.00011343372246412907,-0.00504167160595763,-0.002591748647886955,-0.009133182729031264,-0.0006440882788866331,-0.005717860286273326,-0.0018448688335063028
2019-07-17,-0.008886031056555515,-0.02197624330158683,-0.009044234062292699,-0.0013132364195064122,0.00018748351848160458,-0.008875341414239925,-0.002935526560492755,-0.008883685548417992,0.004323929702278188,-0.004044940511778984
2019-07-18,0.004275143767261705,0.0024674620479924283,-0.0021791565865621173,0.008175572986761956,0.005432487792063462,0.008167375206897571,0.008022137262463353,-0.008903721129277325,0.007884241289399239,-0.001467082627282355
2019-07-19,0.0024854333625993446,0.004594868196465081,-0.0070507360960027085,-0.0067813486090526395,-0.010687190224611684,-0.004862232374429774,-0.005552911066406112,-0.01326434681765199,-0.01458933259801924,-0.01702819004956921
2019-07-22,-0.0025400974416240818,0.001088031356737707,0.0016077479801973238,-0.005344312991665613,-0.0015280092564929106,0.0020897775311515634,0.012150766526428654,0.0015697284470706306,-0.0018305363833247747,-0.0004392884857568835
2019-07-23,0.019660005520077167,0.012299068340955396,0.005750185842145466,0.006267349518030731,0.006154423329361135,0.011299310988412165,0.005534677414332889,0.0030116875380086956,-0.00613718676449991,0.010099539324650228
2019-07-24,-0.0002145920647474057,0.0040311114612552375,0.0053405694817874275,-0.0063813818871419365,0.00032827495927287775,0.009108727386208885,0.00854439155079021,0.00880219555614202,0.0007239740615517176,-0.0007397818595217844
2019-07-25,-0.007781469002760675,-0.0020814875056775193,-0.006354711597984724,-0.0003910100360000003,-0.005539204095499963,-0.005943014342866467,-0.007940574198752604,-0.0007753385236860746,-0.0029980212445981013,-0.004843894960467119
2019-07-26,0.0004323248048824304,-0.001677361551657927,0.0022113435599190206,0.011809690011415566,0.004159655718254518,0.009857459397699575,0.005569883759626562,0.031940731935809305,0.004115842083158187,0.003275469595160271
2019-07-29,-0.0033559539660687507,-0.0017710783244513396,-0.005825590363581126,0.0025091654989350103,0.004067528571429528,-0.007865528575167396,-0.0005038856207928506,-0.004749819675537349,0.004916753270707593,0.0046110988961089805
2019-07-30,0.00589252631071809,0.003825841102775455,-0.006905301939169442,0.0018296739580991607,-0.004293051780208364,-0.0018435034933122995,-0.006996748949614065,-0.006699473979314723,-0.007680719262963915,0.008857849545855792
2019-07-31,-0.014961055815069808,-0.010590910900883332,-0.011867331999867314,-0.020100013833597618,-0.009940474185332041,-0.00433604952120354,-0.014798073274084935,-0.011168100478217367,-0.00525281235403402,-0.003015866338234429
2019-08-01,-0.005678969725384686,-0.02002932573596354,-0.01307126929017877,-0.004854394014195736,0.0010050889038235899,-0.0234925123233773,-0.005355229060702057,-0.004918011721403457,0.01001922745416467,0.0022412054893961144
2019-08-02,-0.01220726733382735,-0.006510687271303644,-0.009152960771374587,0.0011829367288926204,-0.002220229804443178,-0.002161292062249191,-0.016961318836402454,-0.007991523889704812,0.0005245677776447538,0.007591245536453212
2019-08-05,-0.01841048029586734,-0.028052785396797827,-0.0276529471166285,-0.027299025651241367,-0.023673673291492045,-0.03308341652785673,-0.04153401361775644,-0.02959350217708514,-0.015225168675268226,-0.019718919669333302
2019-08-06,0.0008222711848295939,0.014855184818827848,0.0145357705265996,0.009622934597899386,0.012613114004054566,0.014955229545447932,0.015958479178322195,0.01341645654053326,0.012928162884236129,0.011697040248795696
2019-08-07,0.013122154325471234,-0.0011276007896788259,0.0031439010375247825,0.011548931612770898,-0.0003074564906450364,-0.0122030143492711,0.006367219915626575,-0.004207723004390666,0.0021658646321914173,0.00930284904870386
2019-08-08,0.018707157038322403,0.016515725425440216,0.019635802196324652,0.012021242501678646,0.013692481789500317,0.0164889886591292,0.023599661189688165,0.022000158491659177,0.010175533518914417,0.015538971291142253
2019-08-09,-0.007081318521256975,-0.008381330401852875,-0.009758945280270206,-0.005795568135941373,0.0018084624466764077,-0.002973806818999092,-0.012540938067568634,-0.008042755874290122,0.00035692205651755785,0.000671937884776029
2019-08-12,-0.016111928459538422,-0.013919233355618867,-0.014400726677614327,-0.007019092097184176,-0.010574859037730772,-0.019525692489667748,-0.012641133862660275,-0.010297485792088381,-0.002728414040586425,-0.002648519109345572
2019-08-13,0.01148334412032671,0.011599564124811692,0.017001751011787067,0.012406473655102163,0.013276655952659346,0.012365696525996173,0.02440594740328749,0.015346765182962595,0.0013976004219863477,0.0018084780942498797
2019-08-14,-0.03310008537561669,-0.030394571982062493,-0.031888762121226384,-0.015984309833463516,-0.028749530368220748,-0.03624161640594371,-0.031576875710538736,-0.031118362051960613,-0.009431155360411805,-0.015883098209615143
2019-08-15,-8.614521591123375e-05,-0.0023315426018351727,-0.0007507427169431385,0.015003921851015763,0.003469979340534619,0.0031055120576714587,-0.00186396841437878,0.004751508560047682,0.012511963046363771,0.013274458189616553
2019-08-16,0.01742242639327196,0.01877432918288748,0.010874833346178895,0.011183843226720282,0.011869028898870442,0.018410558915468847,0.01861644484368366,0.011689619399845292,0.0035555216860802675,0.006257786835747206
2019-08-19,0.007702914869610267,0.009994455959720892,0.012377699790593066,0.009332008603256746,0.009819176691184569,0.009811084060266463,0.015442417997878252,0.013837456042491118,0.0068811031913095,0.008961168100924163
2019-08-20,-0.012228594749719181,-0.006987215604626307,-0.0007772040575489747,-0.012197348569806268,-0.008615142319520461,-0.014068287554094528,-0.00527987641199746,-0.009950893992747406,-0.0017960732986523453,-0.008124185652352262
2019-08-21,0.005259196895336508,0.006685813394653436,0.018107190633183654,0.003430915973033323,0.007459280651596575,0.004552497998865552,0.011724812834767225,0.003931855695285035,0.0067186572235885264,0.004965698702090271
2019-08-22,-0.007018398126697189,0.0013951945955331224,-0.0006152531427791567,0.004320513760047967,-0.004893563261543945,0.006226035698163144,-0.002615868695424244,-0.0016918359279986825,0.0006694674559775366,0.004278209505177084
2019-08-23,-0.024668434643777357,-0.02740073090779079,-0.027935040997803785,-0.016544067072499332,-0.02345823571754627,-0.025672646847492937,-0.03360820838402239,-0.02634796785552612,-0.010571320312779735,-0.012973923961372187
2019-08-26,0.002935604292276549,0.007365464509025693,0.010140650325017177,0.011189117562575986,0.009646501042203269,0.010733234490208339,0.013847741190129777,0.015158381934368977,0.011749630066582724,0.010151492611488124
2019-08-27,0.0009573622225778618,-0.004357591862122198,-0.004091633298523757,-0.0029152924221110045,-0.005500903564711528,-0.00698887523268919,-0.0013366760988945932,0.0009779243127306626,0.0013676396510030585,-0.003914724558502504
2019-08-28,0.008603513272970868,0.010513254445471854,0.01087414647336643,0.00936349539402192,0.007044968831298894,0.00909436258501566,0.0009497935426012027,0.005058067784130346,-0.0026097444763860775,0.0033742833305107343
2019-08-29,0.011603857326253733,0.017516929859684817,0.014645136539703353,-3.2169191117257345e-05,0.007675303597238267,0.014682954358102164,0.0171225816104919,0.013284490992407352,0.006416652831356198,0.007292625664856622
2019-08-30,0.006683642299685668,0.0043474375080665385,-0.005619712023955889,-0.001672555453596372,0.0016636777456381542,0.003957059890880437,0.00012924123191797668,-0.0007801307334325715,0.000474822005013692,0.0009078580206797237
2019-09-03,-0.008845587009179407,-0.014278525726109426,-0.0037178027058450097,0.0050573900194513365,-0.006305982828362724,-0.01112412094671186,-0.012712783029290778,-0.010318430542288549,0.01738140153263653,0.012990647388279753
2019-09-04,0.010734998389627385,0.012957450684747861,0.008575906781612758,0.009182289731641579,0.00014422164956238206,0.010765022114478837,0.016945716539682007,0.015945517669460826,0.0014607881680339966,0.0084330595785204
2019-09-05,0.0020544607474866283,0.01750402802695541,0.018825982870776838,-0.0073742379909843845,0.009709324302123843,0.018790258046848453,0.021053869053823376,0.015871425582441125,-0.01196651544089366,-0.009451451826458679
2019-09-06,0.0047682254895898045,0.0016379476250907117,0.0021264669412018127,0.004736637147584904,0.0031176048186143156,0.00015420964461987537,-0.0015198038405951262,-0.002235102508329224,-0.0033373167896085876,0.002157756681659282
2019-09-09,-0.005049433787799905,0.0028061002000540677,0.003031473514010048,-0.0026924816394982287,-0.009219245527022342,0.015257083863175655,-0.00722417247593265,0.002235102508329291,-0.006232130537235046,-0.008741169097274532
2019-09-10,0.009794946168142157,0.009942693927955775,-0.003829690096671136,-0.006112813059511833,0.002917048260910892,0.004026711096655062,-0.004925637441502813,-0.00029383313331946746,0.0009832609295713547,-0.013755723617914854
2019-09-11,0.009589669110709869,0.009557963263763127,0.0015957965237536496,0.004068657551425129,0.010062623014431565,0.005923868826121749,0.01005196053488782,0.009417756513367072,0.009717138256798659,-0.0031661187252349835
2019-09-12,0.007200787121289968,0.0007546714769108793,0.005215028766151051,0.0030327627619722844,-0.0012014471467819842,0.00462845521868808,0.0049673550594611015,0.0036612267774604372,0.0013491026206457577,0.005575665955848182
2019-09-13,0.011300769411684803,0.00514680435657009,-0.001886684199526331,-0.007567073500345004,-0.0006912203504159649,0.008345409288135671,-0.0067318428792756575,-0.0004641823800373233,-0.005722769230319344,-0.012820451510399698
2019-09-16,-0.01640748751060567,-0.0015021558261600076,-0.01313993643864026,-0.009616947374054356,-0.00232336382971996,-0.00486676342766675,-0.002719584370207955,-0.007690058600176087,0.0008195737751902374,0.010119737753995996
2019-09-17,0.007049160076682534,-0.0004059986167019159,0.006004467979504606,0.005465297484584579,0.0014421166263597909,0.0009581928145782828,0.0034791540114253038,0.0029198805138877792,0.008877194351085659,0.013882801661894649
2019-09-18,0.0008196774051762521,-0.0013995903819538362,-0.0006861640618809914,0.00024179257277281174,5.682210406826356e-05,0.004332522901325532,0.0006536761881229257,-0.0008167039592498121,0.0047046019596375605,-0.003123373105492734
2019-09-19,0.0015008743064280196,-0.004967119149410539,-0.002228184823624755,-3.217659143411508e-05,0.004700637805451526,-0.004034562337851335,0.002126657963252371,0.0005833771684493412,0.003599146457757832,0.0027539659384188445
2019-09-20,-0.0016374822350927903,-0.006574958358113297,-0.01174314414378278,-0.002211150410004587,0.006011177548487203,-0.006446581386872044,-0.011252926942889662,-0.004618366542284725,0.0037096051731112453,-0.0032891559500821546
2019-09-23,-0.0024338129835134916,-0.0017535809709742318,0.00230707604587078,0.0036288897714787955,-0.006115076488776802,0.001711782148350567,0.0022875955521563475,-0.003992536631549194,0.0012951786831046591,0.0023446342883834867
2019-09-24,-0.009684560022772697,-0.006415140407563207,-0.011972258696336694,0.0022995236235983196,-0.009100428640806062,-0.009451106601058194,-0.010303535049712329,-0.013504107303957619,0.010514612495007116,-0.00106879277029695
2019-09-25,0.005569102187199193,0.0071016945747906495,0.00965468992461229,0.0019415764537677235,-0.004830174905414373,0.007289524278048836,0.012317746145628968,0.011148152042001258,-0.0002744753189787896,-0.0007817904755308476
2019-09-26,-0.0020916747762538784,0.000823187488368687,-0.005594949614105369,0.0049733391823645135,-0.006306751688898991,-0.0039069415541908865,0.00039524001263642017,-0.007992737338920499,0.004807899796101949,0.009014964101665695
2019-09-27,-0.0025931116362447743,-0.004122823992412701,-0.003719016999653658,-0.000813873529480221,-0.004207308644790732,0.002363166248888161,-0.012898846821940734,-0.009316266766546464,-0.0034361829892358775,-0.007863084851431772
2019-09-30,0.007238344705241795,0.0020788214726919483,0.008385407322794972,0.004762011894124677,0.008914715115112442,-0.0010519666277557331,0.010340852280785405,0.0035336565433363837,0.000608976205137483,0.0015611723194451613
2019-10-01,-0.023248487516167298,-0.024249891418992996,-0.00774683950130108,-0.0028162844810288375,-0.009669299873068379,-0.021012327791414428,-0.008540940639532042,-0.01021580297713429,-0.0030488758938109657,-0.010232846263588884
2019-10-02,-0.018927273897473174,-0.019877125043831836,-0.017883148985814754,-0.01889928991709743,-0.0153101553840205,-0.02119436841376248,-0.019979310098508646,-0.013622140836987805,-0.013031472786398672,-0.005406042135865399
2019-10-03,0.004281439318418196,0.006997300206272217,0.005346897499695989,0.007167434003711539,0.009282365447348187,0.0016343594411856793,0.012292902043635446,0.008231948813176676,0.002687784875728166,0.011731378205877092
2019-10-04,0.005170339843066431,0.010890959263916002,0.009616922251601788,0.015389834209586612,0.015773719377010303,0.01914318906136585,0.01696294089869777,0.013930559068824235,0.015126295011474384,0.006039836976957082
2019-10-07,-0.003121738412589004,-0.005422812983797766,-0.004384210601388094,-0.007953295207396516,-0.004302674338810955,-0.004442930624749638,-0.004797987582344971,0.0004191678921033415,-0.004477282235619604,-0.0032413333992558965
2019-10-08,-0.017403731443976826,-0.015838377107045134,-0.011424727639303658,-0.009324507120945996,-0.01847619112990269,-0.0204433983022278,-0.018325106149797092,-0.013257180528892657,-0.0101863470875157,-0.004819874439200401
2019-10-09,0.010186576635855347,0.008482610951152056,0.008903144485105733,0.007546723835099817,0.0068298311379406925,0.009917568332111385,0.014410176045012713,0.0037539103385379117,0.005075525461940345,0.0030923396059773112
2019-10-10,0.009771997329786892,0.00856865336418501,0.005325428122956972,0.0020498514213537957,0.005128344659244634,0.010195137363909099,0.006355731306494793,0.006385549159010279,-0.0011666254661680745,0.001850811576876725
2019-10-11,0.018928337041827076,0.019501650253577918,0.01141216963357361,-0.0009924392657385706,0.007979952403424475,0.012730088486304305,0.014800627220490874,0.010334903435836831,-0.003477209016575127,-0.0028805293037504113
2019-10-14,-0.007483539650660223,-0.0023648251091063573,-0.0006341030360875768,-0.004284765073331981,-0.0003364130945116597,0.0011967054382347997,-0.0010129708540796557,-0.00202270486773686,-0.006742548822488329,0.001317816127753473
2019-10-15,0.006732161292162627,0.007845636796466935,0.009553761522114993,-0.004012526858339398,0.017450194128526463,0.013220674846779577,0.010983264942614838,0.016068405978207554,-0.002983753488407883,0.0012339205084164135
2019-10-16,0.0030300003334962017,-0.000430033637919047,0.004065146461944769,0.0008554724105340421,-0.001181670127999714,-0.0024494858500518795,-0.007097553758111495,0.0014640005009550602,0.0023628482314454824,-0.0011927255144814405
2019-10-17,0.0019133522409973767,0.0047044601347902325,0.0031758962819433117,0.003928775753728075,0.007548068589048712,0.0011395251427451696,-0.002335202990037932,0.006358095052759633,0.0022643381211397435,0.006726572078543071
2019-10-18,-0.0010255280731159221,-0.00875233973425357,-0.0032384706546770476,0.0018783897235916042,-0.0033664586834951243,0.0023180819578409906,-0.009156343156967228,-0.008760203410972545,0.003649277757930615,0.009722437390397461
2019-10-21,-0.0035003223820007654,0.0060733634303568014,0.004682436032667937,0.0032667379337745785,-0.0007444525575318626,0.014134777915534543,0.010606881851018136,0.00415610231907072,0.003666796374244749,0.007019231847623943
2019-10-22,-0.004071256990106506,0.008030715145627294,-0.007209623559622694,0.00028772128406653457,0.0017236354617292898,-0.0028152350999210893,-0.01380246234335731,-0.009036609794935565,0.004449783188849541,-0.003947303392472003
2019-10-23,0.0065727005615426656,-0.00028896611458431327,-0.004306745355288789,0.004703884585173742,0.006247592656721186,0.003575933819998899,0.001214540045123438,0.0063458810053427725,0.0036677473535823516,0.0017339383356290519
2019-10-24,0.003657547293134404,0.0012313082633987305,0.0005459408028211266,0.002827644446141639,-0.005984227399691859,-0.0004013952309523667,0.014704234560480567,-0.007348435709353163,0.0039278684371521115,-0.0027837850108320375
2019-10-25,0.010373021777765192,0.006345289215346877,-0.002122382769012985,-0.0052644634442182295,0.0019361823296759621,0.004911189841402422,0.011903812511492872,0.007055514858682266,-0.01093880714103317,-0.013135387421864866
2019-10-28,0.002870041528941991,0.002547967843305875,0.0037478664553753896,-0.0018195986200627823,0.010331267513475965,0.004991840746420125,0.01256488350710053,0.011649712864489363,-0.013174297544775638,-0.010824221910828501
2019-10-29,0.006664737385716661,0.003892353031124876,-0.005927453315147284,-0.0004154705287817353,0.011531114794575564,0.00279959304447815,-0.009230756675700584,-0.009601155698058243,0.001088892897891688,0.003840965695945456
2019-10-30,-0.00013553990330387783,0.0033242082044068768,0.006011232200845003,0.004640040846180977,0.007750850205146423,-0.0014406116647680959,0.006070256341817872,0.0019276376870099462,0.008607660354545093,0.006164234290680242
2019-10-31,-0.011042873022299166,-0.01142642523976001,-0.004620799243140426,-0.002086166912837109,-0.001313567180207498,-0.005510127858307771,-0.0012056657433044766,0.002680849575939063,0.004583206594140636,-0.003611699466810097
2019-11-01,0.014426696188920424,0.021836524866586052,0.006463182502623536,1.5957031217987403e-05,0.0016690259034275701,0.014122830887504795,0.012106083783299795,0.00828817823282592,-0.002089007719175396,-0.002841096452479293
2019-11-04,0.007806634698544833,0.011941486971251535,0.0011393434591860166,-0.009401613553782188,-0.0034595991766565074,0.008867657788138491,0.005459562334405515,0.00403224598405901,-0.012907040660257066,-0.010570278204733403
2019-11-05,0.0025174155147315753,0.001986163651997914,0.0014405815584160539,0.002491122102812852,-0.008983030906406,0.004220534393100127,-0.0014475461046014628,-0.0006900633870283169,-0.010302133009820497,-0.017784394515525565
2019-11-06,-0.0009098109823922893,0.000481372723670792,0.000573552195079636,0.005235268206984871,0.005584896273283963,0.0041010203166833795,-0.00014090688628550787,-0.002015526327852061,0.0026090925287106594,0.004106265461345251
2019-11-07,0.006431243318175401,0.0022577634679777562,-0.005656113245457764,-0.003839736676552479,0.0014210583460022596,0.006656271406817533,0.006665349437474688,0.006664414407584586,-0.013559235178549093,-0.010831133538581852
2019-11-08,0.003929098596058471,0.0016427956023206147,0.00027250865498784746,0.00019232761571772724,0.007957637870303012,0.0001617687793179129,0.005846367095111828,0.0036579795761317213,-0.003793989808805056,-0.002351597153277879
2019-11-11,-0.001140025285575469,0.0007260371939704939,-0.0027079061991109716,-0.001973162814692344,-0.004144306856304696,-0.0026121126216308603,0.0006026497125230657,-0.003944341301706672,-0.006794882288261497,0.0022234766348362494
2019-11-12,0.004155938347759276,-0.00031934888543154997,-0.0007991018551661089,0.0023096960531662084,0.005778999277102826,0.00036488206665519104,0.0028822748632632705,0.0029740043481407135,0.0024732656025833483,-0.007976031022637019
2019-11-13,-0.004792736834224774,-0.00400102370741949,-0.003846690991811676,0.008534779180361463,0.001097385781406252,-0.005752492382493577,0.002511948400944155,0.004217042259296498,0.014554652367287797,0.010663185809172311
2019-11-14,0.0048984173898949605,0.0024607099077957263,0.0034889675538019157,-0.0013193409517544446,-0.0007344464964329323,0.0008965553736563246,-0.0013178009980054225,0.0030093925148778405,0.0022738805341191394,0.008356540862160602
2019-11-15,-0.0007398372010288219,0.006840563925169375,0.0014510332187145068,0.0009062336126423946,0.021865899281722216,0.004531583344693032,0.0083778461443328,0.007061976556948393,0.0026463261071983644,0.00581252118098059
2019-11-18,-0.0022493191290829787,-0.0033129780661716093,0.0033461537093137507,0.005356936807465207,-0.0037790419543483485,0.001478997760201809,0.0025272185110218107,0.002754690339986763,0.0017289924652048735,0.004985253332969433
2019-11-19,-0.0032106788289442004,-0.0012035252285578012,-0.009744378782003467,-0.0024847207558629796,0.006517658892604149,0.0015778592119295425,0.0024296788216706558,-0.0025858210858750127,-0.002547379633156789,0.0018370180247785433
2019-11-20,-0.011897455197327409,-0.007485457027117496,-0.002827370279587598,0.0018363889810815701,-0.0008588714616091142,-0.005005129383615133,-0.007260978707726985,-0.00796819026219806,0.006246652254591607,0.0002919072692368235
2019-11-21,-0.0012110614593735009,-0.0015798997647361718,-0.005231031199656828,-0.0053604203341448275,0.002194460270348108,-0.0009755924967116286,-0.004861346476400283,0.002493356753636281,-0.003699272621434741,-0.013983313268261419
2019-11-22,0.0015337417503468636,0.0054170031167188205,0.0064498262520315255,-0.0014162851433013107,0.003996096879588893,0.007556095374161885,-0.0012190181018897712,0.0013008442044921738,0.0002511904364950153,-0.005427416643624009
2019-11-25,0.00619163191022707,0.0071389091880358834,0.008847000116488257,0.001766113815731146,0.010604893336121538,0.006497343387821774,0.01417370587547331,0.0011863111802634832,-0.0036806227686063246,0.0005525891503535728
2019-11-26,0.005223672573861403,0.0029595253691305297,0.008051165244785455,0.008200518616574337,-0.0006797049002269185,-0.0011836740586599827,0.0006823616991052725,0.003606650137467963,0.0038062422363587174,0.014302529929266719
2019-11-27,0.002018109040008187,-0.0018180127539137614,0.00826578554378795,0.0011660184871852407,0.004800151543937735,0.0037668699425036606,0.005706843526391584,0.006280484423004211,0.000941404040909979,0.0032203631338103174
2019-11-29,-0.00457326312244731,-0.005386835422782834,-0.00769318874198661,-0.0014340563415093746,-0.0035109135660685627,-0.0021421790886016713,-0.0033644832942850943,-0.0036401008334048294,-0.0014125344693732844,-0.004435949780954795
2019-12-02,-0.009478685088448407,-0.016218564721959334,-0.0076374108665522005,0.0025829716268462814,-0.0044146932888689035,-0.006474339052417689,-0.014058382579122375,-0.008734189111823044,-0.007757083438465698,-0.017644149289064073
2019-12-03,-0.006694434495700019,-0.011054937173968153,-0.010151199634076877,-0.0018262984776656456,-0.002083265413057766,-0.013259748365466015,-0.008514894730268034,-0.0008493568842170766,0.004989170340460094,0.0074002188328874275
2019-12-04,-0.00040632785710777527,0.003262406238575232,0.004039093006072398,0.0065968670583076245,0.009088948134201993,0.009824675191307137,0.0035203492192961176,0.006380445180086687,0.007187094184722804,0.0059989118874759955
2019-12-05,0.0065625163663309396,0.0005352464634582946,-0.0022289803636387725,-0.0018803963448210312,0.0002951502073673822,0.0037174689508825804,0.0038963496847837465,0.0038760964394122643,0.0001876096343336299,0.0005474235666460803
2019-12-06,0.010150219046631501,0.012497056090772242,0.008047416040244703,0.003679055420497411,0.006144205352391024,0.013420832707406901,0.011149857134721657,0.006259774121822846,-0.002222370350233987,0.0010097625136345826
2019-12-09,-0.0012531529302824463,-0.003455812625990945,0.0007236181426133095,0.0014990976914328034,-0.006847622444961614,-0.003008978023219806,-0.004846449894007203,-0.0029014026052243723,-0.004900423127387689,0.0013448513408448031
2019-12-10,-0.005886809785955259,-0.0017397355136758454,-0.0021304264092200896,-0.003516974938899145,0.0014670119697891089,-1.9976980185342017e-05,3.272437789264746e-05,-0.003582624546825828,-0.00040947065820975373,-0.006826807366393703
2019-12-11,0.007086617130755159,0.00673574101968836,0.002947763360782781,0.0015176782020882528,0.0016553649435675185,-0.0020577553397062155,0.0070430900092359324,0.003023650179420219,0.0033024146775060444,-0.007597857113642838
2019-12-12,0.014260860261095954,0.008567074644516982,0.008708487170566298,-0.0007820443334260384,0.008793875928267221,0.0198014509433486,0.010777725987519618,-5.5880499012852836e-05,-0.004910294721676801,-0.014592507422843766
2019-12-13,-0.008177107889588633,-0.0027650009049086923,0.0003945192419852649,0.0032493188544510903,-0.0011165448451459041,-0.004716699756866139,0.006389580863366999,-0.0032482209014702015,0.008358173227908277,0.0017710363086274321
2019-12-16,0.004677013244309085,-0.00032060560217104297,0.004257051323715411,0.003596254413867456,0.010769418321664838,0.004010638440384583,0.008629370413483725,0.010323989394700616,0.012840435165735528,0.007566975685909777
2019-12-17,0.0018173507697380852,-0.0007437309681662735,0.0054938855314431555,-0.0007461803202806422,-0.0008760354425392991,0.004873539977979406,-0.0017034167371674336,0.0001110546426832015,0.0023759079608627206,-0.011632032395445347
2019-12-18,-0.002397492204835299,-0.004986918685336195,-3.0868138154950435e-05,-0.003661438341299622,0.0012159439402870354,-0.0047558284668431,-0.0006150279446495561,0.0029378296836436073,0.004336011241769472,0.013172801405587506
2019-12-19,0.003291772359526267,0.0028548410672934624,0.003560672269283802,0.0063637916991727056,0.003876278441595883,0.0002942181721086725,0.007071494822024207,0.00788386759991204,-0.0005525573856768017,0.010634777704056228
2019-12-20,0.004485722902989105,0.005772469609885419,0.0011772100248009232,0.006523800769098517,0.007741198452719348,0.000568616337493188,0.005663970838379441,0.0038366554636214355,0.007768124505789962,0.0065372242246939756
2019-12-23,0.004126805652404523,0.006302914474491665,-0.001300190656569276,-0.003364812648721415,0.003253976012317428,-0.0017460686917458133,0.0030135045796083775,-0.003397506601102846,-0.009888828087050085,-0.005437695619279737
2019-12-24,0.000677496941991332,-0.0034001126446770546,0.0013001906565692303,-0.0004329517803055489,-0.0009968221752603681,0.0010009318389110466,0.0003869721262647864,-0.0013181933008047126,0.0010455314808680105,0.0016892995855122329
2019-12-26,0.00408117982687739,0.00231624273172555,0.014211571088506946,0.0013602364972460119,-0.0011824831935281497,0.005477464767011099,0.007373766196154124,0.008101619335286695,0.0018424316606619742,0.00542847830651529
2019-12-27,-0.002545550537771828,-0.0003615511891616475,0.0005243824086466474,0.003977245305438981,0.0006375332819167837,-0.0013665709191249635,0.00022296742208707639,-0.0014184873650062118,0.0026349347968111047,0.003477252009598867
2019-12-30,-0.003987128627186671,-0.005715382189677284,-0.007203733252666394,-0.005229202683933414,-0.006587707373294914,-0.003895170732575138,-0.005931925296872331,-0.010317317237043086,-0.0004590549032280617,-0.0012973053491054502
2019-12-31,0.007492048403463739,0.00029083807023193336,0.0014915159342296421,0.0006029200707725694,0.0029836734069090686,0.0029179210541349053,0.0037434250530375642,0.001983912323626916,0.005159994738188766,0.006345004754709457
2020-01-02,-0.012465604216758604,0.017944505624069056,0.012814391656277091,-0.008225754078957743,0.0018918300409399532,0.00938116485329901,0.017198859056030618,0.013072078294404781,-0.013922694392371907,-0.013320717596589798
2020-01-03,-0.01637711672073017,-0.001172041959703846,-0.008554932245160586,-0.0017469629667585865,-0.008537322720955224,-0.01108390940390733,-0.010696827427439862,-0.005558015022387734,0.0011110660141822595,0.00806387478118794
2020-01-06,-0.004518307912335431,-0.0002717678963510729,0.0036480526657541755,0.0023701801759334618,0.005862547242187652,-0.0005681666130677929,0.00289400711031946,0.012111545125318326,0.002464781289829063,0.0008362475464744552
2020-01-07,-0.002092272149826949,-0.0012309950876638325,-0.0012581846622703213,-0.007315607314681797,-0.002411781246286678,-0.006705700562762252,-0.0011012339452730023,-0.0003779991056406606,-0.0019713387805265097,-0.012025544070435372
2020-01-08,0.004928615577413204,0.002289103114004156,0.0015096317427635464,0.004492623002536069,0.006412971527794275,0.0053916780315998464,0.010281899178210674,0.006835172438184667,-3.086242893771884e-05,0.004221196752380259
2020-01-09,0.0032812134284758276,0.004562372323479704,0.0055658928059021855,0.0073139743279803555,0.004695205241209814,0.007663438729321642,0.011250097623773112,0.002571223436895345,0.005227923357110753,0.0006316840140033028
2020-01-10,-0.00424356104335095,-0.0071523341987190445,-0.005455290846956338,-0.0012877567698993447,0.0004090461415014075,-0.007840070110600842,-0.0018873819461236738,-0.0015526346781972896,0.0024201851057532547,0.00942711483994426
2020-01-13,0.013495373812872299,0.00882948500286602,0.003202575334754332,0.006807731794973203,-0.0035367322534905613,0.007255674479421132,0.013351889566686356,0.007739340609222763,0.006556981873880984,0.012309255346139913
2020-01-14,-0.003859965224766357,-1.4128608738333774e-05,-0.001163358653298697,0.00023120909803998302,0.005454590866106075,-0.0023996586835115497,-0.005979409542197785,-0.0029818847946482692,0.002762401858861075,-0.0049551941813518454
2020-01-15,0.00638992167449279,0.0008516936784845824,-0.0025722686633909268,0.006438503254074612,0.008452750354876368,-0.0055039312467073205,0.0007067586841329718,0.0033539554271441265,0.013967668904319264,0.007711199133031036
2020-01-16,0.005747676676128427,0.010010074790341841,0.008914285225511692,0.0030892841541257797,0.005223292620142799,0.007689245760701598,0.013912579103702872,0.006621663926626186,0.006050054514385769,0.007896739897702173
2020-01-17,0.004855813886138859,-1.4061917882947386e-05,0.0028180002363481283,0.002546774634558911,0.0005996595156632323,0.004298196715851246,0.007113008829721398,0.008935734658638157,0.00757780514042849,0.0013440115912685348
2020-01-21,-0.01070872081942108,-0.01091878601573479,-0.0017018111775936907,0.0034059001713190027,0.00041874616306038145,-0.008673671545483668,-0.0008328508690094462,-0.00047112924655644115,0.008340067916325107,0.010647247069577915
2020-01-22,-0.003929954642382893,-0.00581142288613744,-0.001046383123182703,0.0009710139329200285,0.0011814259051063365,0.00265882716848084,0.0036604227574629005,0.0005757235306140191,0.0029492341321097227,-0.00792406299498375
2020-01-23,-0.001375123225395901,0.011193941303344465,0.0011958031361254476,-0.0026420748397273258,-0.00496461630803542,-0.0023456532884454,0.004822979752861367,-0.0034067692097738186,0.009142803909730839,0.009613924857641403
2020-01-24,-0.006904287055106019,-0.0047719198600157855,-0.013404578088528216,-0.006513518281120751,-0.01691045203125757,-0.013714213741874277,-0.004513174182987487,-0.010502830464126624,0.0032883803502153897,-0.002334388217736522
2020-01-27,-0.02122125459912408,-0.018841348091744422,-0.01536855114508608,-0.0031883059250417916,-0.007604824290604447,-0.015495506572570625,-0.02391151284274124,-0.01706974873529291,-0.003028303632289313,-0.0041590126145803616
2020-01-28,0.009750906439136285,0.006257631113406537,0.00977125582510391,0.0011814919225313556,0.004759788219332294,0.011240720246275183,0.018555625131372218,0.011750021205667543,0.0036904630067078567,0.0029898025858129075
2020-01-29,0.0036322259410968547,0.005518632618149129,-0.0005786638776967423,-0.005212011202244775,-0.0027940989857375143,-0.001595282999560176,0.002136422962859937,-0.0043298080301569205,0.003017165198099559,-0.006272669970050835
2020-01-30,-0.00589893405647315,0.0008429709493694707,-0.0007416973078501913,0.010442714562481645,-0.007783914306411659,0.012415394393600036,0.008796783324545015,-0.007960003978293934,0.008883660433489215,0.0026352365687155256
2020-01-31,-0.022318794334848582,-0.023175508303189873,0.008188622158490139,-0.01118286552531842,-0.020058155951170185,-0.020409887376407365,-0.02755736514757023,-0.012770904822660092,-0.00444630520308773,-0.013697730161790826
2020-02-03,0.021129405541062844,-0.0004093222917786621,0.005980019641978638,-9.255740107310717e-05,0.009212567376186195,0.005936860961669091,0.01310440776765709,0.012608902506645037,0.0032511497859440725,0.001312689194244702
2020-02-04,0.01729523886820294,0.018228890666671483,0.01746253070610291,0.005446468743786038,0.01683275019572827,0.01032526994318931,0.025652993696103025,0.006996438934407543,-0.010331691686674594,0.01181803519358537
2020-02-05,0.018463628987066837,0.016477053437714016,0.004940832829015253,0.007551247406675146,0.01948118296148504,0.019501842200185082,0.006010423101368819,0.00048254115053610616,0.004191376601690847,-0.0006889350876837634
2020-02-06,-0.0008093403314537754,0.0030743984235307655,-0.0015690174907882484,0.0032991705080582727,0.0011089955333211693,-0.0016900824638751847,0.00878705001645047,0.011353103571762476,-0.0002578506869953966,0.004005449044576532
2020-02-07,-0.014734410858105736,-0.007022886096523686,-0.0029189352713868666,0.0017742475407966855,-0.00812191301922626,-0.0035839364482143313,-0.009821579155206718,0.001059499030801416,-0.0031282654919580445,0.00048439818723773013
2020-02-10,0.0001590181835709109,0.005613780188782827,0.01248085383285493,0.003735338026405158,0.005106731752188307,0.002085683397169847,0.013416460528021396,0.008330315388040868,0.0033574402430800016,0.012194328835966176
2020-02-11,0.005128222986065472,0.0035331138681333847,0.007630524861053972,-0.003614109198707265,0.006136649125138006,0.004022600512236378,-0.003453328537982701,-0.006162038867254882,0.0038030414458454826,0.012126154074028023
2020-02-12,0.005233259166292663,0.009133674096161068,0.00981046572749631,-0.0003939780597786079,0.001384275793975081,0.0007367005827680166,0.010565367911113852,0.009150282236004635,0.0001996912499499597,0.00667374567384167
2020-02-13,-0.0038104614491306543,-0.006972148843144346,-0.002419704189673335,0.005516428715318515,-0.005432516029038839,-0.00044578928629238475,-0.0029904198860227172,0.0014646588483224236,0.010163372337891009,0.005034621987109746
2020-02-14,0.0005790725097680295,-0.0005890281125406945,-0.001715408660143582,0.0028145005959325383,0.0013236833408736483,0.0007751528943313044,0.004926886320769982,0.0009926723869301008,0.006447304856660501,0.010995489662031068
2020-02-18,-0.0022655050199124104,-0.005627476962373246,0.0008149608194854634,-0.004126621589878826,-0.003685960306236008,-0.008912446037102036,-0.0034951111389422873,0.003960785445430093,0.007827223434806917,-0.0015413432397261017
2020-02-19,0.0019760508438120914,-0.0005362680455750061,0.004675712186534333,-0.0008303771228559694,0.004528923810519128,0.007341998197144348,0.010815323215231935,0.0036861486680036188,-0.011003408042957243,-0.013706552521582153
2020-02-20,0.0013414330779940246,-0.0016529038415099325,-0.00011447512324256819,0.0010114553678498102,-0.006231443434155407,-0.0013008494565839137,-0.010147807607921576,-0.006081564373650615,0.0031481785795723608,0.011467394136019686
2020-02-21,-0.004003453133391,-0.004435420938536198,-0.01648765617827032,0.002772588037548545,0.00031582327084609475,-0.009761889080058395,-0.022764480818695403,-0.014071469961344776,-0.001825851649924729,0.003780501625288716
2020-02-24,-0.028998450162318126,-0.030234298721159684,-0.035923024042464315,-0.02515694509766639,-0.03317659238693941,-0.033292863674638754,-0.04275322032922767,-0.03371553042384437,-0.01167984532244106,-0.013490069491022482
2020-02-25,-0.04395911858794479,-0.04111787764221475,-0.02639496224061286,-0.017637607700585985,-0.029950820253173218,-0.03464954272664342,-0.03233126781635389,-0.024357745140598224,-0.021885400092792932,-0.026055643882071447
2020-02-26,-0.0034125220884458182,-0.007978331086532906,-0.006961059358099823,-0.004880477620343717,-0.0010272971893041962,-0.006763384330951823,0.003980461410192078,-0.0020755350252588916,-0.009700042254935206,-0.00881134855584638
2020-02-27,-0.04769398400150324,-0.03860346534417565,-0.041525635266028364,-0.041520627374987726,-0.03388228109757001,-0.044704578306059964,-0.05475385377405127,-0.041329892925439524,-0.048051997451305936,-0.05751268623818035
2020-02-28,-0.012113704870068145,-0.011895466381829076,-0.007733957737362874,-0.02103024682644823,-0.014187772582685514,-0.026047572710018205,0.007853949296898111,0.002221472258336675,-0.03377090308205064,-0.025666883159732336
2020-03-02,0.0406247732178272,0.027135410191325846,0.03435717595373708,0.053371078342507115,0.04713036863930631,0.04754675984978267,0.05547337109901026,0.03522621791778088,0.05697251338257626,0.049312895622372795
2020-03-03,-0.0075784613894418805,-0.024583717742196125,-0.023485781652255806,-0.013179020680292176,-0.025773343360152308,-0.03801663849297187,-0.03867787754373473,-0.03382570716008147,-0.011716208340076245,-0.0010456532854783548
2020-03-04,0.03932984033439514,0.04105107778774809,0.033563734858784756,0.04806597137183258,0.05649640539170559,0.03235320233717052,0.04195167888394212,0.03517777480043015,0.055355020558630154,0.03910642338040907
2020-03-05,-0.03271013181346372,-0.05087382645035473,-0.038382095113220084,-0.0201201716738284,-0.02424332628503084,-0.05003997746915424,-0.03263300666204054,-0.037688404820050495,-0.016442398000047615,-0.023864956049050708
2020-03-06,-0.026596761425600822,-0.00901569334030639,-0.014243589748259152,-0.007704063818007156,-0.005194545735272668,-0.03345043601604649,-0.020520596058395343,-0.012529973302308707,-0.007733186256857717,-0.017084487168123788
2020-03-09,-0.09719542473897638,-0.09654212493322507,-0.06383560398914845,-0.04509538374763933,-0.05328029293838405,-0.11557367732596327,-0.07857609258945533,-0.06410839641536224,-0.05806166986037858,-0.07416603652370977
2020-03-10,0.03858923785191036,0.05085603852389894,0.05240867150946031,0.028832088812053184,0.03409865369960424,0.058654608217078595,0.06387215478484441,0.04431998996078856,0.01005340316741949,0.048689115564169716
2020-03-11,-0.048806048503622634,-0.06128290540515342,-0.05509964651667798,-0.05018645341323713,-0.03987924138472668,-0.05679764603040616,-0.04816499167577461,-0.04425691124667015,-0.0523206732464279,-0.05593982080960186
2020-03-12,-0.10108619276791884,-0.1090093362735216,-0.1030830069731194,-0.09690027205334266,-0.076996740574745,-0.11396706474791307,-0.1035394546733714,-0.09333670981080527,-0.10752383519948357,-0.09097608757127214
2020-03-13,0.06687519272136871,0.07537768355847387,0.05906113582847222,0.08074718339923018,0.06722419170374022,0.12425067393398534,0.11300242314441969,0.08802127399393707,0.05403661451123647,0.08280162351760353
2020-03-16,-0.12146961897673626,-0.12154999463897866,-0.1287717139701147,-0.072494529288631,-0.10527412679232831,-0.15070703033852315,-0.1498334157863612,-0.1103005196018391,-0.12265320398171273,-0.18091020564828114
2020-03-17,0.06443663810686835,0.0411210181582819,0.0394907886123669,0.08060374054315844,0.06067611654011983,0.05607339613225282,0.06554821888761829,0.03911174734221323,0.12320387736791356,0.06709714360869355
2020-03-18,-0.06358269546458033,-0.07421998490534905,-0.05053080014091747,-0.031132286983952186,-0.03456031573556805,-0.09263193106603429,-0.04697862313066362,-0.02854082392750921,-0.04749046834140989,-0.07753662823338484
2020-03-19,0.021912356019778728,0.00328484497699508,0.03345881580751107,-0.029504099430163005,-0.018836937893523423,0.022274571166807377,0.011010527560499098,0.016477658531772285,-0.056250466211062985,-0.013528147706733504
2020-03-20,-0.03589963862064252,-0.05173938288715637,-0.027522794262324034,-0.06756879203542483,-0.04161631127761168,-0.0332488752057644,-0.045228100430529994,-0.047446432667701155,-0.08533336582877973,-0.056317840477100284
2020-03-23,-0.05039085275172184,-0.04595949279827778,0.003508332238777686,-0.030142990640046993,-0.05102980691224031,-0.06303639356539682,-0.009851362697411064,-0.003912259932393689,-0.05476260179224947,-0.0571549240155777
2020-03-24,0.11003365589850816,0.12000786958401705,0.0828620048194595,0.04725378645737579,0.07313819118168075,0.12004019301000335,0.09807235518533654,0.05651706559098904,0.10379618975604263,0.08202902481956624
2020-03-25,0.02174275017220634,0.05159459529261586,0.010900897794611949,-0.0017151820929546542,0.012576899037243303,0.026210211825106963,-0.0028127927252583,-0.01597376889766128,0.028021316983493645,0.043971898782353774
2020-03-26,0.04818380960743599,0.06217217867399648,0.04212263789816546,0.0551739653478106,0.0674756337026402,0.062295577459260586,0.061560476376807054,0.058744848059516026,0.08052812715852502,0.07519121674944666
2020-03-27,-0.038833742627372575,-0.044303392639269724,-0.03428366738541832,-0.007209728792407448,-0.024419535920433062,-0.0336326589775548,-0.04715537060880249,-0.04181112718303612,0.005206043639299486,-0.0007220185385696774
2020-03-30,0.032001381525458214,0.014986967006396075,0.021707088438813842,0.03829035142943878,0.04566623028634367,0.019933862344121624,0.0414695877962734,0.03515040751637672,0.03631592295450272,0.02697640660642317
2020-03-31,-0.014441678992495422,-0.012780643787500188,-0.018005939488018895,-0.019773586039858564,-0.003942220156703388,-0.030398581482150612,-0.01907646933512697,-0.005174475860801062,-0.041025040306061814,-0.03313474333920811
2020-04-01,-0.047022880652701785,-0.04692462968023354,-0.040461680663110636,-0.01846217312003183,-0.039374858151221444,-0.06153356379947784,-0.04829248616213044,-0.04010173671809867,-0.06313643452376982,-0.06304464477893375
2020-04-02,0.014876536052745137,0.014508763544046037,0.003486332596781818,0.028530324940774843,0.027473519147864413,0.024379970704468158,0.022509740591152978,0.01804450040130345,0.03096755419963218,0.013291047180834915
2020-04-03,-0.023648581329942152,-0.01564324278406849,-0.014801780993871945,0.005409384074064059,-0.009657723282174558,-0.022598919188635238,-0.016650233289463145,-0.022207168449417503,-0.03688225412934499,-0.0076125093841646905
2020-04-06,0.07329440937135498,0.06785704379769258,0.07446544398211014,0.038455334767084154,0.05256718257357234,0.07193173090441927,0.08413581913026252,0.0648686922777963,0.07556004144488788,0.06964508734494228
2020-04-07,0.023894323434635375,-0.0018678053245972772,0.012262588792366741,-0.012095558861530365,-0.009373419128628475,0.009377431561944536,-0.010676634733449321,0.006688546068664878,-0.012203393600444055,0.0011786494050134168
2020-04-08,0.04875789945375161,0.035816472009223,0.028045037732125605,0.013953846017253487,0.04119598255750589,0.04306858590965456,0.02706818111059621,0.016369098792143464,0.05269672000784653,0.0714448672382394
2020-04-09,0.041829359596500575,0.01415844590851077,0.014223361647813243,0.00783453209398574,0.0055578660963945615,0.05060494450296118,0.0001600916841814197,0.00685283038090557,0.04638001198245014,0.05017203892886593
2020-04-13,-0.021517655480002777,-0.029001889720934575,0.010957673663404445,-0.007615131226400222,-0.009867590999226539,-0.03645538828457249,0.0020257210948247703,0.0009480384994497267,-0.033394510465188106,-0.046934746571020286
2020-04-14,0.011442034090104991,0.018728171876741494,0.04100762360665074,0.04145023236709267,0.03252022585465443,0.0033066436378703765,0.04083903273334981,0.031833651191584995,0.029313104952968738,0.03203981013691768
2020-04-15,-0.04611680227071966,-0.028604843821419396,-0.015814460971557677,-0.015746084295774353,-0.005255249969526112,-0.04464296348992973,-0.02210385602248069,-0.01051965476415125,-0.03417134654516776,-0.03885988023481661
2020-04-16,-0.005349289628896399,-0.00846281760731289,0.01921043374695174,0.007961197186407186,0.021736051512652274,-0.0174953173088286,0.012349535657830653,0.0042580980083424995,0.000738630980251098,-0.005951853365187295
2020-04-17,0.04002405780951117,0.04591763318820865,0.02026701812698604,0.014931162002327254,0.02046475028966209,0.05417314519122851,0.013670325877392746,0.014064087991927715,0.03258841829161883,0.03169906212714026
2020-04-20,-0.025714280698227298,-0.02732764528431619,-0.012763894355068181,-0.021068409448376076,-0.007816293373719392,-0.01975703050275242,-0.018009735070679787,-0.009211092594008864,-0.039627486761794485,-0.03807408294382388
2020-04-21,-0.02509487256073631,-0.02445610801054222,-0.026972484754822786,-0.022931866855930953,-0.03189083110592963,-0.032548108719802314,-0.04187673972207105,-0.03232206646254253,-0.016184615628419226,-0.016216004940496485
2020-04-22,0.021031874317451377,0.011385819691084804,0.020120716209830206,0.010692726075808612,0.01589812324691358,0.010827655910696773,0.037961070719395,0.023581946659612663,0.029046478522055337,0.01887720435277396
2020-04-23,0.005392086275614956,0.007641848908981761,0.00319523778124765,-0.010239376232489565,0.004803804851541625,-0.004317021150687941,-0.00691426483016404,0.007084202243987001,-0.017774650116173286,-0.011958102053913629
2020-04-24,0.015493743657806685,0.007641621769832691,0.014188719324040543,0.011103196105555784,0.014309069521388823,0.014031889082463818,0.020851129855290442,0.010502637761823395,0.006263798699701997,0.002881054449515178
2020-04-27,0.026036789789086474,0.02490825649992545,0.01188098413402851,0.003265625856440822,0.013060175555171182,0.035459012481097105,0.009063671520281648,0.005572721108068281,0.010843253918523506,0.02954741112857972
2020-04-28,0.01938936172627756,0.018227077970795875,-0.0026292637207535638,0.004376198157650125,-0.021526109475715195,0.009049418731710546,-0.014158465600149647,-0.01908772084662436,0.0035329755873511853,0.0002366952386516573
2020-04-29,0.025340708929211645,0.019184051289373054,0.022809056017123342,-0.0040783548229602635,0.007369821278530475,0.02962921957758912,0.041312545552987745,0.049253271281807676,-0.009225313883650135,0.003496367784947161
2020-04-30,-0.030015110117930684,-0.020621257769781336,0.003920576781971312,-0.011398038074900073,-0.004396399802389066,-0.027194628298131573,-0.0045773513877545345,0.00023446170445533986,-0.024095901954515025,-0.006672545144758264
2020-05-01,-0.021919662450423864,-0.03021109010792467,-0.047226252717583635,-0.011868106255838874,-0.02099281776711616,-0.03373383095763623,-0.029589280064965466,-0.015768808045475046,-0.02476136112515355,-0.03291806592511766
2020-05-04,0.003998626979317992,-0.013391946438556452,0.006875401187862229,5.074850689634631e-05,0.0007291157438432178,-0.00920047151057865,0.01412787456530536,0.003209281723215451,0.007517456080863338,-0.0001472152140820678
2020-05-05,0.0029884885668367937,0.004266555272672091,0.003468886752591364,0.0013200030795589572,0.021278592311465408,-0.0006900073368046318,0.014142623103315233,0.006152095867238247,0.00923150927928012,0.0062622455994225746
2020-05-06,-0.0183830553937777,-0.013748831447868072,0.0031430832769500506,-0.011053218318048556,-0.009874793902255355,-0.023352408903117745,0.007102149695449968,-0.00401825229599749,-0.03575781803062541,-0.018607472100314756
2020-05-07,0.021114719049529777,0.011329456621125819,0.013339945836697082,-0.00414658129883362,-0.00045159400728378603,0.021943288885833776,0.01504141217441501,0.015510559489246114,0.004374809485084862,0.00846061367242191
2020-05-08,0.023679748032600943,0.02466586799509457,0.016499386033527515,0.022462138312281246,0.005379560161830354,0.021661533545570013,0.013876349695020643,0.015618069607678572,0.01990924433281938,0.01850048287627058
2020-05-11,-0.0152833373943853,-0.012551173071613245,0.0009553073092694439,-0.0019494741128852024,0.016876726779298887,-0.01961755894715642,0.006935164491608077,0.0013765731755921707,-0.004781725860632358,-0.012213940019898162
2020-05-12,-0.015739044432240765,-0.028825034831711054,-0.022743560962388523,-0.008717846158959288,-0.015020929151384461,-0.02707258337704664,-0.021584985937319123,-0.019563101656468383,-0.009063283862715023,-0.043426324684930184
2020-05-13,-0.022069883217747974,-0.025982164878583257,-0.012149899080901864,-0.009136973213847583,-0.011055872711835418,-0.030511161118859653,-0.01702220311913703,-0.016322739368977136,-0.00903851549194414,-0.016237935637990586
2020-05-14,0.012215994998234626,0.009663639995883934,0.013019018536119345,-0.0031387799716720024,0.010684946480155638,0.026078838836852303,0.012490787888170912,0.009990253475806881,0.009465179989080088,0.0009350576369454241
2020-05-15,0.009572812170103029,-0.0030845859899076697,0.010583220111173193,0.007547263972855522,0.007254622779374976,-0.0073737410805885485,0.0042145079340377345,0.012508927791087985,-0.014177494979432933,-0.00442309080677141
2020-05-18,0.044625538696382604,0.06403766158998585,0.03153610036330239,0.016503221427325444,0.009334229125152598,0.05184531667901002,0.025306945062017895,0.021265239298742238,0.04055950493621667,0.04815673189985232
2020-05-19,-0.010057897996187098,-0.012926703422156717,-0.0009464553357268748,-0.01766334661604976,-0.012147316276309838,-0.025544749727529854,-0.0040492440698122025,-0.0041028104629914335,-0.017111126425213834,-0.018711880391460312
2020-05-20,0.016133529512544004,0.017887221379879727,0.014032823653497308,0.01081439556055939,0.00122744558242401,0.021942990371494102,0.020932045763075002,0.026594620912686294,0.004953802469719289,0.00847124840599993
2020-05-21,-0.009996669640815576,0.0016542873083571412,-0.0015845263706125538,-0.010490128862162782,-0.008147913908913446,-0.003532399680472185,-0.014081674239092248,-0.004513997013976897,-0.010109440712913444,-0.0053870857742665135
2020-05-22,-0.0017410092960472483,-0.0011334963527185233,-0.001373231469668377,0.0033048913574965917,0.0018922030313992925,-0.0025819291474029715,0.0041869260037969355,0.004513997013976919,0.011300428088259689,0.02182091494456437
2020-05-26,0.02629904657830134,0.04157129857635292,0.011044327832944017,0.005309200020050718,-0.0019353812502432386,0.04915681865934933,-0.001169151041294845,0.0028316528586241163,0.007289487846686148,0.03116965615789021
2020-05-27,0.01018990966865639,0.03287783140110816,0.012774217091993192,0.015444083872419856,0.010444555576956527,0.042496300481250214,0.005403254486309115,0.005474042447953685,0.010612024530280357,0.021222012752057828
2020-05-28,0.0082214064381148,-0.009833983062348037,-0.010511602025485244,0.00745162029210204,0.01250267277059601,-0.015731630817965997,-0.0019292897007363557,-0.009585418326232487,0.02990965298153059,0.012344369442162002
2020-05-29,0.0008615522292328183,-0.006276788084184429,0.006747303007368554,0.0016191275325467354,0.012623814295848634,-0.012208435397927918,0.011747559579136386,0.007045627280706415,0.00794401533492751,-0.008041485731917474
2020-06-01,0.00546755516498888,0.001979981599931462,0.009087700411618065,0.006187606069290028,-0.010108212319087054,0.011519942566461518,0.0002211027567552557,0.007983947733410962,0.01063685809048004,0.020829731159805354
2020-06-02,0.017460600394019445,0.012783740404156422,0.0063174751097063156,0.0019995610210345963,0.0060604651039257475,0.00818052714026335,0.009328779360849741,0.004869114901812463,0.005976557640810929,0.006560399116499831
2020-06-03,0.022551416882269505,0.038380868455451266,0.015471382492218428,0.0020445389001447585,-0.0019964647396093944,0.03756688580185766,0.008208416754473674,0.0021262071490025696,0.012876305707855635,0.023737427270085276
2020-06-04,0.0035319996271975943,0.010423289585719812,-0.005500066558884045,-0.005916037691310793,-0.008093742709998127,0.01954649796822144,-0.00843900762083927,-0.008092759334940788,-0.019672119185808423,-0.018212796044196525
2020-06-05,0.024673904452702528,0.03647463319737627,0.021050161168128113,0.014425310868119967,0.016430548897366535,0.037936850454547866,0.02652198322119951,0.016660686945234697,0.013481202433927851,0.03535912823296564
2020-06-08,0.0009595306494963661,0.01954930906611961,0.015067958646518045,0.009545353167038511,0.006366655975818683,0.017402394520847055,0.004486892766412031,0.01116851093068592,0.02605086869359751,0.021304938725752443
2020-06-09,-0.011817659140993508,-0.02543834573703766,-0.0004034473380692686,-0.009124196046471134,-0.010873481724041463,-0.02134449526826871,0.0047951302686445605,0.0017605266442284866,-0.021436269186358173,-0.011242868020607324
2020-06-10,-0.011195424386870935,-0.02413804836827673,-0.003968794232880408,-0.0014909617980039917,-0.0013811610005398836,-0.038209467475367305,0.01678446001353119,-0.0025617547259653515,-0.005391240056171532,-0.01930213810793163
2020-06-11,-0.08057894443788668,-0.07307201306149835,-0.050360768489872365,-0.038808252136116654,-0.057908555604112746,-0.08532425092922283,-0.05989059585382381,-0.047551164640845196,-0.04059535855045789,-0.06464995969263952
2020-06-12,0.019255523253009384,0.01933999367210389,0.007316392854101968,-0.001805691512490004,0.006934429855488866,0.029663896504289418,0.013354428275795473,0.008815555620187182,-0.0021598774346231523,0.031142741141107613
2020-06-15,0.009289514678226555,0.00922377059562851,0.008707688227579358,0.010551577069197338,0.0018316733376535857,0.01365772225570689,0.008649634947677771,0.009949247414315555,0.006230570242546564,0.01009398985167462
2020-06-16,0.02083028702371308,0.01920297100017227,0.019785598662999573,0.01583529515746033,0.02406177634932709,0.01423894577797285,0.021346752294731295,0.012081554187416955,0.00458906829909649,0.017367668778517607
2020-06-17,-0.007594086591235726,-0.0066639331870353355,0.0007455334841326046,-0.001976077558966042,-0.0007819406212732353,-0.01381353465439867,0.00032245936526178407,0.0007604530013875687,-0.0030794422669971253,-0.011395616877566427
2020-06-18,0.00045331953140828076,-0.003331839805650645,-0.0020658724464922363,0.005359226752733644,-0.003021691965303539,-0.0009010534119604918,0.004830397300021644,-0.0001086244185032631,-0.00043581191686278695,-0.013476216269751626
2020-06-19,-0.0031491177909662303,-0.01275267581117435,-0.004481106022974251,-0.006447680777991451,0.008670305755722694,-0.006758401411198016,-0.007675167116379639,-0.0032090335204975986,-0.031513959023584864,-0.010353825733836022
2020-06-22,0.003970155053697706,0.0019541550990417604,0.010960822686908511,-0.0026933564362669146,-0.003604900994787321,-0.004801247231396241,0.01911129855336655,0.005162056555841923,0.013339860738216247,-0.002524862149127658
2020-06-23,0.0020922279567046997,0.0,0.01035243481057248,-0.0013908652936839537,0.004348242028172292,0.004170817624160409,0.006976558339228421,0.0061595149644669564,-0.010643793484370348,-0.003545551262025612
2020-06-24,-0.029900013987430474,-0.035754528858623055,-0.019986992610558214,-0.016572906185534194,-0.02692171965399986,-0.03574464000081663,-0.02319300694802121,-0.024813749154796307,-0.009433381709288287,-0.026928814391252644
2020-06-25,0.01289517195406068,0.01108410587290557,0.003059120340565566,0.00741822882214126,0.010222102306478067,0.026698454773393658,0.012934861536838966,0.0057262201968424934,-0.012270952505547801,0.010793122387101206
2020-06-26,-0.013972534835905425,-0.01828013623193793,-0.023610513869047996,-0.020866961073363652,-0.012286119499900437,-0.04428976585266517,-0.020322045648323107,-0.04589274121546632,-0.010354015567250314,-0.01830838724411887
2020-06-29,0.01895861912142279,0.03141062382344549,0.013177142948188144,0.018322159105319844,0.008466169872970802,0.009849169506552829,0.011016060179046104,0.02025672426946382,0.018469708149755428,0.016807132886721768
2020-06-30,0.014162867060134688,0.006475308617306422,0.01713246297634531,0.008031094485351786,0.017936933501889983,0.01550254632332882,0.01900451937603246,0.01315038720467115,0.00408549816685578,0.01579016665365698
2020-07-01,0.0019427118522816894,-0.004848218250343161,0.01740482394128077,0.0004987494076409646,0.007073669418865285,-0.010404376272173683,0.001048335547707507,0.02210210937361768,0.022637041090026948,0.025414883342713048
2020-07-02,0.01836651706860505,0.00794151477399204,0.0039086236488134925,0.004643206522282422,0.007066343454438456,0.0006550933742301313,0.005036035723470017,-0.0006527149904155959,0.0022800051229680753,-0.0033847087722148647
2020-07-06,0.014530408050938562,0.014716192001186408,0.031642815116563056,0.005280299075266898,0.01000517594184922,0.019301718425333465,0.01786435515922893,0.021265354147188244,-0.012862826741690299,0.0017163040410230442
2020-07-07,-0.00016331198739638964,-0.01958391782641932,-0.017388248106466296,0.010005217658196596,-0.008621592023073188,-0.02095338916888586,-0.010625531751001642,-0.0037357123095977866,-0.0034835766483100787,-0.01615030957042972
2020-07-08,-0.014698528524063384,-0.0003275557800358829,0.015211937737321948,-0.002087699745344169,0.00016867164533288214,0.010492669230610565,0.01589103840994171,0.009260340145667042,0.008874635430374691,-0.0016064577762695883
2020-07-09,-0.009381153998609087,-0.021619489912827413,0.007690579989017218,-0.0075555692027771655,-0.008218970705950443,-0.021706655146924297,0.003777156387230073,-0.000370929211831639,-0.013168088391356213,-0.0033590079306895625
2020-07-10,0.017333139626811735,0.012801487370249448,0.009988312665669716,0.01871017531676453,-0.0022038339494967595,0.0341695287794103,-0.0002786704733929796,0.01936612245444402,0.018802654696724742,0.001657919688567793
2020-07-13,-0.00013709092985138673,0.004167510855681856,-0.0174348237377702,-0.0023440044053736806,0.005275872266524496,0.003200248500174395,-0.021429403508624496,-0.01984316435728058,0.0004085357427405727,-0.016470264708341967
2020-07-14,0.02509170281373686,0.02156474932150454,0.00595622061379769,0.01516251719305876,0.019384170984482797,0.006953963959481214,0.011906417780175527,0.008972914401229786,0.009688148010575447,0.009683059600698958
2020-07-15,0.016516103938884436,0.025186011199234932,0.004634096870940257,0.00011159124110806881,0.013094518443892571,0.01890878515704784,0.005285291034659748,0.00288586948664946,-0.004392109112694666,0.0050831478995790064
2020-07-16,0.0035695056108422138,4.9556842238094464e-05,-0.002722294773715724,0.0021971809330648046,-0.0017075416612203828,-0.0005231932455351617,-0.01229233169214563,0.0029819901007962133,0.013152121792093683,-0.011963426922173614
2020-07-17,0.0079070329233471,0.005442035692585617,-0.0067389312890431775,0.004142346598523877,0.01355533983130355,-0.008484314099458901,0.00481163584827547,-0.004292709344727998,0.0225671173838437,0.013897476966090033
2020-07-20,-0.008457346632436623,-0.011629043558378493,0.030897773641436446,-0.00967639266295905,-9.727151431170211e-05,-0.003701519431527954,0.02549261665265816,0.01240894361140537,-0.01368433572720914,-0.010079578069830392
2020-07-21,0.008483364607527242,0.012976742585431297,-0.0036215287653647518,0.009755561806522326,-0.000551450049913785,0.01889205494699746,-0.01067592595658171,-0.004101921896323358,0.004626251884854968,9.295665450667283e-05
2020-07-22,0.01116602056896558,0.008194839225423817,0.003271327470849804,0.007651687216261791,0.008464549325712245,-0.0008668131195635926,0.008245132115778141,0.00041615601902972614,0.015214001616366855,0.0123760186786842
2020-07-23,-0.0026509823136916942,-0.003443106692301736,-0.020523115237327836,0.0018213947120394411,-0.0040859864949798425,0.0017823141231337444,-0.026644320644936763,-0.019642486318961937,0.0011358488253673932,-0.004922795471669578
2020-07-24,-0.003252485507558381,-0.008025472662318652,0.0032836835091067987,-0.0014442887597886675,-0.011174397168765015,-0.0036670436349908807,-0.011932610285735558,-0.0005836040935354928,-0.006344722513273903,-0.003974313574764389
2020-07-27,0.014044059567573413,0.0039305299857721725,0.008656919058093782,0.005421025320486569,0.007217541325047284,-0.008150337506862717,0.015993948939635183,0.0077710394128650585,-0.012679138850305135,0.011097612999443198
2020-07-28,-0.022091677179365447,-0.006620064574345077,-0.0123517812645091,0.0029488880197461264,-0.001427988455068864,-0.0028319113871310983,-0.012282345930988722,-0.009258101077737267,0.015449740236656571,0.02030807734300799
2020-07-29,0.00851289530647625,0.014825840502280177,0.010495357240630138,0.0015411649846685507,0.010756829952657703,0.019952703833392923,0.014885231011693477,0.007782559139478837,0.00435219869333087,0.018759445463507104
2020-07-30,-0.019836757657583474,-0.009733371976059405,0.0010258618346136526,4.671094206570166e-05,-0.007708607686724943,-0.01852324089980547,0.005291185773388969,0.0031592597322635052,-0.00019446264227209427,-0.008358322395598071
2020-07-31,0.0011328864856677543,-0.004035571256595681,0.012682578179857832,-0.0013697641897181703,-0.005527726405156153,0.00010026199285421656,0.02473203629822275,0.007698193114728013,0.002007691882862671,-0.0015999352371250822
2020-08-03,-0.006419149309545253,0.00400266171719091,-0.005495939215071234,-0.002510875857951258,0.010372736188894222,0.0019276477797836268,0.024577186486736083,-0.0002608877562547624,-0.011452457963702945,-0.014787216462068901
2020-08-04,0.013215906806568785,0.002725111165011146,0.008197774163477846,0.013478404102378709,-0.0045212580466230615,-0.004411535570497486,0.0021727695312474655,0.0033860054171382854,0.010675790499499875,0.01349642495767814
2020-08-05,0.01520965750233408,0.019482085361321698,0.01394175815439411,-0.002236414311352685,0.004899770648041391,0.014514712311858032,0.0034875434498485213,0.002441249027530704,-0.012575555554451095,-0.006389194311161884
2020-08-06,-0.004259209263531597,0.0031624008516920555,0.004974505193233692,0.00016981040548874238,-0.005757937066792211,-0.0014866726053323247,0.014455322731508282,0.024242114688087447,0.0051666741351584855,0.0009408009177402544
2020-08-07,0.003718154531741456,0.017161237028418864,-0.002942310841026443,0.005281270996149047,0.0035329830589229116,0.021561545349764243,-0.015739885020665752,-0.0005065139000056663,0.017843727259727788,0.013433189617849344
2020-08-10,0.009873458105292278,0.02398769220725696,0.006820886893981136,0.004520025488348231,-0.003411486616053878,0.006410259905716724,-0.003296309965721131,-0.004569896677226066,-0.0009615918675207984,-0.001636097162136455
2020-08-11,-0.0017879029545544729,0.00527714159155559,-0.006375538875899129,-0.007057046401586797,-0.006499437906246016,0.012912640554366372,-0.0179945311602952,-0.013114335944743705,-0.021557079356483558,-0.018852473052495735
2020-08-12,0.006320130437308975,0.0035890404281038388,0.016566682898404527,0.013274993201609185,0.01703582143549806,-0.002908159749502577,0.02287004527914703,0.012401580668078942,0.01444435124246825,0.013127101662210339
2020-08-13,-0.000737006951554521,-0.006515692407296012,-0.0005727669726197021,-0.0019008954502132522,-0.0016520069322438268,-0.006154030614979245,0.0004243438632315743,0.003761646514608508,-0.003818504147042627,-0.012360740008846972
2020-08-14,0.0014733936543256819,0.004149893721936261,-0.0009610726222948921,-0.0002283876363202843,-0.002161466981942358,0.002542888849549778,-0.0009687646716991746,-0.001015264569725075,-0.009152405275591509,0.0013959768785173482
2020-08-17,0.0037500005766402584,-0.004963458475585665,0.011989084133643578,0.005602344322174725,0.005822744278971633,-0.015476493373468953,0.006702358433654645,0.0009645529129044332,-0.0014407417364459627,0.008870609377212468
2020-08-18,-0.0036230360492662313,-0.005405058870742053,0.014495320788917684,0.0035515594505212264,-0.00034387516401255733,-0.00673833048754648,0.003932773799470241,0.010850167809181176,-0.0048942901460115856,-0.0015176378386847086
2020-08-19,-0.003203281615579664,-0.0028451696147411194,-0.007196602434346819,-0.007374177369957189,-0.003534152105228138,-0.0007596769427605734,-0.002727506453662043,-0.004477203481681913,-0.0031660968825159667,-0.020352203749922207
2020-08-20,-0.004235898203045483,-0.004811768051391003,0.0014385080752312607,-0.002541271464917154,-0.002886209383873528,-0.008988311337798677,0.014272527719089923,0.01362064754041633,-0.008892268683196066,0.010746674619523687
2020-08-21,-0.005358771694924075,0.002936426056529611,0.003150938307212371,0.002647663151995875,0.0008771761053989279,-0.0026751652894930564,0.012045903539802606,-0.003787100926891284,0.0012989881917162128,0.0024325129852527027
2020-08-24,0.017078341482446392,0.017774961123217716,0.012903631672335871,0.008368547248361342,-0.005388065712886888,0.022925833257746813,0.00868656433585423,0.010528479807228501,0.009276464039911933,0.0024266787079626068
2020-08-25,-0.0032402598631298286,-0.00093016860625354,0.005286657308550895,-0.001281807027082176,0.006979536707988279,0.0027112634370282615,0.005203499753932369,0.009636292359979544,-0.009243147574728949,0.003047383722654765
2020-08-26,0.009689450826292256,0.00047277709199130364,0.014539246578626357,0.0010255218290105244,-0.0012215371479738098,-0.0047981007360346495,0.020291005005116627,0.03646373090857857,-0.012121852293930169,-0.007455630277737417
2020-08-27,-0.0023884367185610616,0.003272864289233704,-0.007199051771648381,0.006101241771440445,0.007793657009660853,0.017266886530913225,0.0002799576642117351,-0.01301065605225959,0.002960290503522624,0.013611713840632745
2020-08-28,0.010964650038763474,0.009182645310675351,0.004924876414303064,0.00924594984876646,0.0020166271978966496,0.00450234721268307,0.009558405622911798,0.0031970928171455183,0.0026501032139679232,0.007222829055542963
2020-08-31,-0.01497488615438356,-0.011891522705702127,0.0016682470909882524,-0.0031816167098348684,0.003203867486127747,-0.012436512971072216,0.003588065300369327,-0.004105608653643024,0.003210891342480871,-0.008513322886656443
2020-09-01,0.027149595995275812,0.009524503930086803,0.010874426147436328,0.00105667040228613,-0.009826791562315758,0.002163551749597005,0.018400738102467937,0.01032734188895211,-0.011418695936114122,-0.0015152034733454873
2020-09-02,0.022567951366643003,0.016155552725397006,0.012278200450022692,0.018788820265953625,0.020665685688426506,0.014897011577770942,0.009168916498087917,0.021638138270972183,0.030765517636443366,0.022140819405057213
2020-09-03,-0.028141968178713377,-0.0284267895315569,-0.03626958703895726,-0.019041712696079044,-0.02780903648481468,-0.015954176209611537,-0.060049818263349694,-0.034024586272664116,-0.012657133097320292,-0.016537274714144738
2020-09-04,0.0013099814533261748,0.0021065247423760216,-0.014184117851857584,-0.002368668002445099,-0.007316743949190646,0.007710769265575238,-0.013530481685893093,-0.0194095996330166,-0.005588254733314212,-0.004667414661890353
2020-09-08,-0.02094151149910038,-0.019540085872938862,-0.021078929806625176,-0.0209036320454875,-0.016902907312016883,-0.026271815560978084,-0.0469966540236044,-0.02434083484769953,-0.005955182286019571,-0.01291499961480129
2020-09-09,0.025500711218992635,0.015552295546349078,0.022863959861832713,0.014754851889696864,0.01757763270012798,0.009093103864723645,0.03291888843546378,0.009122932185594436,0.012504956048504327,0.01220184366696995
2020-09-10,-0.009437079952256964,-0.012757324936046643,-0.017862540621064914,-0.012594496991345747,-0.015627585570244424,-0.014224521960545246,-0.023020012202408388,-0.015856269392692687,-0.017888388407994442,-0.014777789330423653
2020-09-11,0.013020500389989764,0.013767199479618943,-0.0031615695152921418,0.006105615070188474,0.003847567790662673,0.007552910235219258,-0.007522069640728908,-0.0029285648017787235,0.003334370103814389,-0.002764125266321072
2020-09-14,0.013626855819900086,0.013036950830399258,0.0069521709485576184,0.004656433251058362,0.01340408026644012,0.01303375280898069,0.02050416353203065,0.0013139107778708911,0.012962047353982098,0.02132468360577689
2020-09-15,0.004725840470938927,0.0007847101299529303,0.010235861994318014,-0.0010229295178091188,0.0016214291839677447,-0.013742425026217111,0.00992058662449955,0.017024213858994792,0.0073085679926967115,0.013807271238332036
2020-09-16,0.000697362251798175,0.009816622939294178,-0.010219251721552544,-0.005114799192676089,-0.002246396880957732,0.010989629153171709,-0.01570986632273911,-0.012137671318468579,-0.0021440277072651273,0.005374173442846663
2020-09-17,0.007591082563905873,0.002342334200648251,-0.015999408578683868,-0.006556217310801723,-0.0030898511059195646,-0.01006104400565961,-0.008469248831321245,-0.01851298853883022,-0.00825611952503664,-0.022117406101307288
2020-09-18,-0.017398392078372696,-0.010907734702573748,-0.014547228336874418,-0.009254561598010467,-0.0012794691441897963,-0.002421033754699897,-0.016739039744729574,-0.01106743803017549,-0.01810875666139043,-0.01975094846534163
2020-09-21,-0.03465099859400846,-0.034406641724955604,-0.01107045759171554,-0.006692020530642081,-0.018617358465662176,-0.025265708957419728,0.007540457802275844,-0.011976830526383908,-0.005814237422538842,-0.027734786785282725
2020-09-22,0.0021087428445814714,0.010238482835460397,0.029143908515980272,0.006415372610446862,-0.0018876173235242513,-0.008472880455047018,0.016330857437031252,0.018580573078456484,0.006390466246934315,0.012534387204778025
2020-09-23,-0.02975418249607704,-0.017782510386213517,-0.02265189362071945,-0.015772596549060484,-0.01082026799497222,-0.022174775189053954,-0.032639942953189165,-0.027209023476309522,-0.016191056240479663,-0.02954264464029163
2020-09-24,0.007002580336207288,0.0008479821299912576,0.0012624331723315241,0.007607461728757055,-0.005255583243456371,0.001940015346449155,0.0061624549214550515,0.003955179842928014,0.011606286208068556,0.0036994862570958803
2020-09-25,0.007997908496273331,0.014786907663767317,0.01555899892508785,0.004114075663033718,0.016375533689022132,0.010616123567820865,0.02371348904876378,0.012656401256705238,0.015972282075494195,0.019363482317892724
2020-09-28,0.015956652376959993,0.017919350720242127,0.021575549624457076,0.011356726279545697,0.008162545958224902,0.022426249979836724,0.018362515155357962,0.011830833191705902,0.0026095657345066594,0.01685202006432352
2020-09-29,-0.0072650406753753324,-0.008911819586327483,-0.007895736676888034,-0.006199534349717377,-0.0007761486817586954,-0.011567524373402825,-0.0030501888695340373,0.002820669056065642,-0.0007688175660114136,-0.0057695556774016755
2020-09-30,0.009191896526466528,-0.002624606421261798,0.006637910707197549,0.012042384191250977,0.016627910123760657,0.012342276198706951,0.009025540214622041,0.001177279656528057,0.009319071211927526,0.005449865631874076
2020-10-01,-0.013971851895909897,-0.0029859535921095263,0.015055606507314832,0.004994014147937704,-0.004706374685777184,0.0022458869672293664,0.009552378020775814,0.01361598361781283,0.010184583568055048,0.015364346025448316
2020-10-02,0.00810483007734204,0.010869630026863785,-0.010585955383591517,-0.006071789199645677,-0.009125449181629884,0.006955212840610305,-0.025823766904258263,-0.02013369548793916,0.011282209687091175,0.015663363790549653
2020-10-05,0.01905434725995848,0.016168540896990186,0.015849337106019153,0.007715909466195394,0.020696786470575004,0.015742563801428643,0.022399816052283562,0.0161392860306282,0.012566197993079275,0.005959584289707721
2020-10-06,-0.012687508657727848,-0.012120855764902344,-0.021520308390072698,-0.006668507074058801,-0.013180455585649772,-0.010286926342725364,-0.016072809476787644,-0.020008361482075673,0.008512903173630104,-0.007821016438914054
2020-10-07,0.025824916603792904,0.02194455053674714,0.02436418510149547,0.01179448590829134,0.018731798814550556,0.017183328823060843,0.018758868702471204,0.008748496261348134,0.006297956400203562,0.002790782986720207
2020-10-08,0.01048833526059175,0.009257286207188561,0.004423877271399672,0.005875279730110004,0.004706497519066462,0.013484611413568817,0.004452742178586035,0.009586554866972855,0.017853961344602085,0.01571242267880385
2020-10-09,0.007226612131271593,0.003951794088790999,0.014879038378096864,0.007706455651823954,0.008785143873941286,0.0006682867740057144,0.015290796445600947,0.0076842005555224,-0.00040297223782846247,-0.0030092368678327603
2020-10-12,-0.00150818037103902,0.005789268072942084,0.021247538050927457,0.011734537433482479,0.006713586853444355,0.011316758718237563,0.026789187094157528,0.023885236417720515,0.00676670695397558,0.004880016505876964
2020-10-13,-0.009411899346537427,-0.010698249088807617,0.00033396510763832564,-8.771444928063825e-05,-0.007212397175581028,-0.018812824132876275,-0.006310469260954115,0.003436152030230134,-0.007076708773318615,-0.017096721483819424
2020-10-14,0.003476590655170192,0.005348716879035443,-0.014377823744167247,-0.005188997544320148,-0.006961699344517673,-0.010730708277632652,-0.005492840263074748,-0.011879979006821908,-0.0015208356283032954,-0.011696581872632046
2020-10-15,-0.002703027114243333,0.0034527361425520727,0.0008742759348167337,0.00014691705616836452,-0.007251403796929267,0.008034716617637555,-0.0044507235748129075,-0.006567224220743238,-0.0005592092559179259,0.004641660374466625
2020-10-16,0.006335626855403965,0.007043770170161105,-0.00988892953801308,0.0007932302591815068,0.010165979628153946,0.0008191893851292664,-0.002784131822427849,9.984663154443977e-05,0.010787494457436,-0.004104941324035403
2020-10-19,-0.01200657338824898,-0.01246218854802613,-0.01586702768512238,-0.013480951003349093,-0.01655649053264482,-0.01587637850151566,-0.018929212002134366,-0.018893677311914145,-0.00858347516553768,-0.015636236889178
2020-10-20,0.0028152714473575783,0.005403799285883208,0.006593675420913494,-0.0010572018182899944,0.0013008290352851336,0.008139627343237796,0.00381938595171707,0.00800410463099353,0.0056586075658069,0.007240136881418575
2020-10-21,-0.0033500987983815654,-0.009951542286293684,-0.0063191042173301884,0.001205972795908088,-0.004693895826435198,-0.004207794138110407,-0.0013112691852214316,0.012784386895455246,-0.0020988730858433166,-0.0037040067445310043
2020-10-22,0.004609592098719207,0.007480253380949702,0.0004843825648593345,-0.002219510722426105,0.014751577199367141,0.01861763496639418,-0.004725330011686268,0.008432992655552293,0.014448299024270252,-0.00767750479364605
2020-10-23,0.003624155183077618,0.00398901784659446,0.00884738341927815,0.0015496852004150436,0.0039010159291744525,0.0035345271230366533,-0.0011944090808458866,0.010711018182184968,0.0023118656539229455,0.0067720085314993805
2020-10-26,-0.024932058948432957,-0.02531259542576119,-0.014464646338797111,-0.01279721674462131,-0.011160997687496359,-0.02259096527234135,-0.021904041675960363,-0.02293723640470054,-0.0005166261441842029,-0.012121929477033312
2020-10-27,-0.00981479514473888,-0.022017459399691786,0.00571420980216142,-0.002431030039118674,-0.00690773440040972,-0.019277569632178283,0.005191759496263415,0.00548550774721298,-0.0007298529276888928,-0.012456319581471722
2020-10-28,-0.029135898457464712,-0.03364633413037807,-0.03418379598767946,-0.029627587034915578,-0.03278174078242802,-0.024994676181609103,-0.04426608187092743,-0.04111631347763501,-0.029829004250771538,-0.02438859869865808
2020-10-29,0.02154121407359728,0.014411766693012314,0.009045174535912305,0.0004358907384934071,-0.00717142492135159,0.006782304291617475,0.018759676219060308,0.028252914567260846,0.0027544929540213323,0.013325302789094325
2020-10-30,-0.0014604118934033715,-0.0008888379759872595,-0.03047714036818783,-0.004633745459208444,-0.0007175364287057296,0.00273034315473258,-0.02466929223900243,-0.009922581625608402,-0.009421588044208562,-0.0074440229366537335
2020-11-02,0.03337731657439276,0.026980157430434283,0.0030073665548540694,0.016163633417355112,0.018065772134137025,0.019228723245319337,0.0034220994669823613,0.0008645367187267728,0.02206320251022422,0.025031662958888132
2020-11-03,0.015404440301445565,0.02866472975590503,0.020060081031799563,0.016073075629506592,0.014317667987739304,0.021729589088781077,0.017851961740344417,0.014082928740473323,0.014463256113349775,0.016195025360983006
2020-11-04,-0.016648108911583807,-0.009965576924342823,0.030900516537159157,0.0005601861372508392,0.0435172175897758,-0.012755133900293515,0.03760972075486099,0.04162569517952818,-0.016069499378826825,0.0028096049765679158
2020-11-05,0.03972927600401359,0.022517609903990668,0.020032144457716006,0.00783861099065327,0.001845339401248005,0.024296199889561738,0.030743845900191715,0.01753842144834242,0.009384791225167477,0.0031176008575164926
2020-11-06,0.0016635425013377858,0.0013251298526759962,-0.0027135899607106198,0.004419799190446366,0.0015378677519542337,-0.00810576789043304,0.002946812008296356,-0.0008980383169853082,-0.002299591763699272,-0.004204217978432664
2020-11-09,0.022225723705466417,0.032895031647038976,-0.016074369932124754,-0.004599993689172508,0.00725882807428971,0.07851263991080032,-0.0073243546745548295,-0.002556666742172908,0.018039405581694645,0.025406110333019923
2020-11-10,0.0112925897877131,0.017781085710848663,-0.011188201830705005,0.019659549874963617,0.0035325614583689153,0.007230045830510811,-0.01955313239299374,-0.003181304923134377,0.0141294365228118,0.005198055506047532
2020-11-11,-0.013768431944742284,-0.008795228566063476,0.01491139623870304,0.008577666457485084,-0.0016525802059367395,-0.0049998435918023,0.023860341461470605,0.005643447555167004,0.003442060207091213,0.007703095167193622
2020-11-12,-0.0219059744057548,-0.011707320559506717,-0.011870595286956557,-0.002075331643738236,-0.004035060279305812,-0.016939676200576497,-0.00946649222131206,-0.004740243840854025,-0.017420806272012944,-0.010210662273524016
2020-11-13,0.016289657714313347,0.021235415001003784,0.01315677010738699,0.013572189385218173,0.012953187145127838,0.015735965715902103,0.008522925256418418,0.01274743139509432,0.00918152624328627,0.02251689415829486
2020-11-16,0.019792225310259665,0.02449670962239933,0.010190671852535426,0.008393666348415797,-0.001940006265790163,0.02251694830439558,0.009726107444624781,0.006220068236375718,0.00974892194085798,0.005068991179123388
2020-11-17,-0.003922709979740149,-0.002823116457504293,-0.0030503626705660532,-0.0062166197519519665,-0.007372390461812172,-0.0020520045815487983,-0.005512797008338072,-0.004204870479849791,-0.020348185843957218,0.0011561957238467213
2020-11-18,-0.008212488210611041,-0.004528305128151339,-0.007783238875908988,-0.01311924983178015,-0.017778726843288992,-0.009154097920263471,-0.011193239945126292,-0.009738695503031655,-0.019538848274156872,-0.016875984396353752
2020-11-19,0.004251568373136074,0.0024022915154992045,0.004571660203651846,0.0028122749115939215,-0.0013941280440547999,0.0029287460375601506,0.00831759864429426,0.004104627544252944,-0.010334239153367066,0.001218021611128222
2020-11-20,-0.0013238471871128853,-0.009123919055784115,-0.005110336337659785,-0.006437610269681516,-0.0019644977256389816,-0.008856575631135191,-0.010557126031561559,-0.005523954308799609,0.0004663916953901102,-0.00658633122498422
2020-11-23,0.008596234264183713,0.016242470636037037,0.008050708233051655,0.0005124056062443233,-0.003029227947369511,0.018659312534202426,-0.00033183579282545307,0.0004733568578622011,-0.00015540810265361746,-0.003375297510963761
2020-11-24,0.024669413701676184,0.017795869679288714,0.01313388971985189,0.006739722929818736,0.0028396816652595303,0.034666218743671005,0.013755240328611005,0.022691519744035195,0.011069269515571325,-0.0002635493301632132
2020-11-25,-0.010861790044428925,-0.007831676494776056,0.0057631799035787025,-0.0008436490258368259,-0.0042348098392364225,-0.004130825872088712,0.002242396216055338,-0.0024084319085490515,0.0011985516405385475,0.002149854959894855
2020-11-27,0.003945193399174327,-0.0022012807970867064,0.0022522745976678088,-0.000567597434176037,0.009489535013540041,-0.004190416936562228,0.005092003222385346,0.006194600053611593,-0.009690581837401334,-0.002237653149579366
2020-11-30,-0.00920737527033422,-0.010067199117723856,-0.006842856985874348,-0.0006699999792827407,0.002848192560052025,-0.01942302629286721,0.00655720422687287,-0.007772456073523945,-0.014777070935177987,-0.00811504979668595
2020-12-01,0.01016345641232359,-0.001660711059048873,0.009822397040436017,0.008761393120102748,0.00803769296970022,0.015576995402927975,0.013996790892096263,0.019410053104240026,0.007431465942097915,0.012585360181270898
2020-12-02,-0.01387477318069651,0.0011614361996849184,-0.006994937611162102,-0.007523795706643996,0.007996757481702832,0.010483301176954875,-0.002171869013838192,0.010061729314387249,0.006663113181411946,-0.011257804154335874
2020-12-03,-0.006783365977616953,0.0027093295708912266,0.001136552628860794,0.0005673642142900528,-0.0016745101996295238,6.319856557433301e-05,-0.0010488269966184747,-0.0039763501514901295,-0.011077728103969552,0.007314435273882219
2020-12-04,0.020080189145585858,0.012108531755973902,-0.0013247950247254798,0.007707177978421657,0.010838725138436,0.011228275172805462,0.010128274138670335,0.0005432054440853501,-0.010472313909944485,0.013171302369392495
2020-12-07,-0.007029372127913875,-0.0048525860061416895,-0.002041631124411712,-0.0033247418481040327,-0.006215401593233621,-0.007065783976706187,0.002638954892764106,0.006135267924457644,0.005502133435787385,-0.009490332616599276
2020-12-08,0.0061617184451547985,0.004280578045764866,-0.0004560757049541979,0.005472708595452317,0.007269186425505312,-0.0005875784926534479,0.003449353010786341,-0.0011700557729283668,-0.0030634708620954974,-0.005042848309659852
2020-12-09,0.0009121023571864508,0.002392297607242223,-0.005148516695033288,-0.003303133864062732,-0.002889115418653184,-0.002059279919725054,-0.01895349486508629,-0.012094995589444607,-0.0025655328642804473,-0.009807470441758772
2020-12-10,-0.007141002053726337,-0.009362591258474981,-0.0012813783593114605,-0.004953491840723699,-0.001969013905930658,0.001618321303676832,0.0007317295870584457,-0.0032410109723304908,-0.005118794684729528,-0.004850797562717354
2020-12-11,-0.005231763220774819,0.002302124756717074,-0.002885073348606771,0.0029141749325212233,-0.004165425554327408,-0.009707188160583824,-0.0022702969416759614,0.01141100492012046,0.0014970339881161432,-4.4655553885400224e-05
2020-12-14,-0.013417270576376556,-0.012903614656042697,0.004537976977766997,-0.004047411467930162,-0.007886255437352163,-0.012310910048992527,0.004115721459598084,-0.005530140639797109,-0.005329474249098453,-0.008782560691576619
2020-12-15,0.01867145083037959,0.013651984376785813,0.010446623628125255,0.0022651017771441093,0.010616507342451668,0.016627481678336484,0.01598123939787413,0.007020765067715025,0.019173822100245,0.01713484574460474
2020-12-16,-0.003072808243697585,-0.006164057584926466,0.01065599757113485,0.0012030891085408676,-0.003346579643943908,0.0012027883107503944,0.007392202612226766,-0.0017618733917020473,-0.011523573119965297,0.00013271153789682586
2020-12-17,0.011702286942432414,0.0058567839808911365,0.004708305758216585,0.00606571878793573,0.01118038907382314,0.0034946009358373547,0.007453022019159116,-0.0031248012826630895,0.007182290154705826,0.012047832880975284
2020-12-18,0.005115661732853027,0.00025386631477573466,-0.007412080800584101,0.0021718173472875814,0.0002819085553267945,-0.007848309610596257,-0.0034486742858538598,-0.0012254263161592437,-0.008771256639799451,-0.01843820904695737
2020-12-21,-0.005848582511090987,-0.005801490040614964,-0.007741099050431903,-0.01051444447804035,-0.009691448648741677,0.012314531862514135,0.00072790945233628,-0.007246887287286291,-0.012706817338385953,-0.007956055077979227
2020-12-22,-0.005659570649530714,-0.005402919018464719,-0.003626303609410555,-0.008515320499923165,-0.0032668865304568717,-0.009691600196138858,0.008553678755150012,-0.009975939087902211,-0.002192845972448752,0.006084488307485618
2020-12-23,0.0007817784476619631,0.004556007315448428,0.0007294911144200973,0.003026572274882568,0.0007946132460822838,0.015886026579020822,-0.008518147537993006,0.0042415838717501635,-0.00197109707487115,-0.00959089239452845
2020-12-24,0.0057217599030337475,0.0007124809806285335,0.0014729658109630481,0.0040357875626001825,0.0023876649371614906,0.0007482081032214834,0.007435337163422905,0.0015629862962077098,0.006898084150460196,0.0083412323981608
2020-12-28,-0.0036029432200293775,0.0013564372344793364,0.014588375255090068,0.008022950576051137,0.00268125790854625,0.005098016365871651,0.01155105139959819,0.018432666967367332,0.004711022782922421,0.008493674907397403
2020-12-29,-0.0021188166830043067,-0.006773527272554303,0.002165730283310855,-0.0023827401648663453,0.004363706224491492,-0.0034372910518364456,-0.0052423258213218525,-0.0014892790279674834,-0.00051170063692242,-0.007065580583983791
2020-12-30,0.01330750638667426,0.006612470807333273,0.0029981529530058735,-0.0012152816142070638,7.646441952117189e-06,0.003953932081888033,-0.00021884520134062384,-0.007388827679275845,0.004723197003294827,0.0035612029941552666
2020-12-31,0.004023766859126188,0.006088873354052648,-0.00015349451662076128,0.007959006704273386,0.011340450886265906,0.01315633688917127,0.0029765890277611163,0.009644433833108507,0.015730980020139593,0.012628775122591434
2021-01-04,-0.010300577229118254,-0.02581256008012495,-0.011357461511403611,-0.01101808942605289,-0.005392110494472792,-0.01361096942366062,-0.018104891963891086,-0.015164859689980766,-0.02638959589672418,-0.033462859884229604
2021-01-05,0.022752673927622005,0.010147686216259305,0.008351139838174216,0.00010164771666295389,0.006645117924222118,0.003713679369946082,0.006979506323545327,0.0026955874135593367,0.00032166142525912625,-0.0008169973573043875
2021-01-06,0.04003970264444057,0.023373232707898067,0.005038635286759201,-0.0006681219272713689,0.013992581542666587,0.04269172964610467,-0.01821932740179209,-0.006637836866376331,0.024311299421478347,-0.005463982873767078
2021-01-07,0.007819142700393696,0.005465948298236864,0.017814557534149622,-0.0032450976572575446,0.013109653041179737,0.014593616245117293,0.026149230909330235,0.013911615786404104,-0.01340144827112609,0.003054403499262808
2021-01-08,-0.005095228572769025,-0.0022276894508368767,0.017798459324580893,0.004943469993180607,0.004724246951790754,-0.0019270452061162908,0.0075025112661940155,0.0024881961640915366,0.00864931979447538,0.010820212709414263
2021-01-11,4.156965760326037e-05,-0.0005808076709033326,-0.019056178949251656,-0.008828211008581227,0.005043685528072265,0.004257936532652816,-0.009443969934021818,-0.017824662489697735,-0.009349603846597852,-0.016709469639213086
2021-01-12,0.01336539266423343,0.01027254328949038,0.013012188515260774,-0.003077521086300004,-0.010774242332359261,0.010575741022611676,-0.004264302212638875,-0.015108313073298142,-0.005203690648068184,0.0005950833718363612
2021-01-13,-0.010648990862589722,-0.008662917431331787,0.0020508937054289898,0.001613198967702224,0.0025175920530526702,-0.0014791962835839848,0.0064772324966237945,0.003542677317058634,0.0192112338055785,0.013770122849651999
2021-01-14,-0.0038175035820106323,0.0029354035911630647,-0.00738354192568764,-0.005731378925437611,-0.0038486089835880117,0.0050435998729819916,-0.009504095489661846,-0.008363988436385146,-0.0037435040802655515,0.006209265766695947
2021-01-15,-0.014721080541669321,-0.012831728998631333,-0.00757403369188805,-0.004076046796023043,0.0031959644095230703,-0.018125312934474534,-0.00978265884292457,0.0015004097247021376,0.009597958029750185,0.01451686227817234
2021-01-19,0.003958076747929919,0.0031902518789948303,0.005762741569595216,-0.004434516781561612,0.007658042883288239,0.00431490250464949,0.012990096275039288,0.01856718746515567,-0.0037529745598969756,-0.005452484783127744
2021-01-20,0.003544668118436656,0.006350051542447803,0.02235809192562548,0.0024940521546856706,0.005741514534885686,-0.004685071985971341,0.019964568056538935,0.03550989935271914,0.006153677264677323,0.01954374627992851
2021-01-21,-0.015147314720504767,-0.008169881767454451,0.00550867798292131,-0.004085792331592343,-0.0050284020833986426,-0.0105978712222096,0.013095925249020157,0.0025710454379723213,-0.006153677264677443,-0.0034058139844394463
2021-01-22,-0.004260492632561758,-0.004958267575653696,-0.0032109259372257127,-0.0029521125252257047,-0.0027825764385388365,-0.007253811338397904,-0.0031756105322960993,0.00115036738662157,0.0016592799713127486,0.003057024557279129
2021-01-25,-0.005458561143999639,-0.006904990916143007,0.003079733527447872,0.009022806967477325,0.006514557863036644,-0.007666486377530023,0.008725798426397565,0.0037076152418200644,0.019300808319211372,0.008207621266330026
2021-01-26,-0.014050335824543948,-0.009163875800544983,0.0005609382434756285,0.009235328401227904,-0.003964744120251543,-0.00804815078874144,8.049336435886299e-05,0.007855261653563431,-0.009991110120237047,0.01131026674544907
2021-01-27,-0.030411204938830316,-0.020591296848528944,-0.03175624910419743,-0.018123808906354323,-0.031020419297624485,-0.029820571854242438,-0.019426374682475506,-0.03895325555932817,-0.02730084614536244,-0.013995275969090015
2021-01-28,0.01799164863791382,0.014954166967870549,0.0038791331929617042,0.004691908684091722,0.01466945371047152,0.01898116848353143,0.004522227887802116,0.012420836793477268,0.01199849147775914,0.0032038397343316207
2021-01-29,-0.019721048178661372,-0.021155122544858608,-0.02098440635693644,-0.02056822558590971,-0.00831034610404074,-0.020414716589433387,-0.02428484257918318,-0.019078369065820947,-0.005522348121773324,-0.010253829200265633
2021-02-01,0.011532666029417602,0.009604891387551974,0.02731461356545496,0.00018200105862663132,0.003164453467663759,0.01110282982382989,0.02478803483700754,0.01835989725987197,0.004766830254932431,0.022412694657579953
2021-02-02,0.013003647390972803,0.021306660985490795,0.019826727113653027,0.006891884908794658,0.0027838730699573824,0.024273738924919432,0.012742601000048858,0.015864849929239866,0.007998624384172561,0.0040912339513704855
2021-02-03,0.0019503115585144675,0.0005406956523959395,-0.007674755228536164,0.0016404335601743192,-0.007037786352699414,0.005104386454082645,-0.003013936746693108,0.020437065331387574,-0.003003730301511935,-0.003749652327420634
2021-02-04,-0.005400008700741115,0.010941136248483203,0.009584275806423797,0.007385956194434574,0.0035771645320811585,0.022506119874921477,0.015336448040241282,0.005917028063215287,0.0071815286009261296,0.004939769245263108
2021-02-05,0.016914230515747884,0.005293070330580329,0.00911815388410924,0.008871599605336636,0.0025186699388137787,0.0008585916588059264,-0.0022035823468725007,0.009471801163230884,0.005367871924131558,0.00343488898755992
2021-02-08,0.008082724670005426,0.009014731146316152,0.003888663404497826,0.004487547462882904,0.001445881183860857,0.012136184156040255,0.010325251443048047,0.0038317875809068167,-0.007828767247184436,0.0022411527148328897
2021-02-09,-0.006957968883807025,0.0021193924962524873,-0.005759127824790037,-0.0013412344928349677,0.001251486501101689,0.0010399793435196532,-0.001910733936153216,0.0020800410073761972,0.0010286525764005585,0.004719553358998081
2021-02-10,-0.0019690875109039233,-0.0016319314605645293,-0.009470993040313501,-0.0014167703524296598,0.0016710860665452986,-0.0006161926763679847,-0.0015094379368253389,0.006256343095013461,0.0038870022141755194,0.005951892008588448
2021-02-11,0.0014285177443468528,-0.0020437471538735878,-0.003040318153650396,-0.004321963899752859,0.0016166167900943274,-0.002217460344602939,0.01086567356877148,0.00037917941606547894,-0.007226247874429034,-0.0011289291201297257
2021-02-12,0.01013553062158189,0.0066562522891482154,0.0017259559543698468,0.0015710653703701247,0.007495369904820251,0.009414566755689979,0.004933047562610917,0.0006737847616127198,-0.00790896220874876,-0.0005858940823236741
2021-02-16,-0.0018644422592158651,-0.00047208719361772016,-0.004430638264700154,-0.0017490706219044773,-0.010265219501766645,0.017572117013834487,-0.002957712027042074,0.004200804275331972,-0.011471779835562624,-0.010732213091253684
2021-02-17,-0.001330804503718689,-0.0030872619139617726,0.0064963832733786345,0.003908995112598455,0.003544070615136339,0.00354509944619995,-0.010390331754139682,0.004809183953702378,0.001146705951669689,0.0008459034805639859
2021-02-18,-0.006248391077457767,-0.004946358626712296,0.0013772557538436682,-0.001301301304243635,-0.006521909220186113,-0.004974199873914973,-0.0045393636144949335,-0.0075797493172797175,0.005460855229700304,-0.0002536894668732843
2021-02-19,0.018289750383141925,0.015912190507169313,-0.008857598559627644,-0.012327590862286826,-0.011527834332051403,0.01152476520254255,-0.0015024088105250774,-0.010734585610553743,-0.015218239859616206,0.0023653550989995746
2021-02-22,0.0037703895837671287,0.003014760608390122,-0.02173111304510829,0.0007636421190256969,-0.0029988111093610832,0.009718428884574994,-0.022810757005468765,-0.0032344998266913894,-0.01960849955809632,0.005385626637849647
2021-02-23,0.0032295176675761527,0.002811607100205535,-0.00486961031221134,-0.00026947029239397,-0.0015442873872426983,0.004961422845322364,-0.00248810929822989,0.010473969398427686,0.007935199893945456,0.003142219346702789
2021-02-24,0.009104504885347958,0.019145843138535446,0.007411661897563952,-0.0002695429262055798,0.006552254308731045,0.019909068023406373,0.014964022053794155,0.004419490981542132,-0.011547959042421625,0.0055064686002227825
2021-02-25,-0.024222839479426276,-0.019728266368130954,-0.03677294012201462,-0.011296491857987322,-0.00997317450038883,-0.018297278022299936,-0.035955059975403464,-0.025952303824963652,-0.009820374505736876,-0.016019159613763368
2021-02-26,-0.013548814567021469,-0.01025397080947887,0.005740729238352903,-0.016479030737880908,-0.008111734166697773,-0.019925558556852786,0.005969602208998889,0.00030169719365728186,-0.018783064136828675,-0.01834445505708369
2021-03-01,0.025078187392858442,0.024815454008490577,0.021505723681854872,0.00968516826220168,0.012158233729633932,0.030755781773599965,0.03128372408980497,0.02325385437903463,0.021404572628948532,0.0015487897536967006
2021-03-02,0.00575722138695061,-0.0026574232301105616,-0.012814125977083635,-0.001755401088676651,-0.002474243862705657,-0.002991642922739328,-0.01645568079650005,-0.006970409997846795,-0.0027544581612320806,-0.007161635496309262
2021-03-03,-0.010506055340908496,0.0007289422827467587,-0.024097711188135754,-0.005499737258791465,-0.013366640311410567,0.007507383449387791,-0.02517168993695795,-0.016024956772855387,-0.011834090611853358,-0.01175925836400121
2021-03-04,-0.020828231899525176,-0.016186542996017444,-0.020415995816453165,-0.005344719618760758,-0.013400181644246894,-0.012148416633171491,-0.022824356595180277,0.00034456814428909663,-0.001682822180305394,-0.007740361136983121
2021-03-05,0.023269095284210256,0.023637114828247752,0.007172427722699108,0.02130048661075782,0.020022207732079522,0.018901939860487976,0.019496931132230826,0.023450354482749645,0.01577415084859624,0.011457295309324803
2021-03-08,0.012827296559399869,0.010451510616203606,-0.0018778782770757924,0.003184910302256689,-0.0028478692218490403,0.01282403368650238,-0.0249386224104078,-0.014746636819744707,0.013764682474198209,0.005267437871692193
2021-03-09,0.006508419414366755,-0.0038750200771291202,0.03734105140359405,-1.5085285674653757e-05,0.0061424640644486845,-0.008590494666278325,0.03353454426109752,0.009178680193675834,0.012641783797955887,0.010581181824722669
2021-03-10,0.016251811257426533,0.01435510165780617,0.0038443180832644233,0.012788301283846627,0.0021651802166369892,0.0189809273801941,-0.004035646311796941,0.004178855153521559,0.006726651345228349,0.009832513358205447
2021-03-11,0.005487966594751834,0.0008197406241275783,0.015479518703808669,-0.0018020362472213763,0.006227128372115453,-0.0028023059791039352,0.021004633509835925,0.0174956028514692,-0.002633801657000215,0.014905161957316705
2021-03-12,0.0018497330097148412,0.013283150725406607,0.0010380348148040853,0.007114580952314551,0.0013744435104547966,0.010815545763448463,-0.007169639055590599,-0.00906448067491803,0.012687325821439948,0.014934016911224613
2021-03-15,0.0015827579023209581,0.008175278352352499,0.011682230999752791,0.004400865894496478,0.006508211400060405,-0.005672253382743533,0.011027156410662136,0.00574757780819534,0.01346880954258893,0.011698882969878435
2021-03-16,-0.00877725078339285,-0.014455661105361702,-0.008724536869686546,0.0006628891012996192,-0.0003803587799578299,-0.011336277286877089,0.007853786566144614,0.0093008547724509,0.001002025589762086,-0.00020401931827305665
2021-03-17,0.009000229467703047,0.011169172666324816,0.013956883322502427,-0.000530330077941449,-0.0040810599572193304,0.006473526341204274,-0.001112059036042773,0.0021783943898204677,-0.016409790107164052,-0.0015931676010601504
2021-03-18,-0.0053863436896447224,-0.0005121805250169108,-0.026333800816587392,-0.00474058253496025,-0.0019042491234232668,0.005612775240843624,-0.028870676735579283,-0.019778011314744697,-0.0035380720190867606,-0.007386176451757943
2021-03-19,-0.004780487380679032,-0.007321426748384238,0.007937089334398047,0.0024838747118533754,0.003595519107847244,-0.012050971335798846,-0.002495706806855357,0.007966523012280513,0.002200790154978809,-0.012724799521851488
2021-03-22,0.000409446159036609,-0.0009958232303755475,0.006491671193454426,0.011525142195214423,0.009006637475828735,-0.013073789375080394,0.019124117462363567,0.007614969962916656,-0.0011157530361625752,0.011075956783128501
2021-03-23,-0.02122585172692595,-0.017783507675852243,-0.007192173751525724,0.0039772514713259195,-0.010368454640556201,-0.014189497512107161,-0.006373213596524046,-0.0030969364715073013,0.015131177087833576,0.0034594038195785446
2021-03-24,0.006917798923463001,0.007273234474163235,-0.01528312476980094,-0.004488257995951809,-0.000584112673462219,0.00434307784908713,-0.01214394247375298,-0.016723047808325515,6.289319031813218e-05,-0.005317552209065631
2021-03-25,0.014000968279924643,0.01551625533282301,0.00585844940461843,0.00966536856571019,0.003111636275420326,0.015622854844528357,-0.0007125435010976656,-0.0033277618582354777,0.009878178391083141,0.007822226559704774
2021-03-26,0.024634164187910444,0.01750651916467282,0.007999630969329808,0.01756380564360237,0.01958336907933845,0.016869240529723994,0.025047805958822868,-0.0034235649340258723,0.0038807268627277305,0.0243874558880904
2021-03-29,-0.0033418738212951083,8.419047178031404e-05,-0.0040296847799758655,0.010293667891664396,0.003961562346658136,-0.009307272320242508,-0.005127868704151473,0.010193846290774446,0.010633259392776453,-0.0017624777330778403
2021-03-30,-0.0034335487246692845,0.0037808150714721445,0.007487029930609205,-0.011417064519261173,-0.009101263261225397,0.007119949074650587,-0.009511871379749442,-0.0012160833541463448,-0.009270811667623353,-0.004903096244207862
2021-03-31,-0.004960331904246516,-0.0032879255811177743,0.008222163787335866,-0.004777941355441859,0.001390335414354771,-0.009027230989007873,0.014858552792775093,0.004020070082391323,0.006446350417741477,-0.004886852468684232
2021-04-01,0.009235378030228352,0.003970565042981138,0.009810671860700594,-0.0024190766235391787,-0.002163520103903897,0.01273410382615217,0.020789980071225535,0.020353139959518596,-0.00018447731370780363,0.015666092417912014
2021-04-05,0.012143089819216699,0.01258673408542314,0.02254095433535223,0.012759106429460399,0.006571809735280867,0.007390117387370209,0.020045361627064946,0.022472868349019376,0.010887615774067078,0.006039930530595364
2021-04-06,0.0023320485253320836,-0.0026516620856829507,0.0032870527963307994,0.0033197092595117833,-0.0035853083612320895,-0.0010919369940991417,-0.003816648961726387,0.0006804417960950545,0.005248341114255069,0.0017811437914398447
2021-04-07,-0.017644559042801294,-0.004443067315543166,-0.000662330973069739,-0.001919885398352843,-0.0024193868953176004,0.004084650558219352,0.005372146483168692,0.007216208252935019,-0.0012413634562750474,0.0014621739995352007
2021-04-08,0.0015659170418725874,0.0020695452152796547,0.004763097467976783,0.0007486448619631398,0.0011405368999290566,-6.916045639796629e-05,0.014106468818365955,-0.0007948057105815073,-0.0010608375746159165,-0.005662852182448372
2021-04-09,0.008270647835798164,0.00986052673815934,0.011529551250609171,-0.0004660698924566777,0.011582188876986296,0.008548511938415788,0.009859784977292594,0.0016683811469423283,-0.0006978171255208092,0.001428630797385312
2021-04-12,0.003138445949284151,0.003394369958075877,0.00554631654488832,0.004496040092756265,0.0004941722817043834,0.004340736635091786,-0.004857267960036447,-0.0060512319044143045,0.0006978171255208045,0.0054575982947499555
2021-04-13,-0.0018858996075571152,-0.004536203922462801,0.010303915451391506,-0.004919889368815281,0.00442255481121222,-0.009268242044402233,0.009503280776834806,0.0008781082491222555,0.012148030003747378,0.006329759448815934
2021-04-14,0.006437004313168202,0.0010712436161264079,-0.01180578588437202,-0.0008058520530604245,-0.0012015202910843259,0.0066216067503088874,-0.01152232514584173,-0.008654893974301834,0.00400681188544704,-0.0069610123254957
2021-04-15,0.012517154102678993,0.0038518388811981615,0.008312942654673692,0.008015316338928246,0.017283180679269386,-0.0010606185471070365,0.017700782103533805,0.01263658358392286,0.011010458117815232,0.019346731227861177
2021-04-16,0.011707332255812202,0.00207244110818469,0.00780010969598377,0.006447148682737353,0.007439770109747857,0.006551069657050445,-0.00031379333339994777,0.0011120331054339015,0.008083880816502305,0.0017017425423325855
2021-04-19,-0.004403308293947448,-0.004055209814113431,-0.011466711835133482,-0.004750883536531589,-0.00010601196081897416,-0.002843815815850187,-0.008834062496305277,-0.0027425626234268445,-0.004901272942501032,0.0029325910617565907
2021-04-20,-0.009411950920060325,-0.010981969880696654,-0.01229638361726191,0.0057262385321912475,0.004259224077054679,-0.018310533086015345,-0.008419512049700895,-0.005147793800283396,0.013065500302508864,0.011149767977726313
2021-04-21,0.018486938042332257,0.013480320135078244,0.012851122050723335,0.004612987524166963,0.011314054311012203,0.013781408921119084,0.010173415412313322,-0.0028044768081584093,-0.009013658603691988,0.004030720775090395
2021-04-22,-0.01762762536922285,-0.004743938573625255,-0.011678559190191397,-0.008520043100322451,-0.00428105941747956,-0.011127723391059888,-0.011831897200610527,-0.0066418433807976475,-0.006939324435412153,-0.0037641272292026668
2021-04-23,0.016668153379963784,0.010607505079449488,0.010231410966498143,-0.00159514034511763,0.006393844969200598,0.018296496657506087,0.014301263447761232,0.011045397694734008,-0.0017423813994749838,0.005811205166911007
2021-04-26,0.004998306786732633,-0.0028807910077252724,0.006202150800303644,-0.011634275843067855,-0.003533148826192408,0.0033279970160836657,0.0056193132428545576,0.002632793935488731,-0.005483219120702059,0.0020051793601592563
2021-04-27,-0.0022183469760235688,0.008663816140663198,-0.0009995084350013005,-0.0003683454244717813,-0.005085179733160221,0.00901124356348043,-0.002750038879748483,-0.0045119349253743305,-0.007547652260597353,-0.00022679100971212328
2021-04-28,0.0021228510990349294,-0.002678337253997814,0.0,0.00039670732579322746,-0.003493525431819499,0.0028014929779105343,-0.009672821434326656,0.012052886528755228,-0.0014983969849007893,-0.0034081675112322012
2021-04-29,0.006170841998045352,0.0069303601028764365,0.0011462703001534193,0.010583166969964265,-0.003879624075929281,0.018012781495907716,-0.00025312509057081673,0.02714777848964886,0.008927135453457911,0.006804873837459628
2021-04-30,-0.010728150987250412,-0.006709789947618045,0.0030200765385036284,0.00043445319694027643,-0.003229178956409389,-0.00960520169453874,-0.014362558884550807,-0.008967658569552695,0.0076100254801692154,0.006159815514412234
2021-05-03,0.015142448847617172,0.010266229253775358,-0.006631071539655221,0.008871939280098485,0.011617284910256707,0.005318272627923245,-0.0021591140388565497,-0.0038902988083670646,-0.0003835687826363837,-0.004804448803575032
2021-05-04,0.010362025775926742,0.004116018617947827,-0.012458123759739152,-0.005375138794908246,0.0003846435159834653,0.006932444265582611,-0.019103932212241544,-0.009359525436544959,-0.0034882164967413166,-0.0061139002754112895
2021-05-05,0.013103401484584705,0.0013149675285025646,-0.003776402387459184,-0.0010337658806739373,0.002263196194872852,0.00934245617187477,-0.0016339342476056943,-0.002679096769840787,-0.01726446323849321,-0.01529662976025465
2021-05-06,0.00909876446110547,0.006889379175405346,0.0031870809797487016,0.013163355950996394,0.0007463397898537019,0.014204764845218836,0.010081955051929764,0.010946625717230572,0.007384290801840068,0.005328903875136034
2021-05-07,0.009216146901918947,0.01044245585114776,0.007923544715804441,5.5145911254066516e-05,0.007162469248042654,0.005386790980680396,0.007795666697452744,0.006068867616091169,0.0024792553606654767,0.012009887199607062
2021-05-10,-0.004087607486508001,0.0007858330654135861,-0.019726646227407812,0.0076674241316951235,0.0009825186720821696,-0.001180358483479311,-0.025671474768265156,-0.019266692238665072,0.01009208269969004,0.0034695422398747537
2021-05-11,0.003489105295875857,-0.014536075631102593,-0.00925656693932892,-0.008743866141531272,-0.009805727135119935,-0.016835459780702042,-0.002433072846098995,-0.005352188724516449,-0.012003259341816043,-0.01120626348999708
2021-05-12,-0.02572536442772623,-0.024737612678590582,-0.0333596442596281,-0.01328885919830915,-0.010093300186816999,-0.013037337781567845,-0.029064753347533452,-0.020481784219056297,-0.023804511892762652,-0.023965705459971818
2021-05-13,0.015166260560032388,0.018799339165431726,0.006883780220247049,0.01385481169893653,0.009450564520786244,0.018556938503105514,0.013651883414046731,0.008605202523384621,0.01771836142858452,0.011707786569944869
2021-05-14,0.011791912849993974,0.01331185040126262,0.01782821223670188,0.004324083361913406,0.0038221891254833157,0.01528211168360338,0.02099422956511088,0.01679373606996357,0.00387186957211339,0.010047234220071706
2021-05-17,0.0089826571613403,-0.0028182844000067767,-0.00031462595548459175,-0.001498863459448295,-0.0016651967474439033,0.001318628381406312,-0.007027974983220607,-0.008820436219856634,-0.008664850050008974,-3.807783330839743e-05
2021-05-18,-0.01094129982225477,-0.014855458740660953,-0.008076316638710893,-0.002645819921642308,0.0004810732493811031,-0.01355451342500423,-0.008187799042283067,-0.012367656115927448,-3.024692371494352e-05,0.0016775421489868727
2021-05-19,-0.01553293014169012,-0.005837984384398704,-0.007502547518687609,-0.0032893925713580346,-0.0014368427763754121,-0.006360814375298838,0.0032967338081805893,0.0009692492904096922,-0.0017239259154876346,-0.0041991437306167865
2021-05-20,0.0004977456411071461,0.0020575764411608806,0.009485366859005164,0.008464133122501046,0.010353096753917742,0.0009227376626221671,0.018498354849309485,0.01661265055535059,0.008169775487929205,0.013337874288259773
2021-05-21,0.0026502802922507025,0.0042978876350040565,-0.005893738226068405,-0.0003019999221865401,-0.00033162021827679163,0.008956241237875587,-0.0052432664664046075,-0.002822697423768377,0.005359790193824039,-0.0017379654849274233
2021-05-24,0.0083282494493909,0.0059268258197541735,0.010111720419959372,0.0030984528352947225,0.0005733502917835409,0.004639727032105559,0.017434687898708456,0.018265187447504497,-0.0020327422344257047,0.010494571087307572
2021-05-25,-0.008806270102925912,-0.002907456059902597,0.0032652144036227518,0.0006568146929638247,-0.00302951232477774,-0.009655645428075274,0.0006003277286948138,0.001172010616199143,-0.011829804646575353,0.003063617852368398
2021-05-26,0.0005514988706139014,0.0034102470346107044,0.008935384994444934,-0.0017662941339426801,-0.00563376851088646,0.0033306931712648604,-0.000131479096869846,0.00583977399521594,0.0,0.002272885381132951
2021-05-27,0.0074160080382301985,0.0135707170918887,0.002004595727523536,-0.005882488087334514,-0.0016174541127465813,0.011800933055549067,-0.005268041688981201,0.0022102312202536573,-0.006622920828637632,-0.0016016716278482457
2021-05-28,-0.0015153627659882775,-0.0009696860009738538,-0.002272656666428429,2.7596017526261903e-05,0.0029818925898840378,0.00033335498850965185,0.003037189286639397,-0.003142268428883507,0.004592053266828689,0.006428541362990784
2021-06-01,0.013808312573707068,0.004232726211621274,-0.0017985996916095519,-0.0029680707958529124,-0.016575483615465847,0.006548607028800732,-0.004244812756291775,0.002018474936735825,-0.006239425634183766,0.016749078074220422
2021-06-02,-0.00945106005382869,-0.0029587705637707414,-0.0040077370599342285,0.004455613845205544,-0.0021880377205355994,0.0012131923517697324,0.006208337938839279,-0.0026403555828595528,0.004994725224433569,0.013961905588697816
2021-06-03,-0.00018199727231996807,-0.0024591572820382352,-0.012282779762656508,0.005093431516393029,0.003968796350001918,0.002422169864192551,-0.009192095727555328,-0.007336005306597432,0.005241821051494201,-0.0020495390171882373
2021-06-04,0.0018178188035125268,0.003360074932384821,0.008119916098188384,0.0033084312823624903,0.0031862789560286693,0.0018362327234022432,0.018988890567014825,0.013537358995092497,-0.0015121733086568925,0.0012589923303920909
2021-06-07,-0.012334894085039738,-0.0069015091652869075,-0.0005124837257843384,-0.001762205350801822,0.0033374937136535767,-0.006307596743234666,-0.00016694073389184733,0.0047413058728982965,0.0018747401493630972,0.009089375773511101
2021-06-08,0.001561749429340761,0.0025583388546560762,0.009575529083925723,-0.008540884071797133,-0.003597931695163234,-0.0019743655186419086,0.00021993038675496366,-0.002271445332900343,-0.0091042146809738,0.005116563283204121
2021-06-09,-0.0076109144475134,-0.010318527171419014,-0.0046305599857048,-0.00429791146111467,0.009933082250890672,-0.010617588007947126,0.0006309873630748606,-0.0015043671853817084,0.008499894311561909,0.0015935045892123932
2021-06-10,-0.00562091261884244,-0.0047287964263999505,0.006847416370584599,0.0064743943503194215,0.016720526211576447,-0.011264707780127402,0.007447768370234826,0.007154212712912004,0.0067482036462318375,0.009438433237321468
2021-06-11,0.0035839202222183912,0.001891937472713662,0.004836681210743563,0.0009352378526482256,-0.007299418033793916,0.006041827818337837,0.005566786507922378,3.8245656534945005e-05,0.00278837656955615,-0.005906233415895168
2021-06-14,-0.012853728633714291,-0.004845886165028774,0.0011444545989798631,-0.001320550628358053,0.000793769026761515,-0.010349692577521497,0.010357828030737088,0.007407450772522533,0.001137126494967936,0.004222279391619584
2021-06-15,-0.00195470404145623,0.004662545752554537,-0.004751727968772966,-0.002812142148274695,-0.00025530902448860223,0.002285782904365924,-0.006417003730783359,-0.004919482092162999,0.003493050144014092,-0.010411840916145504
2021-06-16,-0.011732583106852911,-0.009925348569128902,0.001603302686100156,-0.012445587909405517,-0.0038514316837192034,-0.0014097782018683365,-0.005227024994133186,-0.007713668762694821,-0.015043776771105124,-0.00887339115473462
2021-06-17,-0.02228892815413464,-0.015615768176477349,0.006014439128340519,0.003655284070152215,0.007887378690620846,-0.029806749455912506,0.011612290511789804,0.005723812643620921,0.004859187844479604,0.0033947832380755247
2021-06-18,-0.016326586757768703,-0.012572985862355964,-0.004680387706532472,-0.016696680696934755,-0.01224749365610681,-0.02477953158343518,-0.009386552015764731,-0.011558150045661464,-0.026635731433940678,-0.015096297724476206
2021-06-21,0.02048313385877023,0.021559383004324,0.005311391989264751,0.010984616405080389,0.012831546905684823,0.023207883656159493,0.01061419326185644,0.008988456831937412,0.013635325878554077,0.019048186629344762
2021-06-22,0.003424996991196749,0.0012805717975000615,0.010382768067999601,0.0017491940916417184,0.002086148680751366,0.0010368852563870108,0.00885907020354123,0.007536987197161293,-0.00679442285533457,-0.004451495154109899
2021-06-23,-0.006181176842778511,-0.0027377117981553438,0.0062305470612372,-0.005692585032589312,-0.004624137147624084,0.0027376027052594233,-0.0011381158174354838,-0.0020602778659790256,-0.010558302106352706,-0.003611264269742442
2021-06-24,0.0027174930976907627,0.007646685466311414,0.0008808741386753977,0.003284942710266474,0.005083269215388744,0.012029588217009116,0.00642547684561297,0.008026615995470327,-0.0009935625832356478,-0.004487612549205923
2021-06-25,0.00038762805769808583,0.0021740704079183373,0.00307344871985763,0.007956755981784129,0.004566691823150196,0.012439763385550901,-0.0014848779832404312,0.0008711053133669789,0.011275450430307832,0.006419970803749368
2021-06-28,-0.00023265343714373268,-0.005246583170450189,0.002727950808922703,0.00031979746376791906,0.0016764654340001852,-0.008117396673581344,0.011030764279693635,0.008218680289203006,0.006094281994635577,0.0007862241379253964
2021-06-29,-0.0003875999307400562,-0.0024299682680548307,0.002273435633953311,-0.004150712877907441,0.0006806981706414883,-0.003301731363828008,0.00700955865552373,-0.005232499312513233,-0.016686593568795545,-0.001429928755404149
2021-06-30,0.0024206287107364044,0.008323229788122858,0.0004470084448341742,0.007162342485430747,-0.00043560342001479444,0.004645487258159116,-0.0009554114794302739,-0.002267169241505692,-0.0016467520768838615,-0.007613047535441853
2021-07-01,0.005516428849264277,0.006145680957080795,0.00431389536728372,-0.0028309455626882867,0.009215846966866458,0.007700429273603838,0.001028548710383892,0.008775404515185669,0.011255575590282603,0.003131227210111527
2021-07-02,0.0008267579947216563,0.0018111082400820559,0.01072110748807244,0.0030803430753253255,0.008583335516913775,-0.00203352949976872,0.013807973660451923,0.009182334454813857,0.0007991694316448702,0.005161310530843738
2021-07-06,-0.014460825049627956,-0.009331489731348118,0.00743011367542057,-0.004109236273484768,-0.000876408176106683,-0.015657595013660278,0.0036465612749781366,-0.0008922041634940302,0.004414484138694558,0.008472532444266394
2021-07-07,0.010107781083664797,0.009949786657527607,-8.878386740437941e-05,0.0055352477337774425,0.0061323499691591605,0.0008762775549802137,0.004921893963827782,-0.0010418172732001027,0.005825325339473847,0.005232583314679569
2021-07-08,-0.013663032252115516,-0.01436388138474735,-0.000901873774038706,-0.003020470350103349,-0.004747811949642321,-0.019846615620842546,-0.009271290462994271,-0.01051596464448083,-0.0024357951659192516,-0.0007761006196101943
2021-07-09,0.01985947226784812,0.01605637122728004,0.007911742656298602,0.005811086808421236,0.0035896173587226634,0.028289381068492856,0.009448226944775633,0.008093279842887997,0.0015839322946795786,0.013112486047195669
2021-07-12,0.002605586912878718,0.0010506406873321617,0.005869356561643408,-0.0020852916745502754,0.0017900287848160185,0.009573969344804572,0.0004253466802619758,0.008953356493394753,0.0027963102719893453,0.008531912607290186
2021-07-13,-0.009497153831989034,-0.009703312837047033,-0.01182116792295888,-0.0003733651288444866,-0.0010642735876436515,-0.010705408503335356,0.0043816692222780566,-0.0010731717656867698,-0.00764749334004309,-0.013245218318585822
2021-07-14,-0.001914153312833446,-0.00036889302784491026,-0.0017070443379009115,0.009113743349484178,-0.0020453289272148543,-0.004950724821190499,0.007282753617008621,0.0007032309378883244,0.008315013297716282,0.008849644917003876
2021-07-15,0.0004062672446348817,0.002257310565000528,-0.006430937693002817,0.0041847898295441785,-0.0025574570292152036,0.003752336049555969,-0.008459792680435261,-0.005379294552092664,0.011879782714990766,0.0013518352407378659
2021-07-16,-0.015381439236626753,-0.008607261239115406,-0.012611063142288603,0.0015409545729380123,0.0022105969642311116,-0.01347811325121592,-0.009743341213682939,-0.00570758213847586,0.009872271069604801,0.0010387367504098655
2021-07-19,-0.02200769418471008,-0.021604889095708513,-0.011348127946436888,-0.003056924434841625,-0.010792112376125422,-0.028386863653194688,-0.014017183605641382,-0.016635828020312687,-0.016005625256992013,-0.01597584311501148
2021-07-20,0.011977625468803014,0.027008942984811643,0.01706426103738369,-0.0007930773438222321,0.011945567423798823,0.02389809474818332,0.014615473708207198,0.010970805991517384,0.003882824396187205,0.018602258940657646
2021-07-21,0.010854869798069273,0.009956024517757935,0.008090997052171395,-0.0013825241585183206,0.002050337993563032,0.016931464711383272,0.009786229172314436,0.007309768435295211,-0.011025451310328536,-0.003526570846202207
2021-07-22,0.0003140282267283202,-0.0034566782163124197,0.005801902586542058,-0.0025784942768651516,0.006627939631956959,-0.01041346883060971,0.007093112093824273,0.004062835731976024,0.0016994861363288892,-0.006881516801815745
2021-07-23,0.006786186143981058,0.004142066229318427,0.008514986331839268,0.0121755239075385,0.011696612681618899,0.0012785231320068973,0.009870140339582275,0.026176737098115677,0.01271484771671409,0.008750123645602336
2021-07-26,0.008732493464586526,-0.00014845739206030166,0.007650339202758528,0.001856928556156803,-0.006254864202706013,0.005428278611568178,-0.00022478508507935038,0.0070414367317732105,-8.981804633334456e-05,0.0
2021-07-27,0.001390092926154291,-0.005336072242462488,-0.01165397119870986,0.0021642942798854718,0.004372679683413205,0.0004784839673020847,-0.01010325498246494,-0.010635328199292119,0.01707007298365678,0.008125596738086256
2021-07-28,0.0025436132238059166,-0.002932016786305276,-0.0022803774401727287,-0.008699151762464297,0.0038325074176327593,-0.0020973173465775427,-0.0009537369225997502,0.00749992569176641,-0.006882064801093191,-0.006295015922817527
2021-07-29,0.010757722714374791,0.0076626007373861715,0.008415004054907456,0.005708409890338329,0.0018555389067389427,0.010606317499639938,0.0047743763461343324,-0.009174205204525727,0.001954235278201134,-0.002349364357616469
2021-07-30,0.00402819371894669,-0.0017383872228036693,-0.02813983188775437,0.0011784002783599102,0.0007541691575760094,-0.007321886668880778,-0.0008349801330226474,-0.0044176774645758934,-0.008734725231779329,0.0032116861006211772
2021-08-02,-0.011807373622325389,-0.007272361035988245,0.0027902869545915225,-0.002914633642115146,0.0017014175221252961,-0.0008407054854881721,-0.0036860023835650025,-0.0019044432450211106,0.007432326142353166,6.891575062745813e-05
2021-08-03,0.010061310551102015,0.013673589229469037,0.007684939733057964,0.004929673949760138,0.014026536564830331,0.011232992933806722,0.006833015815991295,-0.0018714243680207179,0.006082988182040055,0.004437524822963941
2021-08-04,-0.009907785814317541,-0.013765857730873453,-0.008468487356140286,-0.012684665139085215,-0.004193066950673115,-0.0076115102158475995,0.0019447885834609144,0.0023479032651619255,-0.0013551083505803163,-0.0034726771180603423
2021-08-05,-0.0013629899768660388,0.004946334103759033,0.009094235015934923,0.005675595339322556,-0.0037722010754685648,0.012313137852173136,0.005396670957909883,0.009046244085460863,0.011227305510822213,0.008232172276313406
2021-08-06,0.014589541269503075,0.004145244296642172,-0.007368484222945173,-0.0005034940700379439,-0.0010453201258864995,0.019925818045825546,-0.0012131196271325626,-0.00018164367180504133,-0.0008456512610109207,-0.002325557443357232
2021-08-09,-0.0012124706259322678,-0.00400756258335029,-0.0013442691563739127,0.0031664966517852035,0.0037632629030444043,0.003018308426263128,-0.0034857220508467727,0.0003631435594476245,-0.0011677500653051007,-0.004185977062698129
2021-08-10,0.01469604279231244,0.01006847187027281,0.0025000690389527197,0.007017386178566125,-0.0024019074615366925,0.010037781757912412,-0.0072943728663326796,0.0008709183178640422,0.0009634833114485752,-0.010959238679103717
2021-08-11,0.014114999863429588,0.012932552926801259,0.0012235342659519576,0.0030941287153066262,-0.009743937752752101,0.011584897630045572,0.00025277773134648336,0.00025391192182045396,0.009149974232141887,0.004958633623165335
2021-08-12,-0.0018803941540265043,-0.0023011474059104276,0.0009735382966111124,-0.0008331252642518583,0.007652786446273704,0.001272078747457697,0.005833856045183522,0.0035115109066309056,0.0,0.0034874407782359974
2021-08-13,0.000756205761145124,-0.003174185238213471,-0.0029305604195840078,0.008086881699232721,0.005996931764930442,-0.007297545531662511,0.0054142228470085724,0.0024543168379084416,0.005622644149270419,0.0067675804619217236
2021-08-16,-0.00491659930654563,0.003421359995659454,-0.0037864640539396976,0.006327381442696515,0.011214003897665428,-0.001719371789805224,0.004382760829588656,0.002448307911567746,0.006477092631336606,0.0011976053712519977
2021-08-17,-0.012135840677497702,-0.010662794691983462,-0.02334503857711845,0.0004372042881376549,0.011133648218861909,-0.008467660572340496,-0.008751646315855803,-0.009974709656988809,0.00011428727360885646,0.0014010755271102085
2021-08-18,-0.011392868787970904,-0.011064727955093554,0.0014568919701572294,-0.012823587244614734,-0.014740805426962749,-0.011663520531514098,-0.013981966504051023,-0.00718103646314841,-0.0046954709076616604,-0.010883981906732067
2021-08-19,-0.009377296765795979,-0.007722772440095598,-0.006247743236522113,0.008496344490411286,0.004857474085218714,-0.0076428908541501155,0.009827532271207737,0.001279612977091819,0.0038382159232437344,0.00920934513289174
2021-08-20,0.006337364660288864,0.0023577736010697743,0.009268579227734948,0.0018340646745652024,0.005105326315212949,0.006173363247034406,0.012906080548699163,0.009526980257987034,0.012133384561526878,0.004538978750019082
2021-08-23,0.008431856424204815,0.008059703016731954,0.013460981370218752,-0.0035515283007810663,-0.00019559599390245322,0.007802156338004705,0.01266929578077238,0.012622587036256183,-0.013249003170279357,-0.004060269583720047
2021-08-24,0.006657236481999123,0.00529924335698174,0.007592609693357804,-0.007584130776414343,-0.003452059772504145,0.006671062478169834,-0.0012582823045812264,0.0041368188166265325,-0.006316362286699191,-0.007240017794612651
2021-08-25,0.004189644456478159,0.006007637248139954,0.0031288015382402207,-0.0009806916223296235,-0.00255551677516332,0.012027570953536864,-0.0005464783494890731,0.0022751232805856636,0.0020140466693222346,-0.00175789710283875
2021-08-26,-0.006854793599420047,-0.004311804835306741,-0.00733208408064541,-0.005012164645953116,-0.004008230888142608,-0.005369479422345474,-0.00626047994296106,-0.007305741023384277,-0.0034840486774176103,0.0009654798329385468
2021-08-27,0.013180681014833986,0.006923876733251775,0.008968713993915994,0.0034519491995542244,-0.0016396816353826964,0.013014753371411813,0.009628691571692681,0.01589704584355212,-0.00031738246803577366,0.00864773070301266
2021-08-30,-0.0017820289724872363,-0.0015596450703273107,0.009155599354918359,0.005329726599359715,0.00607318819388358,-0.014769187087855304,0.0108367741101855,0.007400611889157752,0.001758554091435054,0.011482577440874098
2021-08-31,-0.0031449829615148644,-0.002820290136641804,0.003739711977830582,0.0017124141935350114,-0.0012638030007056178,-0.0008783724740300499,-0.005665637530735555,0.002721940347537119,-0.0009509894691157513,0.00616241948954349
2021-09-01,-0.0027624070485050326,-0.003613426589028384,-0.00028607370934063936,0.005026454403759302,0.00021601864840740606,-0.006170305736164941,0.0002511981758716014,0.005248371437818083,0.012947074742127694,0.016745006539777663
2021-09-02,0.005944472422510556,0.01010290699645703,-0.0007293591930455995,0.003624233532640353,0.01072414060579663,0.002838024946745184,-0.0004953598345372619,-0.006992355063347947,0.00807817785451592,0.004348286629829794
2021-09-03,-0.00695421134637693,-0.0062400098043485985,7.499061060317823e-05,-0.0004771430531877964,0.0010616777912783358,-0.005858393238585161,0.003834141955777435,0.0011164189637275035,-0.00804969125051323,0.00042713277573593164
2021-09-07,-0.006513158474020971,-0.01785974613414067,0.0036274497453701736,-0.010890667915916362,-0.005686091696708117,-0.005685831308106253,0.00026819285322044953,0.004488320862375337,-0.01381191987492138,-0.011399934293339778
2021-09-08,-0.010297079781012191,0.001764709570299121,0.0015611884557572456,0.007717033353132204,-0.0007770105827929588,-0.003366311795134114,-0.004069992671603201,-0.004313916458557158,0.017731415798307712,0.005534432052893898
2021-09-09,0.0006656502222654206,-0.004759118332561571,-0.002764338164333427,-0.006083178618169938,-0.011773155922736065,0.0024739848571863005,-0.0042380062558999175,-0.003282707405292115,-0.0058566085856604335,-0.021412001814002452
2021-09-10,-0.0004944937755661898,-0.0046654277446453495,-0.005736483190209011,-0.0033777285005822154,-0.009412119105353372,-0.0065253427137216815,-0.00990205013856785,-0.008995132694893423,-0.013925620230625768,-0.012400656279995613
2021-09-13,-0.00015222793625674637,0.002671951507917559,0.0014150493898445757,0.0016902903808410704,-0.0061187296625191375,0.011312301253927329,0.00034956207995820947,0.004050777406007888,-0.0018521280495551338,0.004808615987951622
2021-09-14,-0.011750567959231866,-0.012385812940906517,-0.0032842658354670976,-0.00604986916327184,-0.0011826896534607803,-0.014204830845657903,-0.0013731758582941598,-0.008862617542595317,-0.00406361257873081,-0.0034079712122693294
2021-09-15,0.010894129797199463,0.011120392297850761,0.006564512685115095,0.004010422405431576,0.006817175018830399,0.009274442192550367,0.00883964254282569,0.007209051560971724,-0.0014844639461441557,0.004088215458007249
2021-09-16,-0.01099048223474985,-0.006631690333888145,0.004436153399046192,-0.003349893499198134,-0.0024765877126093276,-0.002394445985221946,0.0006356511063591798,-0.002079612790458028,-0.008189299556333374,0.0015626836109928297
2021-09-17,-0.02077605478337576,-0.010532801816506891,-0.003789582797011385,-0.005269532253172573,0.0007313166873727692,-0.004902516336249144,-0.015287531794891347,-0.012748059890857838,-0.015985729989413517,-0.00951595243477416
2021-09-20,-0.01959197963953658,-0.011565131670202301,-0.02395627694287589,-0.01055458334114199,-0.009803780296064137,-0.02246229801943666,-0.018780746429731966,-0.018721810515825978,-0.0020610642371075563,-0.006291120691857451
2021-09-21,-0.0017856292032180732,-0.007042319238101587,0.0008289415695882324,-0.001095858818056195,0.0014492943264940326,-0.0014464964467601074,0.0003175128032570635,-0.0033556344500839013,-0.0023951220967701574,-0.0004829756954365996
2021-09-22,0.01001059302269932,0.00958550382041249,0.013061142762183182,0.0025870957307137198,0.0008802974077442041,0.01570028540588091,0.01386638230114905,-0.00010960660661172173,-0.0010796106762598115,0.009101827960613307
2021-09-23,0.013840668814042098,0.015336153016776438,0.010120677534242568,0.0038613216718151678,0.007707051638876253,0.024647246591270832,0.013382486160620441,0.008115224948187597,-0.005023740466913765,-0.005382372255422924
2021-09-24,-0.0015109529274956088,0.0015957777806102798,0.0030706052137193427,0.0020813212054001623,-0.0042324417368913856,0.0054514321839202375,0.0006648362628883732,0.006862679148993711,-0.0015392574870616755,-0.01213900116510817
2021-09-27,0.007785510920747967,0.0010663943353487085,0.0038384895230385466,-0.005409613877744568,-0.014379767483365256,0.013019473782526728,-0.010125204869869864,-0.0010804142411342218,-0.012124646269453053,-0.01723183524785138
2021-09-28,-0.012884692757323719,-0.011544057057868465,-0.02026527452746299,-0.013965299756282499,-0.017153584396039187,-0.015962102656000753,-0.03030211551693794,-0.02836139962517153,-0.012304440343751739,-0.006214177839186895
2021-09-29,-0.0038960213112783225,0.000781625332473995,0.00045500770330339605,0.008691011858277217,0.0076660834424617475,0.0005514776109325206,-0.001021493901830294,-0.002115330542046824,0.012915743292397388,0.006638864174968757
2021-09-30,-0.01601949540910747,-0.02137056674241267,-0.014747170594686698,-0.01866098013348848,-0.012895031340185025,-0.016356138868340253,-0.006821620316023878,-0.004244018611949073,-0.008314656620848902,-0.01612301435962164
2021-10-01,0.015841148873333634,0.014015448974555068,0.006150265889175936,0.0025576098571064945,0.0006803726573069859,0.01578888654340818,0.014269805140399269,0.01763931825559866,-0.00036976187173980537,0.010374257621316578
2021-10-04,-0.00452893677472389,-0.005333244768791032,-0.010721053692017668,-0.0035657471229822357,-0.01500083100000224,-0.00740274309318674,-0.023924337328443058,-0.02133971216472668,0.013743564994657167,0.0009249067610865594
2021-10-05,0.009333344442692596,0.010934726863187466,0.005130227326307058,0.0048073019520804994,0.005779994989552121,0.01759427398155547,0.01447549660758765,0.015789313595178628,-0.001886641369972882,-0.008641724561366042
2021-10-06,-0.0026464896710555424,0.004543647018066603,0.004171658636716342,0.009973799449311054,-0.001564425285370765,0.0015587496285887808,0.006837944405066856,0.0045968640517631,0.0152037839012884,0.009778881572625405
2021-10-07,0.013377601625754706,0.007644398149551512,0.014897534869132154,0.004201004587041429,0.01223877290699832,0.0058392666001620104,0.009104731983612868,0.003150474737859075,-0.005353875857294752,0.0015259604082242728
2021-10-08,-0.005635641900759905,-0.00023435727018329214,-0.004578295014155243,-0.001526834239445741,-0.004758647299708152,0.00477339396597296,-0.0038709830028704883,-0.003517357626148711,-0.007355511944484404,-0.011268943453287454
2021-10-11,0.00027472167388473297,-0.007610737379768896,-0.004827767459812164,-0.0003579922521986847,-0.007534553397352057,-0.010161016462749053,-0.005309166314550983,-0.014604241884853014,-0.013550279080730098,0.0017199767146131224
2021-10-12,0.001431067921825655,-0.003288071808839555,0.006803253547080172,0.0003717715520105011,-0.004756028685116101,-0.003087353179255778,-0.005106453089781946,-0.010520689134558225,0.006629869717051176,0.013265413156462107
2021-10-13,0.007494465804802636,0.0018228123827539885,0.005650190788763437,0.002021482075668176,0.0008614568232422604,-0.006423295881225083,0.005645102384102556,0.0049184335858883065,0.0113160578419165,0.005461189745794075
2021-10-14,0.023995216396786374,0.018708960638181317,0.009804923944701236,0.01127007263993202,0.014188618109249528,0.01692470500442467,0.02256492499281258,0.017044904271246553,0.011936943280988906,0.013853009112019758
2021-10-15,0.002578435052370584,0.009598518664883626,0.01743807469523312,-0.001699443733451158,0.0049534619893534075,0.014969849501347728,0.007879957514405503,-0.0011051717536267104,-0.0022741856058885847,0.0002771441481876101
2021-10-18,-0.00043565579166006467,0.0009191881958521312,0.011925670846820917,-0.004746494105456521,-0.007219879690425308,7.609708374835768e-05,0.008459589541112103,0.007088945009311388,-0.00969303570588969,0.0022148143660632217
2021-10-19,0.00491296973831341,0.005680297083414777,-0.002877431285703566,0.000560435442463334,0.013015704953222532,0.009846028567893926,0.009669948472750742,0.007983573825713308,0.012534960518622651,0.0039673481899680915
2021-10-20,0.008128593664133103,0.006238471742543357,-0.0015178036283116977,0.006075680265553033,0.014400266031016224,0.007942268173356365,-0.002877145147934376,-0.0017444165833651252,0.01547293832856212,0.015374931182497225
2021-10-21,-0.0023210805016635467,0.0021992260547765187,0.013753587871094052,-0.0016038832453568234,0.00438597036373624,-0.0035504251078108218,0.004060098386480256,0.003594524124373002,0.00020580505863918475,0.003587500223628622
2021-10-22,-0.0016879803181255033,0.002996326916689288,-0.006646532697927111,0.007602415508671221,0.00374131154362221,0.013164394615422853,-0.0033301411335992853,-0.023097475140962682,0.0046649642308745805,0.006532677821674757
2021-10-25,0.008914286382856818,0.002221601206563938,0.020926627301180126,0.00018900465869526882,0.000924958296908812,-0.00155635633853558,0.00330503858816918,0.0040345634835407046,-0.004341488035340957,0.0031165477533117757
2021-10-26,0.003640055283495607,-0.005591631804090093,0.0023602630718028597,0.002924684780376766,0.0053055286989944096,0.0016156567759931498,0.0032334730237970092,-0.004813709231187109,0.005628482664053663,0.004606781061046043
2021-10-27,-0.014452125483356096,-0.012206487066327532,0.0024122810835999252,-0.0052219375301705805,-0.008154948344469755,-0.017072972729276256,-0.001887309283884204,0.009494178169401837,-0.006687415269814418,-0.007287078138214107
2021-10-28,0.010123444503404785,0.012795321547416609,0.01357119578046719,0.003821331199376115,0.00858234027652479,0.01230752711185271,0.01054165316942655,0.0032302148752212886,0.006453563748938991,0.01455453594055586
2021-10-29,-0.0050396036025408975,1.1332302140090646e-05,-0.000245924060120965,-0.0012271315189827426,0.009445950814901393,-0.004339720157870111,0.004327474339637469,0.008284941536338752,-0.006335829225066885,-0.012008113871610267
2021-11-01,0.0022616609334875594,0.003052070673796609,0.01445004544230894,0.0007822656133733224,-0.001360488951738446,0.0008514604272583069,-0.0007757835072473589,-0.006637057826332493,0.003935267947519209,0.0020058380152425193
2021-11-02,0.010936606222135775,0.0030202568621630352,-0.006228950652114827,0.006893018060012791,0.00626727010269571,0.0016711772417732696,0.00812308322468658,0.003178125134655211,0.0004981859597519156,0.009307710361612207
2021-11-03,0.010982627321311474,-0.0019147953461347937,0.01822773641752216,0.008878564897484086,0.0063043344112210685,0.003942786868898145,0.005972705461888435,0.0063262189993243565,-0.0032277202132340904,0.006003768150334156
2021-11-04,-0.0010781638530425511,0.0041740338699845616,0.014771629958575321,0.0020815621419416706,-0.007587878034168797,-0.013499630418039778,0.015240275217458415,0.0038343237853674618,-0.005747601828363667,-0.01147822458481321
2021-11-05,0.008321371996559345,0.009864863440042098,0.007500058431387165,0.005455001132266616,-0.010347402230203922,0.0006920556587554626,0.00430368970168802,0.007445592410211987,0.008828780443169244,0.0022598148574050876
2021-11-08,0.01223743418405785,0.003916599920977899,-0.013917134256558135,-0.009409728623929185,0.005299471538708289,0.0051756639478629015,0.005748149933851528,-0.0016138502359668392,-0.014609517528443755,-0.00016604415343657135
2021-11-09,0.004236338926254366,0.002532684064907608,-0.013594832968746452,0.004007675013526775,-0.0037511383136319076,-0.005476542783508826,-0.004299509058476613,-0.002623722405537575,0.004331297406006123,0.0035791822462662316
2021-11-10,-0.00716040501850806,-0.006315893831495775,-0.0068269499849011135,0.0028301849332527432,0.0026330578001624114,-0.0020029616323920924,-0.016903462126241147,-0.012602855423539585,0.007020692208549,-0.004908021695598482
2021-11-11,0.008461629767575295,-0.004188218700958124,-0.002533181389823881,7.923189078891263e-05,-0.0023107931835071654,0.0031007272561208196,0.005268943721882082,-0.004712454595764373,-0.006014726261272129,0.0004653504676016029
2021-11-12,0.007047276820313639,0.008093214255552423,0.004476976613238621,0.00015844495098674065,0.0042441725851332926,0.0018317883547357972,0.011784438723611809,0.016703387441700766,-0.0018648307052922088,0.0006311429827387348
2021-11-15,-0.004574181882953397,0.001548939787871271,-0.0002667723470609036,0.004820711027850448,-0.006424709192792876,0.0002100177753800775,-0.0011483823581267911,0.0018707337485972851,0.012981281064400392,0.004770339401042942
2021-11-16,-0.003221527503214052,-5.5263525213632164e-05,0.013658420954389157,-0.005996509457541989,0.0038353053618982846,-0.0016661572004340354,0.010679290124849593,-0.005080830580187313,-0.005601609231575401,-0.0064986684766134865
2021-11-17,-0.006366709994713416,-0.005643279267450212,0.005853463718751482,-0.0019318343516477622,0.0016263960879117118,-0.011164207485270746,-0.003937585387593223,-0.001807926455761756,0.00135201188164722,0.006432604378377393
2021-11-18,-0.004405275821629739,-0.0026830709797917886,0.014788402986721523,-0.0035823137503415395,0.0005843572783140458,-0.0047816602703046355,0.010162125209394642,-0.0021375525382418075,-0.005359753929678115,0.00029740532980156056
2021-11-19,-0.0016230766820171968,-0.005275853930409314,0.0033823500778431305,-0.0029418537739299318,-0.006472420878639349,-0.011174795471363207,0.007627637737873085,-0.00286936927525122,0.005770807024894481,-0.005566406107261988
2021-11-22,0.0015329931666180608,0.002809048748658718,-0.005303066586720379,0.007715479827731737,-0.004682289676317225,0.014177460047019568,-0.011513873987039937,-0.012443867157986972,0.005942028143533248,-0.005029771888385515
2021-11-23,0.0008826665457105433,0.00171961926974767,-0.006304351904806878,0.006934140278333603,0.0008824312840004282,0.015358985602862968,-0.002065085106834445,-0.003985342558106619,0.0011666733339238012,0.010893494901815954
2021-11-24,-0.007446122736540177,-0.0012726646097233074,0.0016069901874841248,-0.0028548105545646695,-0.0003956948421688803,-0.0022806346867333266,0.007060354427779989,0.0021052949041673523,-0.0006415152401897037,0.012702214839444267
2021-11-26,-0.017808390493245948,-0.027680765886014525,-0.026764181378723467,-0.014050297315967093,-0.00448695281909269,-0.03329414042776786,-0.026349687715389956,-0.018771419067495073,-0.01620260189347458,-0.02727577192595573
2021-11-29,0.004918418801607991,0.0023514842868033975,0.016125991229276625,0.005184036607304731,0.003773007454034279,0.0031166108215759437,0.026054921747007704,0.01114147859996466,0.015531547285891765,0.013251437817566328
2021-11-30,-0.02513926582227495,-0.025846472980241744,-0.014292459584028463,-0.02772247550182742,-0.01947224278349251,-0.024399683158857516,-0.009612515883694104,-0.03042546914147008,-0.029653114554872313,-0.021395460483953868
2021-12-01,-0.010989514907799368,-0.014399951909840628,-0.018803872541759227,-0.0041493384610249776,-0.0018952606899281064,-0.011086519297031696,-0.012640262621803715,-0.020014985050197675,0.0016223296952817534,-0.013505677878967523
2021-12-02,0.0195642531304486,0.028468058276756393,0.011605261292357304,0.007995664346183724,0.003971963288519488,0.027933859247450805,0.008393630928499835,0.01602078438568694,0.012084071819959609,0.026331125618490277
2021-12-03,-0.0023193438058328,-0.0004406364543173043,-0.01855994501525869,0.013883892469787393,0.0025338598362728308,-0.015531491912202464,-0.016640682441182976,-0.004667195232153328,0.010121194078464768,-0.004078231236115608
2021-12-06,0.014666943960816288,0.01624386586153671,0.011114437909955477,0.015876579120244778,0.0051401812670945285,0.0139704063703442,0.009681076788943893,0.014584861358205577,0.015209201264381965,0.01370611953116515
2021-12-07,0.015000422398542972,0.01027418506886332,0.023320208546692818,0.002283396619893916,0.012431799829674994,0.01785300572689247,0.034455453891565374,0.012946814938205181,0.007490042164053351,0.017327396414078013
2021-12-08,0.004009404781647914,0.002718266891154723,0.002781506904623187,-0.003711556383092882,0.0073997832956134105,-0.004568315121360159,0.004454118735923637,0.007456952123709435,-0.0011486487246103357,0.004665192569570672
2021-12-09,-0.00553764354024708,-0.0030797672269608873,-0.017111510815030765,0.0005820831206071676,0.0024458664387509606,-0.0026243275757348757,-0.011004740345205382,-0.007720300918539463,-0.0020133814376665352,-0.013733621961742541
2021-12-10,0.0066053819566661365,0.003879211033157375,0.004793295393415547,0.019786270982855108,0.003686434041009556,0.001390235466501359,0.02049275723857014,0.0017292113272781688,0.005655818855366031,0.005066240896662971
2021-12-13,-0.0067693040947957115,-0.01046537624061422,-0.024732838746058493,0.011960792741223157,0.009201339798582633,-0.011550774492005688,-0.016343910657445417,-0.007312793638518443,0.012065540411681773,0.013085658229997856
2021-12-14,-0.001129625964644638,-0.009748849405934328,-0.005858365601780962,-0.000627971209055686,-0.004815840011980555,0.0062266699436169725,-0.016551432058695727,-0.005196571583532833,-0.006356132753727769,-0.012824911802330953
2021-12-15,0.002803590100462917,0.008872697108295231,0.014109972546767083,0.01176339194642344,0.02084030692994392,0.003129731695294816,0.02715703176601256,0.012546843854507416,0.016683295686295823,0.014657370030207452
2021-12-16,0.010362751575103418,0.0005007425284729097,-0.022550161894607804,0.005496328252197784,0.005764009310569311,0.012009520850366185,-0.029054765025983316,-0.00580031015018746,0.004887117653155503,0.004039016261970688
2021-12-17,-0.013239225122226625,-0.017144263803077736,-0.0048939348575828025,-0.0171187287058393,-0.006767393734279634,-0.0229443219837062,-0.0064513932362729835,-0.0068606256961317525,-0.015299136758661772,-0.00301167232670149
2021-12-20,-0.01839978311884165,-0.016678017827912835,-0.01666168667373285,0.00038445679603551364,-0.006374093047050476,-0.01923317193225466,-0.012358316685006704,-0.0062572299167898094,0.00045251183458806826,-0.007181122982952284
2021-12-21,0.012988592934210359,0.019417375822551416,0.024648741287448813,-0.0010896914214242484,0.004201833313368902,0.019936739251648627,0.025682223057298188,0.01673760026421742,-0.0016696908172483267,0.006314426255342491
2021-12-22,0.00768753990421689,0.0032727905164065766,0.01715596509054397,0.005219816656092194,0.011630114778216339,0.0048798342149911885,0.013201673860975907,0.0077608685602696265,0.0039854871594747834,0.009461144055299634
2021-12-23,0.010080907920916959,0.011564376209393629,0.012357034246218613,0.001848574557791374,0.004055998473786633,0.005475176926250687,0.005628898435983524,0.006885322631807652,-0.00033855802503552333,-0.003633187906186606
2021-12-27,0.014622796124043415,0.010442322266786194,0.008287968404846883,0.010264007592988341,0.010415753121570155,0.009544426131620846,0.021579752510945908,0.00904620522506649,0.004954295188129049,0.020228229897634575
2021-12-28,0.005539208537783359,0.005096528694466178,0.0011678328910510022,0.006233553032331266,-0.002816591228847676,0.0004748337061086811,-0.005925841703809128,-0.0028711279139122903,0.009279272945872944,0.004277431632316367
2021-12-29,0.004279330413864004,0.0016334999635228937,0.0013700472732747822,0.004200723069004962,0.005959143381938765,-0.0006586948161115588,0.0007313403181529776,-0.0030642098641576556,0.005105864201458143,0.006397529765901959
2021-12-30,-0.003661877142317563,-0.003920343609620975,-0.003793673002512852,-0.003223940380274003,0.0016190968241446729,-0.002593083611026698,-0.006796823665045279,0.001145572254429469,0.0034262425322929895,0.003553700103271755
2021-12-31,0.00466304053289428,0.0044009192727848265,-0.0028888886193784527,0.00703431973613103,-0.003952232183332695,-0.0013068139667025945,-0.004887469310570226,-0.012188017448631143,0.0032495971855864307,0.0017567610597414754
2022-01-03,-0.013805508891377877,-0.008269094174825855,0.02719762576919994,-6.212943991852979e-05,-0.009841997020117626,0.01236862196373201,0.010191892161329074,0.005555015498190881,-0.009447536872756604,-0.009653823832992445
2022-01-04,0.012962535736203607,0.02012088458492462,-0.0067289070038967025,0.004687312393129264,-0.013924742512370261,0.02569532873543489,-0.011492045039059585,-0.00331446041690535,-0.0032527055596926744,-0.003831635573186715
2022-01-05,-0.0008085881791163069,-0.00963070674573619,-0.026790044696818414,-0.0003217146299683681,-0.007114222428146355,-0.012562649860107532,-0.03179648187082339,-0.029834780348082724,-0.0004734438469719804,-0.03270763002996542
2022-01-06,-0.012438837690515523,0.004516234409823704,-0.003285390520191685,-0.002068769903345675,-0.012163300757004954,0.015342901353569027,-0.0048323935306768635,0.0035294400838093002,-0.010586551131947276,0.0009992025311112184
2022-01-07,-0.0008727773298825218,-0.00028861753620969553,-0.01664817382614052,0.0015488989958055955,-0.0045574041389257365,0.011409335710256303,-0.010150831875320078,-0.003145287971736471,0.007517335342525854,-0.005491797594215543
2022-01-10,-0.009975292528975572,-0.011568164185682754,-0.005970526638503036,-0.007307018534119153,0.0103387399847159,-0.0029975644884290597,0.001022814652619496,0.00023046733743315636,-0.006419916733574169,-0.005945781826098854
2022-01-11,0.011061799390546296,0.006314341811063191,0.010295031178655111,-0.0014353866424558174,0.007579488447974446,0.008327154864981801,0.012037056844173165,0.010164800701941368,-0.009239280206642641,-0.001598011703698734
2022-01-12,0.009478196624516402,0.0029530846457187965,0.006319617120048582,0.0004620289922682242,-0.0026101260199724616,0.0004065111136005392,0.0043459820737202495,0.0035675109993034385,0.0035419329768786507,0.0028681489637873655
2022-01-13,-0.008090772236510557,0.001834369867635939,-0.020996972181188896,0.002232289896969749,-0.01645072565186951,-0.004102103795787595,-0.026866582698729574,-0.014078032628652964,0.0045154619002847115,-0.003455803395664454
2022-01-14,-0.008389782130929177,-0.005736574576862568,-0.004492101756382309,0.001854317682769211,-0.0016875685431746083,-0.010123566013249789,0.008825195853919353,0.005326453563874743,-0.0065258027038068885,-0.011859781310773271
2022-01-18,-0.013299235632416051,-0.01195709616355514,-0.019385904710260905,-0.01505805941268662,-0.013973679514551453,-0.023223723566485985,-0.02516824148681006,-0.02011220364308883,-0.012089880478110607,-0.007130666835098503
2022-01-19,-0.0021093880215244066,-0.01107243617798983,-0.01822310579928994,0.0068179580907914645,-0.004427945726523752,-0.016671026422264975,-0.013823935098337351,-0.0019125529339188803,0.004579435308635186,-0.012189604779500552
2022-01-20,-0.01443014952181498,-0.01245726277912539,-0.019615600503782225,-0.007272444884168602,-0.00584273379594782,-0.006271952489560141,-0.013391003462762794,-0.011434098781413882,0.001426777997195728,-0.009206676657233246
2022-01-21,-0.0252486705314728,-0.009699966655559627,-0.03148535038707542,0.00016415690323180718,-0.010681942512572644,-0.02039212611339493,-0.019507142018917043,-0.03962072114820813,-0.0018266827505835676,-0.00040811891482476825
2022-01-24,0.0002462097011662105,0.005326889126712754,0.012056996303225084,-0.0035541957120713546,-0.0036704058976116992,0.002389309492685297,0.0033176084093557157,0.00430779980586258,-0.01033742324295411,0.0017334598837011061
2022-01-25,-0.008615142319520461,-0.009378917152877088,-0.018275631246592556,-0.011405262979195738,-0.006644826812684904,0.004667993332854447,-0.023638621004456437,-0.022605941912286983,-0.015797448934077984,-0.0026523368869267893
2022-01-26,-0.010232510791002295,-0.008283705948070909,-0.003241644180281695,-0.006738349316676451,-0.004454569217784711,0.002653202779972504,0.007186320757845122,-0.007903538519976784,-0.007121606649148494,-0.016755773584474443
2022-01-27,0.0036019323685041985,-0.009307942065712933,-0.022975712543106683,0.0057509864780077476,0.0013907893811783924,-0.009254231709182999,-0.00693014492986654,0.0029080305359350344,0.007795858774394533,-0.0176754552090424
2022-01-28,0.00565598461366417,0.006820011023479569,0.02277586433647558,0.01159403424269026,0.020561228275966542,0.012646269250950257,0.04243578513277788,0.028747060983127952,0.011740332035199738,0.03323876453881669
2022-01-31,0.014293741573841084,0.01097115936905526,0.03739159663421158,0.0048071994965487785,0.006660602366427665,0.008892108829098551,0.026477177576696452,0.02367978969076713,0.018337595518519576,0.01246710627985636
2022-02-01,0.016560788926704494,0.014084781945724208,0.0062440752365257686,-0.00063120954075587,0.002838314764381888,0.014247095051747094,0.0023847512141679465,0.01269806721374506,-0.012849917708801385,-0.00740056611295541
2022-02-02,0.0023330500121641444,0.006664265369351121,-0.005268207232859856,0.011763136885447797,0.012444942577725356,0.006565681830610127,0.00810556732088408,0.030407164640988783,0.01449779443470207,0.01644983606759175
2022-02-03,-0.017895490448220152,-0.016873144525279386,-0.03635669133000494,0.00013725778915706798,-0.004540474497351712,-0.011602322068055587,-0.031142457341089037,-0.07075938283371572,-0.004381504004050413,-0.011071296740462916
2022-02-04,-0.017320716613522226,-0.010727591491572907,0.03667257687978638,-0.012102509075589208,-0.0040677773460650124,0.01641597228605668,0.004727192460890675,0.0014358306857250142,-0.008044582160722314,-0.01269757583729423
2022-02-07,-0.004261968289583713,0.000696687992624722,-0.0021721349728763494,0.0010351929910293353,-0.0012924408449338802,0.003296000123590335,-0.006595561984246722,-0.022637747489924562,-0.001956476284566924,-0.000888666082530406
2022-02-08,0.015558281090151886,0.00999580758008647,0.014897009839088345,0.003287856866166832,0.007871631968310438,0.013740458401534473,0.012672225472078292,-0.0010069457309829872,0.0010650254125897508,-0.008034470191857008
2022-02-09,0.021067598357103635,0.013581659303306631,0.011057451956960417,0.0001759935784155801,0.008123589278609246,0.005898521350845651,0.0228129887959341,0.024218523763036688,0.004363403086679404,0.023508132744632496
2022-02-10,-0.005672986487944401,-0.016683663402648912,-0.01791487167346231,-0.010376883577446013,-0.015865203933967714,-0.008498433789420326,-0.02790405057526596,-0.014194595065351772,-0.026411959164742246,-0.029039035922903075
2022-02-11,-0.015337731198201764,-0.015143866154902074,-0.028654306184903375,-0.003079448092926784,-0.013469882546685711,-0.014631656331327224,-0.030521274554385233,-0.02571961402481883,8.822521434778005e-05,-0.013541090436810942
2022-02-14,-0.008712943789485793,-0.00401924892025809,0.005813633566670938,-0.0028971125381733946,-0.010999919362670937,-0.01127529139306057,-0.00032752220581073164,0.003235398743530001,-0.008001642976700732,-0.010277522940011552
2022-02-15,0.01870169576685573,0.015027868135571946,0.02055807372691046,0.0018388257307147078,0.011395076617650235,0.013718839904675435,0.02698295511531155,0.012502302935528835,-0.005499265037326915,0.003932706695841408
2022-02-16,0.006448944575931132,0.005166410141894896,0.0026579306904927977,0.0019627561939202414,0.00131585021540568,1.4987259002475732e-05,-0.0017392498697855632,-0.0019747541597764707,0.0017571185275948662,0.0024722323102812065
2022-02-17,-0.01713875691553053,-0.018737405258247186,-0.02603450758041546,0.00905019819060732,-0.016086043608458327,-0.024401120805641167,-0.031132390982401614,-0.03005566061326569,0.0005948826380699232,-0.00971187652276503
2022-02-18,-0.0018593443113360639,-0.00918281267345206,-0.007063774069138096,0.0011097861902831427,-0.00820508520157207,-0.0011819967411672804,-0.011062000176148647,-0.008749623868763247,-0.0031572004227161127,-0.004605289968667644
2022-02-22,-0.013920923104992884,-0.00928016036944569,-0.030886721834645182,-0.008378940999125006,-0.0025429389671686223,-0.00418686035220719,-0.008852459031270353,-0.009841931412147316,-0.0007460794066333937,-0.0024003215741929367
2022-02-23,-0.013239098023705783,-0.018946517775397024,-0.034781924280552504,-0.008270364184670916,-0.005118950136216715,-0.017882199261000067,-0.02595912494147837,-0.017414930161988185,-0.017315277144181875,-0.013287286726107864
2022-02-24,-0.0030485993880445743,0.012299690943784683,0.02511084593085971,-0.01723093987947675,0.004571707525116651,-0.011736118501979574,0.03407375474906571,0.030792042816569675,0.007293901292676835,0.017689387551746236
2022-02-25,0.035171588879226195,0.023748474349433352,0.018694539045258165,0.030724234725639496,0.029830742009765168,0.031082634954181478,0.0135941188831397,0.014704213205803037,0.03090872859563676,0.024585479831801524
2022-02-28,-0.011822704998084677,0.006989823869076374,0.00602329559927139,-0.013236997081976537,-0.007544875291769007,-0.01458411481516905,-0.0016091659987261821,-4.290869178448419e-05,0.0042886627176603525,-0.01789433170618863
2022-03-01,-0.023407599674766192,-0.015401666679205164,-0.013498432868968716,-0.006040078381664006,-0.005845725073820791,-0.037775747573747825,-0.02014486325605488,-0.012224518292161677,-0.008390253118895035,-0.002272861011689911
2022-03-02,0.02214490387193721,0.021706452980196727,0.01925059963649655,0.009940248737804733,0.015290873084194268,0.0252256809044607,0.021654220344542143,0.007059230680978156,0.012022658129902292,0.018144288890086395
2022-03-03,0.001167112280818406,0.0007897063910689631,-0.023195209007365488,0.007146969178750101,0.004865172518863551,-0.002995627211454056,-0.012509348767600887,-0.007798337129595289,0.017054589161212195,0.01090320906167692
2022-03-04,-0.004235022412064828,-0.0022647460463121453,-0.015232119707437217,0.0014435501685371988,0.004893531675508669,-0.019766048336784085,-0.017992968246449366,-0.01405971705175888,0.02169185278046088,0.008185789071624839
2022-03-07,-0.03489927537189313,-0.027281520309857886,-0.049175574266080276,-0.018865900400377607,-0.017256190694173237,-0.03725975681523425,-0.0376834732811197,-0.038167963494215515,0.013002144522675178,-0.01814680893343111
2022-03-08,-0.005023772688210807,-0.0063672112795655255,0.0005597875117670277,-0.02673623448140529,-0.02135224229954111,-0.005510431601271663,-0.0042830598661460295,-0.0011462895801155181,-0.016188240345725035,-0.008864028440403543
2022-03-09,0.029654259049307876,0.017986065409806237,0.028898010363049932,0.006600074055273701,0.018803083418462777,0.03550671364140744,0.03905069737194906,0.03391839218168198,-0.007784382271913209,0.014637568537164185
2022-03-10,0.0018027137153567604,-0.0012002641670161764,0.011532427789228696,-0.00898678874211595,-0.00028441294933430474,-0.008023168299338839,-0.017715074093449242,-0.007523026908510888,0.007224327923287794,0.0035656789538337356
2022-03-11,-0.0074254797893918475,-0.008018641604219607,-0.018085971855774038,-0.01157662654577384,-0.007935542092854991,-0.007193639902548676,-0.018173065757421794,-0.018990654933050286,-0.003732095170666484,-0.009339219050594412
2022-03-14,-0.0013276777558144021,0.0032151323886054394,-0.017660550476006457,0.005638147864224368,0.006803870712239366,0.012391495066272101,-0.019147444517617084,-0.018290931601594465,-0.001068900758221157,-0.0073167940300038715
2022-03-15,0.01093921401649375,0.015399897730924818,0.033317459029649533,0.021900250466079248,0.01910579385530969,0.013014960655631264,0.03370369980026221,0.022199674981362157,0.012418357092762886,0.0070028295886617594
2022-03-16,0.01572180935006998,0.013092412270581059,0.0329602524941404,0.001344773070521419,0.012171593745992432,0.028408023308501573,0.03267639019372158,0.028838466925575595,-0.0016970580808093514,0.01124149726152987
2022-03-17,0.01927353775583556,0.013328407461220416,0.01846549960971605,0.005932107505347571,0.01593648388162326,0.012211180648714312,0.006873086561016342,0.009299989754387047,0.004555983775561121,0.013536221534060228
2022-03-18,0.00593485075831598,0.003950271945381518,0.021559159940989864,0.002668357710722933,0.006497420260038142,0.0029098658983923655,0.021641324901976004,0.014263321483014556,-0.009020916948398672,0.002108110622006706
2022-03-21,0.008496609432734645,0.001693185494459138,-0.007611413535243743,0.0011765225249096628,-0.0011867964610809945,-0.00125267375257057,-0.0017682061268370177,-0.006651114093189829,0.006745519681894575,-0.005244558227759797
2022-03-22,0.0051549769762644524,0.005279815347560922,0.0241621478253672,0.006529456761428606,0.00015706329706152255,0.015874271354204068,0.014120428178199102,0.019864606867479002,0.0009162858383285634,0.0005461808081712195
2022-03-23,-0.0039050822008308904,-0.009188767240180645,-0.012385565744764121,-0.008896772517921354,-0.017848506429653792,-0.018586042779634784,-0.015147407757495845,-0.012524979202920256,0.0016639108629521071,-0.010394065707846172
2022-03-24,0.01944670373537029,0.007424294989448776,0.007302546979305027,0.00614593253548446,0.011407583172004677,0.007528297437476274,0.02671788600068505,0.016721791175838895,0.009898194700734959,0.006359069582473863
2022-03-25,0.010965288346127314,0.00626471689016484,-0.0008600079795244698,0.00805107852665146,0.0051460251777817444,0.012990260434895975,-0.0009075902649154713,0.0038421954312331213,0.014706614303967438,0.012259666545430557
2022-03-28,-0.004608004435156151,0.0003076742493972019,0.026369199385593654,0.00411588810667042,0.007332529193886236,-0.0029840196059635195,0.012218221830165977,0.0026933750069219227,0.006145071470730538,0.012746235261021506
2022-03-29,0.007650506816488808,0.008937446624260093,0.015301295312108302,0.009151879908851406,0.0055171260989540045,0.002345369168323403,0.02041873200264229,0.013815188910119146,0.009227205841204848,0.028074395805893933
2022-03-30,-0.0033454455169810117,-0.0014915845363458417,-0.01525440515066635,0.0015486357781439473,0.0022083095869353934,-0.0070831561441730495,-0.013718671807742647,-0.005528213410280238,0.008324803844996493,-0.005669866782359464
2022-03-31,-0.013585154437052379,-0.015785844344495273,-0.0196660511582761,-0.004261448020968144,-0.011898981562605292,-0.023482754029905704,-0.016058164373936167,-0.020337122836362857,-0.001691192254657099,-0.011833599307511104
2022-04-01,0.01128305382187244,-0.007020920565044488,0.0021308645163709257,0.012443308786602061,0.009013588326183845,-0.0021037559414965844,-0.0016584948912730566,0.008808771883919493,0.014440873921499108,0.020034698193021113
2022-04-04,-0.00042885267299573175,-0.0017484760771826827,0.023010445488438055,-0.003199599703848717,-0.007503632251126153,-0.004757743370060653,0.01894155176764427,0.022554384572613436,-0.00795609697371968,-0.0031487948488900437
2022-04-05,-0.007931391922303091,-0.014040072428329848,-0.023795319202683195,0.0006757412185934135,0.0017952566031982108,-0.007497408484868423,-0.02215521040119031,-0.013947924704819346,0.006625746383978792,0.0006175627457392841
2022-04-06,-0.011232634712430247,-0.00766893004279516,-0.026672709363472172,0.013790625645560026,0.01536795327382169,-0.006592683798249449,-0.025785469936840225,-0.02133629622958411,0.01977146980055675,0.015380170487536466
2022-04-07,0.006284114276563333,0.0030746042821289503,0.0038911781538650543,0.011702325440787842,0.018379247431006187,-0.0009774075304605,0.002314911987808253,-0.007329143397203236,-0.00251111151400101,-0.008644437275735734
2022-04-08,0.005524871365652863,-0.006063705288763819,-0.009742276964643018,0.003943422083532723,0.005765755951475066,0.010001372872793266,-0.014448488578825577,-0.007470018877451869,0.0029716275077363557,0.003318779265256348
2022-04-11,-0.004547712363941611,-0.002950357788262137,-0.01912672200271016,-0.004699799671278791,-0.01986462138438191,-0.004788862531552218,-0.02639266013745365,-0.0169150873985975,-0.013935093948979056,-0.01360250798566284
2022-04-12,0.0003255075957609223,-0.0014068636779128458,0.0020109655520003295,-0.00019533038274228656,-0.00951910758307274,-0.010726503875871138,-0.0035386147379284747,-0.008143783691376033,0.00406406553002551,-0.0034625633284506934
2022-04-13,0.014522063585106966,0.00961771302068602,0.024802331774436682,0.006861024918318072,0.004278226710175536,-0.0008063216364705137,0.015790097378889766,0.012980898288798014,-0.0016805482103984316,0.004114457887077832
2022-04-14,-0.003409652237159267,-0.0009576194448444563,-0.015837983199067665,-0.00042437487310420014,-0.004643285366646741,-0.010492819939626464,-0.024767658044914938,-0.018372737695101046,7.762353230380112e-05,-0.00585019594313813
2022-04-18,0.0008222607614508292,-0.003827789370807465,0.0033578260295359956,-0.008159249533951625,-0.011240165692382809,0.006111272321020768,0.003195130432447016,-0.0015650095594074243,-0.00490232641829962,-0.0027571617606446993
2022-04-19,0.009247984472370806,0.01791011910201425,0.02869810747571281,0.014602910686724233,0.009251493966026723,0.013103669989871503,0.018229105749893303,0.020463995468298503,0.006091826305370451,0.020978806829642503
2022-04-20,0.0068627197772601605,0.005420170204924748,-0.01365249822820598,0.014535182603175783,0.0133425048928237,0.006837462032098799,-0.001323740388064328,-0.0415383681370104,0.007928343131604192,0.018338019517201404
2022-04-21,-0.016897167264851742,-0.010061003682644312,-0.01239853914580963,-0.001057596146931094,-0.011124872254065431,-0.015478844208724984,-0.017424286495903076,-0.024427559389610134,-0.01605035958117254,-0.0063403711785671195
2022-04-22,-0.037994776694137845,-0.02517785200663299,-0.02402908650342255,-0.01607183884611645,-0.03697744140443103,-0.030464256347288946,-0.02833583259724421,-0.03352699038745006,-0.016974477204736608,-0.01790523432243585
2022-04-25,-0.002920321009279946,1.2027426639883156e-05,0.007731604270644631,0.004075344885289774,0.0066233092618679925,0.0016450626637820862,0.014285971736098708,0.01514056054984735,-0.007234269644089961,-0.004803269302989059
2022-04-26,-0.015600818166196665,-0.022172510452594024,-0.05115417677786177,-0.014910797994804556,-0.01918995015969687,-0.025816416295632076,-0.037818884954505166,-0.03213811622653079,-0.010464820770859279,-0.014979245009879589
2022-04-27,0.014687653898914934,0.003531845222134762,-0.0007109995808220138,0.0026954868431975044,-0.0011710377822944336,-0.001022732209281619,0.013493313564601584,-0.026505819484271474,-0.004623251148505814,-0.006593434479970758
2022-04-28,0.015485244889409805,0.01138095026039249,0.022927966126324677,0.014162702145069974,0.013423026688976134,0.01289528938451135,0.039579249682329266,0.03811304701880024,0.010995683243936292,0.018314073947082666
2022-04-29,-0.019913980548323707,-0.026577620383304093,-0.06100974289049547,-0.027010085798947144,-0.02507084727768616,-0.03468852840228515,-0.042231129098919275,-0.03639467837176041,-0.030533817935593028,-0.050197903538270985
2022-05-02,-0.0033014131592793666,0.0016889196901916283,0.013515094104479522,-0.012989642222209281,-0.00682620679524535,0.00020913816854172427,0.015492739584002211,0.023949670593674144,-0.01050038460189366,-0.025794920904198094
2022-05-03,0.011154873505013188,0.0069738575746055315,-0.0029124312293722712,-0.002390201385674417,0.0033627427296830737,0.01253824648792594,0.0018023471440252409,0.005359552290350464,0.003707128894048712,0.012389507158211849
2022-05-04,0.031927565806009015,0.02829372038475321,0.02812965200488939,0.02141952372672589,0.021741841184444465,0.029739537091309203,0.03452673882055869,0.036118916591191715,0.0219317332256979,0.010828137058084787
2022-05-05,-0.031611767980439215,-0.0269884491538923,-0.05991169762183836,-0.019129267409494045,-0.019800781790091697,-0.029584613533696163,-0.050531314317949494,-0.0417250261751782,-0.010781930025121358,-0.025650529661370436
2022-05-06,-0.01374683966999045,-0.006481544220880454,-0.013149220889708425,-0.0004251451718045329,-0.0029658552724738927,-0.007201371088162726,-0.00797950731619207,-0.013154461716856762,0.007974512247831158,-0.010254624278748316
2022-05-09,-0.032927960324488456,-0.024347393816321738,-0.043495914407452915,0.0005001430556098827,-0.026036401540498536,-0.02488326646105629,-0.04016233776075881,-0.02468639106794178,-0.007754382701292301,-0.047288020894497185
2022-05-10,-0.005875497355773056,-0.0064935759888188555,-0.0029783453299810697,-0.007591111510095478,0.003314633888832384,-0.008009944250252457,0.015638865045929137,0.008364405333983471,-0.012511289047673268,-0.02311208446054749
2022-05-11,0.0002936076966499285,-0.009317010904105796,-0.03631712091972239,-0.003456968265821927,-0.006429255208744247,-0.010080867872207026,-0.03353489089654289,-0.015199500615149223,0.007658222257287219,-0.0016468193059021553
2022-05-12,-0.0018806404525210521,0.0013785749183603709,0.007922227617086412,-0.0005941513155604218,0.009206835182237541,-0.0070994372594107525,-0.011453221381085628,0.005092238910639364,-0.011621228531974599,0.007408465562909047
2022-05-13,0.015217512936831093,0.012284899369419051,0.04017121780171224,0.014114087189108039,0.010472689166431352,0.013591634274846219,0.03386834961194465,0.024828970444133316,0.010874670379581942,0.02520944978554891
2022-05-16,-0.0018750103567875373,-0.0016802541045352769,-0.021392877789160852,0.004528402920527019,0.006888186230208898,-0.007813910090723861,-0.009131014420371586,-0.005923080606085755,0.0032587508979050393,-0.008045948226208965
2022-05-17,0.028233734454120123,0.022535721868207292,0.02643363428624298,-0.0115856842696867,0.013720697775392728,0.02656534598151544,0.028700058078998624,0.018060733751284603,0.010204453353683434,0.010417490616198097
2022-05-18,-0.0322664219320712,-0.038252115981315865,-0.06825398719617345,-0.0659291418536278,-0.02631500839126017,-0.0283786489288965,-0.048571626335718585,-0.03466054245196633,-0.010342287972050626,-0.029904525706352294
2022-05-19,0.006815033762243301,-0.009492285848699886,0.0012912011270668994,-0.019954983243686834,0.002167053055100561,-0.006975442920413384,-0.01079301168764222,-0.005852470035270122,-0.002208531977685268,-0.002023244283899104
2022-05-20,-0.0021633646374695334,-0.010771169432285227,-0.015441022701232114,0.00265103862439887,0.012520925147196703,-0.00120704116708084,0.0013702406862510362,-0.002216479558272386,0.002704748651307491,0.011814171521171559
2022-05-23,0.018298134633111345,0.016204491363567483,0.006349745831883966,0.020758526147259024,0.008009366601794375,0.03182186028913964,0.02339266842456618,0.017950364603079,0.012054263118117232,0.01208678563758738
2022-05-24,-0.006074998686751878,-0.0012222110921350842,-0.026127093159997415,0.01647823464906539,0.002544186823171529,-0.002360192519169639,-0.015791773406162897,-0.037753960386811426,0.019924318873780586,0.01197934125329047
2022-05-25,0.004650023415740891,0.006367637535735314,0.027446366934601504,0.0003681205410065647,-0.00017677271356523797,0.007981159525481766,0.012023737711056713,0.00875151991357837,-0.0006141082764156654,0.005624700169013446
2022-05-26,0.018032099539803254,0.019750906912621338,0.04666492334005632,0.01125286839270976,0.004144207749048883,0.022241641772821362,0.024200135944118198,0.020450988878706496,0.0027207704781294865,-0.0009902585101649332
2022-05-27,0.02269023310864984,0.0202630683910308,0.03408538319092681,0.010870550793389307,0.017029503500907994,0.017701470965662557,0.03380849757723095,0.025886375925226336,0.014728527179539892,0.027828330954809785
2022-05-31,-0.016101629604366816,-0.008544418011876607,0.007617769544051681,-0.007302940929612053,-0.013831750196323414,-0.0033760327959158547,-0.007060586885667799,0.004026738872972906,-0.013876446697964272,-0.013509869413538647
2022-06-01,-0.010330282506528237,-0.006220230189537426,-0.00845944790884568,-0.013218310097666929,-0.01433578743310278,-0.016862649627935093,-0.003324009217292696,-0.006970026685332985,-0.0016249111363973916,-0.011057906089430324
2022-06-02,0.026468456105244648,0.018756114949279517,0.02981401498270014,0.013645591351993247,0.007753303979815458,0.014037834616733365,0.02410228080500027,0.0254527083498036,0.006006848340944527,0.014560667493370108
2022-06-03,-0.009850660554667627,-0.0036065081129001836,-0.028922309886132036,-0.010475042303551056,-0.011453985187123511,-0.015455992860860251,-0.025072223257993086,-0.023955014275291377,-0.00438193720454716,-0.012514490319424405
2022-06-06,0.009668038659755983,0.0040146145034287446,0.010226043050421518,0.000549299656766917,-3.313603116964358e-05,0.003817528694228699,0.00042164290948646093,0.0097299786259129,0.004487950996709339,-0.002924361639953181
2022-06-07,0.007203869603766133,0.013474335634767102,-0.0037170157273601198,0.004187794741466655,0.012945710587927052,0.00685550331299432,0.012081942707453526,0.0050755217327244275,0.005759573849748597,0.011465697483670484
2022-06-08,-0.021232036350441606,-0.018457806734702813,-0.006825600436526116,-0.012313281329325274,-0.007847451742223276,-0.01718420647039566,-0.011173800843686172,-0.00024580584065271853,-0.02003658819376289,-0.024621142204920884
2022-06-09,-0.02419324289014415,-0.019881953007919007,-0.019757721305549432,-0.01512616826565812,-0.02317675437889841,-0.026405611854695178,-0.027622479209687783,-0.027918018989893482,-0.024679866255244112,-0.023152505232581888
2022-06-10,-0.030956632764919216,-0.030022415070976565,-0.042515999658682815,-0.0037402972302368553,-0.016469852196493263,-0.0372251975792826,-0.0396842341554411,-0.028876047201085175,-0.007715792141288082,-0.024284629533824813
2022-06-13,-0.040017688001736204,-0.030736120140805703,-0.047691223959563676,-0.022081300784448324,-0.030535027923530828,-0.029942325274805545,-0.045705146331551226,-0.04534864838485168,-0.04738502609150049,-0.04898274850730321
2022-06-14,-0.008425225263634685,-0.0025088164165467585,-0.002467609068444058,-0.012963509248545309,-0.01070566029195442,-0.00947520362195182,0.006188803393456897,-0.002835429215225964,-0.02618924923180099,-0.010140705812467024
2022-06-15,0.00028742994249747217,0.010037871563756344,0.029779122460930105,0.0008203255843757831,0.010168486350557285,0.01230218520657279,0.02147530516143215,0.023369215317319964,0.006760361993386077,0.02304676123018398
2022-06-16,-0.03720670662882702,-0.034357185938576625,-0.04876388830389065,-0.006595870511006669,-0.01532414913439561,-0.026048796362272534,-0.041999874361056316,-0.03512371366184216,-0.019844257862195062,-0.025856650168971818
2022-06-17,-0.001065984565311389,-0.0023551238738334394,0.01211765568849458,-0.004107750451363455,0.0002010145193753804,0.003108044035213271,0.0098160481506087,0.013064131461446547,-0.009521340913753501,0.0063935005198156045
2022-06-21,0.014548152497835039,0.017680089192824478,0.027828999897812734,0.026506299626752983,0.026098848587283535,0.020018030237429717,0.025042128788456932,0.016066999436567468,0.0189829919212395,0.018656290887710647
2022-06-22,-0.01303474624612051,-0.005356205007556556,-0.0013796156150631337,-0.0006705810876290099,0.014129856243532359,-0.0025666907294352287,-0.004112421931594986,0.002144362102444657,0.010293564608180495,0.015338407356819895
2022-06-23,-0.01411377954584385,-0.005274919230613766,0.016071132552206057,0.019387792303209785,0.021917312419030086,-0.004575180658474994,0.014264430605281117,0.010812060941910824,0.023207992331310934,0.01987127190596145
2022-06-24,0.03901882997418658,0.03433207434840394,0.03670952368481538,0.01843920044264225,0.016171472266422803,0.03727273141151128,0.035099722233470285,0.03860516616314284,0.017422738364630576,0.020438732624502527
2022-06-27,-0.00809333562542233,-0.002491716851369054,-0.010908874334599371,-0.0022434715036744853,0.0038949249638546147,-0.0043716887019866375,-0.006368884547220541,-0.010554986436734469,0.008033588416129818,-0.002637373497802662
2022-06-28,-0.010738766812549963,-0.0115533565197123,-0.04112240443800592,-0.013420118484210689,-0.017513309017425847,-0.009290411499963335,-0.03052616368242704,-0.029640695634761117,-0.0035971459249804828,-0.013990573465084382
2022-06-29,-0.007351706279179688,-0.0062141376361411205,6.401187634367134e-05,0.004902111473898106,0.00869493688277318,-0.006418559412430023,0.0020350663147757843,0.0026494292562735757,0.0004538245312818277,-0.007636268334437719
2022-06-30,-0.01233828553595515,0.002793673506195966,-0.015531302565010865,-0.0005864588221043843,-0.003347035113984817,-0.008864831764701738,-0.01336538741333556,-0.015680334293684782,0.010916503036385432,0.00031283709637899035
2022-07-01,0.006670864742933153,0.009032649304651337,0.019460845280568875,0.014191249250115104,0.012079455594493275,0.014229039817767904,0.002489089858797835,0.006750237426286321,0.02449757024846761,0.018439393177986877
2022-07-05,-0.020213249127466495,-0.015404394310585514,0.022529508981657054,-0.0056814181555151,-0.005908388141050035,-0.00475832864705598,0.012331064098253616,0.026294454782868494,-0.03493199132530604,-0.004925165915350473
2022-07-06,0.006152673218100265,0.006073802830139513,-0.00240498144080655,0.002139257719466473,0.006562726008788265,-0.0025205722806521526,0.008808115193077237,0.004203745811441966,0.010041540869419092,0.00011570701560544126
2022-07-07,0.009180115738385638,0.011797017483769143,0.024542500407588406,0.0007647402807152688,0.004634250394095129,0.014505316243005805,0.020426032355838675,0.01964116310289852,-0.0009546705348904887,0.0006554987381535714
2022-07-08,-0.010028794738859235,-0.004616035987450488,-0.0001654070714816607,-0.001886671386069531,0.002660105928278022,-0.0019843830237265612,0.0007185813245264514,-0.002135114282214025,-0.0032640330172001093,-0.005526994145772646
2022-07-11,-0.0026811871926197112,-0.006706994244595451,-0.02801347327389706,-0.001440448815944161,-0.0023181565373084326,-0.008336111731179666,-0.014322995293218689,-0.028389003262686025,0.006377380656634276,7.758606113534781e-05
2022-07-12,-0.0021195502513762622,-0.003227784672101677,-0.007321586889223633,-0.003112778115578138,-0.01336300467867505,-0.006521478128331521,-0.013460182327498496,-0.004828382239275863,-0.005138041729676022,-0.005869032701304901
2022-07-13,-0.0055055682926859195,-0.012080894105339622,0.008564975169025515,9.286946701094125e-05,-0.009419060014748307,-0.00932497675503436,-0.0021916265754588424,-0.010790375355887599,-0.0044009368101350895,-0.005472373764801709
2022-07-14,-0.019074412100732,-0.005846666079897045,-0.0006438312393430046,0.0016435035330114305,-0.003692688499233856,-0.019345458531065347,0.00921668885961221,-0.010585481232661155,0.0001413222327848927,-0.010045200845223038
2022-07-15,0.016078649462198363,0.015710989035229488,0.016914856295166248,0.003951989051357551,0.024170999045598895,0.03447359485346466,0.017431814748259788,0.021428435734122557,0.0020333281202614406,0.016842063864549322
2022-07-18,0.0022256297866373284,-0.006008271609612814,0.00217884356575176,-0.00990262233722618,-0.021730134848963443,-0.00528983776466652,-0.010324910182323625,-0.011002501265637926,-0.01409191884625636,-0.010842186985727888
2022-07-19,0.03058624269258658,0.0352022642879969,0.03039903988316055,0.010772817182421464,0.017880945375409487,0.030239284314689037,0.030288045384988246,0.03568356645558203,0.006758213650907054,0.027979518292605313
2022-07-20,0.0011521903975422456,0.007351059593602838,0.01749432222809395,-0.007315031466476316,-0.010647354311859095,0.0032040506219388628,0.015461066377569246,0.010060093787584863,-0.013706513087205222,-0.005333489616984397
2022-07-21,0.013933789925366523,0.006802140370071581,0.02222165434606971,0.0036311828855026787,0.014944500871377804,0.006377466916946354,0.013969413195707941,-0.002085419087055088,0.0029057942694150317,0.010067550567875505
2022-07-22,-0.007323877931954346,-0.0030683559738155534,-0.006591667387627791,0.006841985787759854,-0.003860699634175436,-0.005917954537196987,-0.01389863202786242,-0.04434987769561191,0.01358199823762018,0.007853322572350451
2022-07-25,0.004291078385700144,0.004683578915394021,-0.008519317862699003,0.004561583499884199,0.005479793481104464,0.006520642955895443,-0.006146084170128776,-0.0028249293299479786,0.012504746123608747,0.0006799618016939835
2022-07-26,-0.0066027690523922725,-0.005298333589365866,-0.033610041655129805,-0.004745551868108882,0.0054825824509752,-0.013972311640691794,-0.01596473447332865,-0.020709425829126604,0.0060550806841260475,0.0020372307234062703
2022-07-27,0.012449506504315927,0.015669854979222433,0.03777951890138831,0.007775114898180909,0.006453922290106509,0.015285998620830764,0.04204619298309542,0.04985094308318693,0.0010844133627535533,0.005449855421104109
2022-07-28,0.01671940744308512,0.020501529884504963,0.016538586689418197,0.015743445275406807,0.005449971634424408,0.0069588399005915584,0.014226034820509593,-0.007388930311360696,0.03468392931849008,0.03632746457522635
2022-07-29,0.01311197390108054,0.019842223756571808,0.04178133563043694,-0.007239401372736411,-0.003521913191286637,0.013934939658807967,0.015351524714586362,0.005624731349547114,0.008286618333710288,0.0029955326249014695
2022-08-01,-0.008174822292288607,0.001248723526191876,0.005105854565295775,0.011989910570557878,-0.007309956529783476,-0.008968026881719715,-0.002035728979185016,-0.004215559812213304,0.0010110816275223742,-0.008941078961010325
2022-08-02,-0.010147519988837771,-0.01058350376503868,-0.007058583522958062,-0.007398016261978253,-0.0037046514811650364,-0.010741384572600826,-0.006963657659104635,-0.0017748691678181204,-0.0022096745280126284,-0.013102652877168473
2022-08-03,0.0012844317106806495,0.009705854775670639,0.024848728319625285,0.005825505170865837,0.009196960502031958,0.014786952268575735,0.026552248323098555,0.024514194408931936,0.006773351486048375,0.004080909251811302
2022-08-04,0.00047602685245599024,0.0031240179485019313,0.005407987691138226,-0.007912456159799604,-0.004950231399284841,-0.0034511618322992763,0.004143623566061352,0.001833651107075587,0.0011905873481635617,0.0012467985406079505
2022-08-05,0.0036148475897729254,0.002106029955005429,-0.016713342598817498,-0.0014970102178506637,-0.00029384470494975897,0.007819940212158562,-0.0023962222626313203,-0.008791271924766728,-0.0029658575828396595,0.003146443868040745
2022-08-08,0.005449206703903071,-0.0007630615497890521,0.0029576243323117843,-0.000645969792464956,0.0022508180481494206,-0.0018060889342745294,-0.008830526739532286,0.0036894801945116787,0.0011927015785994969,0.007025465081080818
2022-08-09,-0.005078086074839769,-0.003712879931785392,-0.015477341818435702,-0.0008016551185847954,-0.0029499829630162595,0.005639911877362885,-0.01007339999284965,-0.00718648908845045,0.010565684406473317,0.00733662676621123
2022-08-10,0.02836721998498029,0.021952336218907704,0.028329926574772058,0.007396721066319886,0.01112768910139502,0.022907842443025923,0.027356450985517887,0.02728894743257096,0.004523956080016823,0.014300769699467088
2022-08-11,0.002761005440469881,0.0046316627679949835,-0.006627245611713069,-0.003214816530119424,-0.007168069983559258,0.01012421655464961,-0.004850597848984019,0.00010027706998802903,-0.0014098645346929553,-0.005517261068435445
2022-08-12,0.0186066486522382,0.014562700317382481,0.022699505852425656,0.009166977650023255,0.01303294995631746,0.016208845652670396,0.020531293720980247,0.01995006481466991,0.015272181409820283,0.017023034244786364
2022-08-15,-0.0009025103577538746,0.0023454771154306645,0.006070687447856523,0.010473958865128911,0.00487825217340164,0.0001863226946948153,0.0062395280882228555,0.004803674338268423,0.00809846478107755,0.0047610290550136125
2022-08-16,0.005832365643478222,0.004450797573752768,0.010842576112353189,0.012001446768818008,-0.002657352196028975,0.006836994479121375,-0.0028671234839045493,-0.0006359228544338401,0.0027019403279666477,-0.004199711164827587
2022-08-17,-0.0140711839039821,-0.007792959249571949,-0.011273350647718464,-0.002336253860455429,-0.00631627429239563,-0.005279735571783644,-0.007068594475582252,-0.018669047048506183,-0.001503003354291685,-0.002950359760469103
2022-08-18,0.0025893132818357104,0.00324755256088992,-0.0003864132787027053,0.002535937155189584,-0.004345396225573225,0.0012845598559468139,0.0049138392677887536,-0.0003989121612647818,0.003410357433764542,-0.007485100211758882
2022-08-19,-0.018247464759866168,-0.012766371312355093,-0.021219461077565314,-0.003474475493499888,0.002743941299672375,-0.020408560221501906,-0.018457255184049615,-0.01842204502298414,-0.0005082255990389558,-0.009686344373727566
2022-08-22,-0.016050304672390638,-0.019643692193158944,-0.028842376231101915,-0.011116492902812433,-0.013920170646034987,-0.02215480147241766,-0.02820574995748149,-0.027032151003398227,-0.013847703228169654,-0.021192807410606824
2022-08-23,0.009717693795765361,0.0018683332140211782,0.0032062820985680096,-0.00454240754255739,-0.013997015615664323,-0.0037790130114549133,-0.0025374870000039133,-0.007123435574881725,-0.006308849086737021,-0.01465420598100564
2022-08-24,0.0024449964563221295,0.003252207765675775,0.0037160170817962133,0.0023880063124178414,0.0011756046393384975,0.005188037871542818,0.0003981430799561908,0.00377755537168673,0.0034954816295449244,0.0070962100051030754
2022-08-25,0.022371984350450902,0.015134223129809717,0.012837363998380182,0.004544239562899589,0.010958563606509044,0.015057940172288724,0.016623570333364274,0.020422558008300774,0.0059272097615696295,0.015458331610561142
2022-08-26,-0.03186205402002619,-0.03571348216475231,-0.039559078003159734,-0.025142919550370825,-0.028367657949744114,-0.03081066751269899,-0.04374182334338938,-0.039401329646688896,-0.015562828970532596,-0.025712133234297097
2022-08-29,-0.006889871604209253,-0.00440408155548463,-0.005434259700014992,-0.0014256753102528917,-0.007076647439459841,-0.00762807546299802,-0.012847245073937513,-0.007876383655540137,0.002450157504543963,-0.008744763063865927
2022-08-30,-0.01723702538267398,-0.014872361113224602,-0.011160585203800668,-0.00995805210277131,-0.006620157240569324,-0.004243060187646794,-0.010846868727114944,-0.007938913913161916,-0.014712472650150481,-0.014632567734192888
2022-08-31,-0.012200774445311187,-0.008693751680962331,-0.01059021219158043,-0.005806771438056999,-0.006326564771227594,-0.008832379728947836,-0.009670929736878569,5.427259337947799e-05,-0.006839582045565418,-0.0034719245097411065
2022-09-01,-0.013935628699051095,0.0013649883024521435,0.008619117337684147,0.00708965324611973,0.016376078948257513,0.003625980350106621,-0.004781546619210034,0.0104634059803026,0.014078646337541592,0.003510048963304842
2022-09-02,-0.0009002732073279646,-0.009941802322883884,-0.008422594118673096,-0.01401758610106521,-0.014462266619307353,-0.008328354475702137,-0.012988446483125362,-0.01873873777595106,-0.010785532906310317,-0.016900056114179357
2022-09-06,-0.0032863299397788838,0.0015696171143985407,-0.0033134658665302575,-0.006361861109504681,0.00020634818769297395,-0.002883580069733184,-0.006811585297272251,-0.012708874964753284,0.0022510254163852564,0.010097573385225638
2022-09-07,0.026936017566388366,0.01615640717091909,0.030294021958515247,0.017549582602003868,0.016544639637349083,0.020030532669254277,0.01579792216875203,0.020279095502374254,0.030917610418401874,0.019029420133814073
2022-09-08,0.009753579970470215,0.0027789879654193956,0.008847352735912327,-0.0017069844508287922,0.01757875460003249,0.01726559665046427,0.003377309316495172,-0.004404441822711028,-0.0011805728629127486,0.0020671188760741596
2022-09-09,0.01482206278987128,0.012834173972100925,0.018875125574669104,0.009573966577540597,0.008259683739127941,0.008451933280272526,0.01954437172536539,0.02497169580504542,0.004176881889604322,0.009305485291197025
2022-09-12,0.008788955187725685,0.0060340441026874225,0.013367916190788245,0.004117802701677651,0.006425417133447635,0.008642465250043746,0.016216354629775585,0.004454803446803487,0.009543635680363378,0.008519269048862336
2022-09-13,-0.03604887932049843,-0.0386009525670874,-0.05356925333334888,-0.03362839862757992,-0.033278912233760206,-0.03838839920668249,-0.05494897283265418,-0.058005390014263636,-0.02726740209539993,-0.03915138945295211
2022-09-14,-0.012339306809004212,-0.0018414575106201422,0.012877281100649871,-0.0010597368646256817,6.768598679935161e-05,-0.002482933467412014,0.004372170693841999,0.00369419231597992,0.00803656023274396,-0.013981901199658245
2022-09-15,-0.0134626864359637,-0.010729698850936534,-0.006682560422384514,-0.008897182762923516,0.005441844036530077,0.0031343374105767662,-0.024011033057783775,-0.010615389795734547,-0.0255767041998197,-0.022658548395036286
2022-09-16,-0.015767465970174775,-0.020786197036417937,-0.008408372091715858,0.002542438115452605,-0.0027104621421980353,-0.009724917801925177,-0.00477614436868784,-0.005946516316785544,-0.003662242976427138,0.00031825058717499603
2022-09-19,0.016155304900579814,0.01324044622556737,0.013344713499875463,0.006529206868119587,-0.005436269153141988,0.011098785517926679,0.008156279487066827,0.004364244463878592,0.013074450306037684,-0.002150083579048883
2022-09-20,-0.019158793161168412,-0.01242937635208293,-0.01702345412251276,-0.005354846927731806,-0.011648478898376419,-0.014648721299131657,-0.005069956858006398,-0.01619198187734989,-0.014511178441340518,-0.026045817234107718
2022-09-21,-0.022200933422479443,-0.013461095046288092,-0.02400605788159753,-0.0034325350207140763,-0.01700447782282327,-0.02130617599902556,-0.016157690848838537,-0.023200681416890027,-0.013860579916558546,-0.01583471469499042
2022-09-22,-0.012514865710306116,-0.014997651603512038,-0.021864728049369113,-0.0019376469981347319,0.005135234360497007,-0.01678746773136739,-0.009889484848461211,0.0005880430902702551,-0.0038408892041530973,-0.009479885557952367
2022-09-23,-0.02069413840294876,-0.018870498585311875,-0.023205561837986985,-0.017499510340835286,-0.005379745973650119,-0.015738405630567276,-0.013611814968825598,-0.017854936607454755,-0.011831221386937612,-0.01309308752521998
2022-09-26,-0.016543630702667803,-0.011408128471784459,-0.0018022461637285173,6.899388345420298e-05,-0.010134014003841727,-0.017012723483320936,-0.006697454974748867,-0.013194169376815139,-0.024568549001009837,-0.02662462013573151
2022-09-27,0.0022625495220941596,-0.0030916323104900494,0.0029150442618992743,-0.017739737206502706,-0.0021480484276728542,-0.0029755945980073023,0.0021911913500262375,-0.007181970334325819,-0.017178260106989123,-0.01291922519809654
2022-09-28,0.025932636598169922,0.02213497547736898,0.027669390292766445,0.011815150394052502,0.021726167864133283,0.01888503169675189,0.009166513338334915,0.031269439496102724,0.010919425918072169,0.01857905606336354
2022-09-29,-0.015441519881108834,-0.018465643617096,-0.034355967465230335,-0.0165466665908877,-0.009234556937217355,-0.012432637464049292,-0.02780744192953825,-0.024936876990469068,-0.04157760991481318,-0.029161186932273774
2022-09-30,-0.0035004237143593814,-0.013144771884735293,-0.018485970073937777,-0.018045941721528586,-0.014134114288913091,-0.01102172340497289,-0.019634326251868447,-0.016771145566617515,-0.019860453925563768,0.009874212694558654
2022-10-03,0.03344797630897518,0.03008806297680331,0.002429511818752489,0.01722689359784306,0.021123525930039785,0.02797589749041576,0.030988268712992262,0.029317313027155244,0.02945486198594786,0.0184617556391872
2022-10-04,0.03479192043877726,0.034307764358839796,0.03493682942023664,0.015225284345613386,0.023021412574110844,0.03720174926489355,0.03248280391758475,0.026849592336795142,0.021292446207517864,0.016076940441374945
2022-10-05,-0.010977540375632807,-0.005784898228203254,-0.005448171087888339,-0.006042674726272977,0.0033028001681973955,-0.008674792703896221,0.0035809874007549586,-0.0062046416642778475,-0.022753537646793283,-0.019210244026370227
2022-10-06,-0.010251550169721827,-0.01097683047198036,-0.0071367545643143656,-0.014735715487207509,-0.013092620116994545,-0.014646487057473541,-0.008561471779117251,-0.006538862379942642,-0.033542627934445755,-0.03251525152471252
2022-10-07,-0.025754810311734776,-0.019403753022131542,-0.03605380417631467,-0.015648461264171958,-0.02143028629219147,-0.023644658694902405,-0.042242404111065446,-0.028839779327136647,-0.021117765000559976,-0.02521505460134644
2022-10-10,0.0024457602247720273,0.0032556452993090217,-0.006128360834837867,0.002910479266818638,-0.006497865095702729,-0.004820169867289479,-0.01571469989556084,-0.004633838527218522,0.001697352052046009,-0.01198510128864326
2022-10-11,-0.007378249947043972,0.00012442458919424392,-0.008156809794148618,0.009251533290568117,0.005826206745707089,-0.013054588315869007,-0.015292055727173813,-0.016514072497462926,-0.0027170724062323326,0.010136358409725703
2022-10-12,-0.00808206500556931,-0.008164904699307553,0.0023282492784395003,0.00476408003717261,-0.005312434458554345,-0.0027388131042029393,-0.0034214543132508593,0.0,-0.03476117877934727,-0.01397581654487143
2022-10-13,0.028704632324540805,0.021735803019892835,0.00973774052324854,0.015946542207374844,0.022314807819979143,0.04056284233223526,0.030688875648677248,0.02199917819531303,0.025161713036258856,0.018222883021456433
2022-10-14,-0.03472768773279217,-0.02255871457082316,-0.03953328280671556,-0.018503526113201663,-0.008367892504433285,-0.017926556369246806,-0.029118432802849516,-0.019579000168483122,-0.015509040507300247,-0.026277408144163787
2022-10-17,0.025106678259118945,0.02220392194339016,0.04142802096925738,0.01107565038242417,0.017218992724176665,0.02543633450328754,0.03043759540074287,0.032861795136598065,0.021453576818604193,0.03818335919329131
2022-10-18,0.018949485441056367,0.023322955684454666,0.014079616667623815,0.01303922060270795,0.005644956371332637,0.01630694105264017,0.008278398075273224,0.005323771593170663,0.017746360445957482,0.01262035786282636
2022-10-19,-0.011380738509883396,-0.006917086526547458,-0.011828620767484746,-0.003853542812311855,-0.013932004006623285,-0.016079686188685435,-0.0025993946243302044,-0.0011938692454928773,-0.012731972001033116,-0.025909257785553252
2022-10-20,-0.007022992063157011,-0.0192896846707665,-0.017583792439174604,-0.01434757380555468,-0.008168973853549802,-0.015938411363082564,0.0006551415466029563,0.0035774310699717236,-0.02539062961194923,-0.004113992875308548
2022-10-21,0.03401673700414923,0.026140119475040163,0.028807900550246034,0.01542028594569262,0.0218500137563687,0.02878904986040455,0.026132637417107224,0.008474834678288072,0.018232809866017365,0.0067859520448875265
2022-10-24,-0.006260207392063306,0.013416981580560162,0.004773282888387552,0.017760880275582404,0.018929565667811038,0.013388911900868468,0.013686674793083668,0.00898868556673634,0.008176155479076358,-0.0008745193843889407
2022-10-25,0.02496013048864431,0.01338213399714368,0.023149997774216904,0.012586660150601942,0.007791015649605436,0.011754656110147798,0.019146183279145024,0.02346791526741434,0.020031808957353858,0.03861484996725586
2022-10-26,0.00664210659828102,0.0034341331131256033,-0.010633524903142766,0.006475996745754102,0.011139589368292825,0.0029307916655309965,-0.022588878180240635,-0.04869871499054963,-0.00039302207764560173,-0.0015074103199783037
2022-10-27,-0.0026386890103623655,0.011371394626068065,-0.007237476631752038,0.0003756500983524187,-0.005771025424505551,0.007443030579811805,-0.012574007965967969,-0.042079852198259146,0.006811911739838517,-4.441382418918983e-05
2022-10-28,0.010194224145463808,0.02351202416246234,-0.003006888179587302,0.02194592312691655,0.016723302302375117,0.02455843730765535,0.044236994422891134,0.02940384419476532,0.02813750019530129,0.02367808766561005
2022-10-31,-0.008927661765540966,-0.0033914181282540456,-0.0069564818770208835,-0.006213696476680515,-0.000782009961563967,-0.007279669131142492,-0.013517433233115893,-0.016907990044967132,-0.009448708120543775,-0.0022558868950070775
2022-11-01,0.002357140200022503,-0.0005893999790475968,-0.013591082232769364,-0.0027770125649131967,0.0006010785824899748,0.004070456259123281,-0.008680471685643164,-0.018267960214247286,0.004031003520923391,-0.002130413183826925
2022-11-02,-0.026063331800670896,-0.01778042432394455,-0.038670587439277634,-0.017459360245615486,-0.01707468259873421,-0.012922935695737619,-0.03533269029185578,-0.030862025690601046,-0.010241670773579048,-0.02650590479662457
2022-11-03,0.007724916008639429,0.010352418881247603,-0.008865564682469467,-0.003347610593668264,-0.004380657440003172,-0.010738439714414745,-0.030430792955824248,-0.028701288446349515,0.004440110481432851,0.00013406376968535462
2022-11-04,0.03348363306838721,0.01577199548001466,0.008584385765374935,0.011306893421394454,0.00564191103041084,0.018490856683733427,0.016598954852570687,0.017476939601301315,0.005684160863217944,0.012831786273551542
2022-11-07,0.007853532921104597,0.010591533994696934,-0.006176667922132091,0.008665451438641676,0.010526753250097564,0.00897805230092087,0.016267623124152336,0.018079433085394316,-0.019573015858298577,-0.0007061373906345378
2022-11-08,0.01665650533103572,0.008554339078792484,-0.0030317423202648945,0.003413501499260984,0.0050152961946156585,0.005841793115528676,0.009135476411759961,0.0036668448982782958,0.006864432761564325,0.006468817260557785
2022-11-09,-0.015966461108665793,-0.014578757347759945,-0.031654171857300815,-0.011370699570898285,-0.010597962503467307,-0.017112549728396747,-0.026874447845161988,-0.019190160727939436,-0.008452944155286744,-0.010937728125391585
2022-11-10,0.05400998813806604,0.041439984776983046,0.07414628822610632,0.024270909693249885,0.025577457967909386,0.050077228025787804,0.07999239651662661,0.0613135442955103,0.04647634181877338,0.07457668942839173
2022-11-11,0.01157699299765683,-0.0010340651131707478,0.02432398170767948,-0.0014092267526227584,-0.012881062095255195,0.007839119744891538,0.01709552394197885,0.024447851046888226,-0.011519537915127649,-0.0010707482127670226
2022-11-14,-0.0020771240094230085,-0.006825514160231593,-0.017223583835458016,-0.009129437573336436,0.0003418077332522872,-0.015518325761045709,-0.00970578793939655,-0.0026469512700245507,-0.012797283349430786,-0.02680856288566462
2022-11-15,-0.0011384046172402264,0.0077051250638736435,0.012309839311123774,0.010812474481904706,-0.0006966493324113589,0.0028440992613325915,0.012289034280601057,0.017614045837698083,0.010680630239494043,0.012282472045598573
2022-11-16,-0.009847805171558654,-0.007800937851460645,-0.014707131457692448,0.004590911058268907,-0.0012848139646491079,-0.004516953613547229,-0.014560663310229423,-0.005638571508474109,0.008670323715885874,-0.008522833461919913
2022-11-17,-0.00958527418007457,-0.002493773995512425,-0.012758504672587555,0.00015569021638016397,-0.0004200386000315836,-0.005378684692671963,0.0021415489412108827,-0.006628674647958771,-0.01809021852472088,-0.008255924243858355
2022-11-18,0.00644682823079044,0.007081518184519667,0.0003929458738349293,0.010312695837681032,0.011924444509493908,0.007682364864853827,0.0012922110153482838,-0.0035412920956968286,0.019786561204989745,0.012799290921798037
2022-11-21,0.003772902771234584,0.0037120745982754232,-0.014205443978209744,0.009724240951502748,0.00045332329773042733,0.003369035733233884,-0.011361782336319862,-0.008150441033576225,0.004957471465559031,0.00715172822969015
2022-11-22,0.02207192977210814,0.007500983755552187,0.011680897267708344,0.007146435669946258,0.0087962726456051,0.010207754745977406,0.019101699264577263,0.01318851538228756,0.008397345906340356,0.004615107366009551
2022-11-23,0.004121014070409376,0.0038821150124621574,0.01317422855618606,0.003340201808775689,0.0034364696442870796,0.003725890037895268,0.008704135550119277,0.012071617232497995,0.01032129987084412,0.0014921675372299044
2022-11-25,-0.001178431146395604,0.0037033292243392126,0.0006054404339305498,0.0005787095185311857,0.0062048518025824145,0.00404571719299419,-0.006702334026487326,-0.007058707061931477,0.0062368535343676895,0.006399572175763676
2022-11-28,-0.022243562698012424,-0.01822653890462069,-0.00603424292241552,-0.00309861814263591,-0.007523679533637419,-0.017911454131001512,-0.021546288469763093,-0.015598168942149621,-0.01076401943145905,-0.02838492268104252
2022-11-29,0.0029801179434252516,0.006175659487551122,-0.004453836286092259,-0.0036904858569736074,-0.002326454379422796,0.006636405417857404,-0.009800021146406573,-0.00333103332485312,-0.00732602997369675,0.016919373540679662
2022-11-30,0.023891940693576044,0.015787207980783202,0.03424079438092505,0.018094001408553707,0.024192523745279887,0.01636741716443742,0.04912156660685628,0.04796944339488395,0.02525750570349371,0.02308602187924033
2022-12-01,-0.000327119840773681,-3.4926211623839794e-05,-0.0010855627164515385,-0.004736494619018102,0.0023941495240763443,-0.007163334092308241,0.0007079895435911396,0.0029446281719507994,-0.0018564305518539693,-0.003137306772713262
2022-12-02,0.01096848072384355,0.006204232454536077,-0.0018827029834452304,0.004375841128602778,0.0022285541411502297,-0.004305994504373388,-0.005508684664280713,0.0005764040708039152,-0.004697833207912897,-0.004171120256394399
2022-12-05,-0.019706301248971783,-0.017196450134891416,-0.029967978992371302,-0.012089394867562228,-0.00993124858857191,-0.025302317307952196,-0.016693570647298425,-0.015153127871997123,-0.005980719309929214,-0.01731914446745568
2022-12-06,-0.008834570673414352,-0.011543482234875946,-0.016360402879571127,-0.006796909498263234,-0.007468291765888273,-0.008613105094482026,-0.021605520810432214,-0.02607715152628184,0.006621324520126534,-0.007911464343405835
2022-12-07,-0.002451582497805073,-0.0013717232024717493,-0.004774533900985215,0.003745303206304248,0.008436736974123211,-0.004526533927883445,-0.005158685207926911,-0.009350581196557106,-0.004717062602296214,0.002560286040585371
2022-12-08,0.0067323236708997395,0.005701318220043915,0.010429795936321689,0.004347656531200103,0.008895091844066992,0.0014995668050753709,0.01580206977423008,-0.005043315006698145,0.005607753279378017,0.006018082559492735
2022-12-09,-0.00964281126617331,-0.008163281544009169,-0.005192028842637951,-0.007674695064091914,-0.012917698606437735,-0.0028439678020573665,-0.0063040125713741115,0.00018272440275754609,-0.004768728930670834,-0.0020437766442457568
2022-12-12,0.008920876592887688,0.01695486160582505,0.003855070508020424,0.0102867988248511,0.010319128950001262,0.012536141311101853,0.021495690085920487,0.007040167647172055,0.022444887389665023,0.008936648055390605
2022-12-13,0.013359023819888294,0.0035584435520830647,0.001972618817980136,-0.0016694604050363439,0.0027400680344142956,0.0029462585836289353,0.011349240417576503,0.016851452565665205,0.003138418041421928,0.020195228803462646
2022-12-14,-0.01115579050558615,-0.0018774930051042148,-0.0072921983886410436,-0.0007289211212932502,0.0014439398094347278,-0.013021862847464158,-0.008620628749160003,-0.008600163019292503,-0.0016089130560442352,-0.010190028816836815
2022-12-15,-0.030673084677406977,-0.024817406527589545,-0.017998922464754076,-0.01674684627722361,-0.01877963391869678,-0.020265330905170548,-0.03849875828697812,-0.03920634041457809,-0.012744314583183031,-0.012906022265238985
2022-12-16,-0.004145620924716096,-0.0048398308792649315,-0.017540413261387753,-0.005280974202870113,-0.01418339011762622,-0.007462441875516725,-0.012764173744983837,-0.001060996639174296,-0.0167522467628658,-0.03007935257167499
2022-12-19,-0.013480825158352814,-0.005167281073991224,-0.016728933740283485,-0.0004112737390650368,-0.003610894985464504,-0.002314257327985997,-0.014252789042141221,-0.022098253947449475,-0.00414056272929535,-0.011268496304270237
2022-12-20,0.006478891480183995,0.0014218408581679763,-0.01137275769424834,-0.00018003451782780546,-0.0005861272628510822,0.0030487499783604577,0.0015653107497261773,0.007188128463998898,0.000620770942677011,-0.002685241852688238
2022-12-21,0.008332023258149855,0.018290639107439007,0.015702893848492033,0.008170844151301565,0.01297275870480098,0.016885513965491993,0.016619528749521335,0.011782973007558544,0.013476794878701237,0.009109224345064091
2022-12-22,-0.00946996802447447,-0.012611245345458749,-0.026236979886835862,-0.0028867545795617363,-0.0015801383883660134,-0.009801879975325873,-0.025730919946474883,-0.011592848606056697,-0.00636553249087195,-0.004047901644989151
2022-12-23,0.00713106130776068,0.005683303320507051,0.0070978462743428354,0.005243577573530295,0.0008250389155707477,0.006133070043580466,0.0011498007305884958,0.010715494473722548,0.010475910101544725,0.008806857644859847
2022-12-27,0.0003027396980061854,0.0032605717246006294,-0.016553262821218974,0.0046717693171557575,-0.0026600604345481667,-0.0003358149836646887,-0.009774002792661166,-0.011856880277777773,0.006161717760297384,-0.0014124676649557146
2022-12-28,-0.015066627117646655,-0.013227724285917265,-0.008599209579931889,-0.012656532228999845,-0.006382766861864899,-0.004198291518820789,-0.016572817011591665,-0.015214700061437993,-0.009715694236834129,-0.016061833190072237
2022-12-29,0.010414351704809503,0.012174002815503076,0.025370712391846705,0.004045108089159054,0.010407888789467822,0.01424131111105949,0.02605253383226304,0.026507180732767744,0.006763906996871045,0.021358976902601055
2022-12-30,-0.007489042100272961,-0.003961337297605835,-0.002820566844300723,-0.004673804481158261,-0.0032490722769336618,-0.002926844246410604,-0.001256009651573998,-0.00025101038512543493,-0.00966078375070356,-0.010019830285969523
2023-01-03,-0.0010422736715532438,0.0020666273701752096,-0.00592514782148115,-0.002364435991446956,-0.002886503764961784,0.003749088425571604,-0.010114586877861405,0.013833728087860285,5.575891481154254e-05,0.0030937215150113133
2023-01-04,0.017251726333571915,0.009092855268150367,0.014037519369536351,0.002877728709645005,0.0024890807640939993,0.015735527941919736,0.0025591482887774696,0.01089411783140588,0.00932869617032204,0.022609187242462095
2023-01-05,-0.016107285862443144,-0.010919012195946088,-0.00955546107381672,-0.009901012551835307,-0.010363302911510403,-0.009217003362555718,-0.019764400295971932,-0.005524499203506417,-0.02246902626912034,-0.02936753527276723
2023-01-06,0.03383688257149071,0.026579667162652025,0.02369048433926291,0.02670508770555014,0.008847858265657777,0.02251992902388687,0.02947672781595527,0.017088099084426413,0.02008962839200436,0.02819245212290021
2023-01-09,0.005984579981398063,-0.004212639237253082,0.005654712663991002,-0.010333964127874217,-0.016733119071643827,-0.0043407441509092206,0.010851122623140487,6.056797062309193e-05,0.006350947293858426,-0.0005460669440700191
2023-01-10,0.010174024158161597,0.005382914385443537,0.012533122716473137,-0.0016072376161400627,0.00831233827023762,0.006478673899915043,0.006124853416230106,0.01280559559057269,0.000440320516438177,0.0034393429194021874
2023-01-11,0.01595895469436584,0.009533362967672243,0.026439034025769387,0.0006380969474212162,0.0057315610637873535,0.008556665643532486,0.017394278799430417,0.013292419413760057,0.008547515770771997,0.0353756746859129
2023-01-12,0.0031500764627377296,0.005672055369769332,0.0017101011808689892,-0.00795421520532278,-0.003910690879160915,0.0022996344613277933,0.007200015771832116,0.008277388256466194,-0.006431175526795374,0.010813099055938035
2023-01-13,0.006705955725058781,-0.0012332752262531972,0.009694135573189629,0.004593247927618848,0.004715063294056518,0.007067134793255606,0.003396203517637806,0.00542223687503854,-0.004402522226800556,-0.006095579549055834
2023-01-17,-0.010774233418693607,-0.008455248300369702,0.0006987118220434667,-3.844069839094786e-05,-0.005001314538555828,-0.006798850643740327,0.004364658854507712,-0.009229587563511192,-0.0012417385697504964,0.0008041695027703894
2023-01-18,-0.013914484744108606,-0.018619915237452704,-0.013061556838577626,-0.026882394559376663,-0.014277644898322003,-0.018524863967791502,-0.012903440882808034,-0.009315476636106965,-0.024371005004027037,-0.015717753997312043
2023-01-19,-0.007734443985526622,-0.02105267361024121,-0.017072375613688906,-0.010217105593591914,0.002333705164589932,-0.012076641164765752,-0.011484816207853077,0.00896331627375837,-0.010037187036309342,-0.004501340957169934
2023-01-20,0.02025086008072564,0.013941069532267534,0.024327318078174835,0.00811082345644164,0.0056505256613054965,0.016370323893909945,0.02683399349374981,0.038861639027226655,0.0058696248093341365,0.01190489472983369
2023-01-23,0.0031763768098306143,0.010872865943574115,0.01557399148275893,0.002973777585214923,0.0028452119270885273,0.011142175115941939,0.0225183961710307,0.017631269359591827,0.0004261270370311098,0.0023883118165073107
2023-01-24,0.00040116128626307263,0.006448723143231707,-0.001721568218281739,0.0038292189376659394,-0.006482295828555539,0.0010419036329416243,-0.0003795976071467181,-0.006959357552740723,0.004844246374040282,0.004035029453253608
2023-01-25,0.0020222406712977893,-0.005315993827824082,0.005391521739296166,0.0028230901887103398,0.00010283651109954385,0.007329848903795404,-0.002644515410861561,-0.0035820230211671207,-0.013715236874613283,0.0010866894521169804
2023-01-26,0.004829140364654169,0.005550504895516126,0.02011677412691801,-0.002770766353365974,0.0015665758621190584,0.004939793616156046,0.016011129857602457,0.016405188566423375,0.003860418847379849,0.010921620309726335
2023-01-27,-0.003381723069051634,0.0035119384147357887,0.022469755621261796,-0.002529132526668769,-0.006952830205122847,0.0004977007261081134,0.004410567471984983,0.00878638743259343,-0.00031403945194647076,0.00938563063834619
2023-01-30,-0.007008945275031944,-0.009734839832226278,-0.01728435383348706,0.0007476241428066234,-0.009313806916288444,-0.005204066568326053,-0.019579345252108547,-0.01815168502246455,-0.0045496791536771925,-0.012454051517594754
2023-01-31,0.0220064915405401,0.01698884819705355,0.021974298876986806,0.010693691188134046,0.012867108149331067,0.013264105422247348,0.014280169154958703,0.013438569263590994,0.0071158997993628435,0.01858420897602719
2023-02-01,0.006502957426218119,0.007097995907988322,0.018746912323230516,0.0075727210000252594,0.004822742489186666,0.0001809103449608591,0.022654722824874407,0.013368884977368201,0.0018207752643461554,0.007260270964132563
2023-02-02,-0.0028352245081634353,0.007711272007870405,0.030363682201393447,-0.008610978629879333,-0.006820383207170666,0.0018239393570616256,0.027457007138344102,0.06520225434699564,0.0015337668938166925,0.022078632327915865
2023-02-03,-0.018341837980059724,-0.005203126668336341,-0.03157818026662085,-0.004255133093446573,-0.002589903368831788,-0.0010183721904303063,-0.008039435714241353,-0.02244166948144148,-0.020935718406302394,-0.020562923102241143
2023-02-06,-0.010845624658377418,-0.002082023577405345,-0.0013181865955958984,0.00024774255370061917,-0.0059803714161223605,-0.0014142869810214904,-0.012304365943481981,-0.013173928100561224,0.008628141560336521,-0.006779972377473372
2023-02-07,0.012898226367850782,0.002472586872099291,0.0021930765189232286,-0.0035916997225827604,0.006420063225377071,0.01156802217708956,0.02434740253715099,0.02448341574876485,-0.0008048254873309119,-0.003093525893087257
2023-02-08,-0.008120845320932291,-0.005886656060805458,-0.008981289393479254,-0.00836964285375073,-0.0030816728695127345,-0.005628231073968595,-0.012580527695286807,-0.042215863431728604,-0.017257594775744334,-0.0029457416583437267
2023-02-09,-0.01416829967029971,-0.008843036631887246,-0.0020755812965365743,-0.002959859319952396,-0.008635065078814922,-0.01236221158289887,-0.005045144091674271,-0.028359142812882036,-0.014201792643687813,-0.01016036757993419
2023-02-10,0.0035464454796369544,0.007351428905537154,-0.012266340361381838,0.009260034844998804,0.009315692950649998,0.0040167546183327565,-0.005487311147292097,-0.008911583633830647,0.019832301896012237,0.0026587771834077987
2023-02-13,0.00507484018566323,0.008767138255504675,0.01451321978861511,0.011653353827984781,0.0082661487608124,0.01097587411543058,0.017593343439031836,0.010948385525251911,0.005830441306243886,0.008130758218961833
2023-02-14,0.0021533406915232372,-0.0028371784718625266,0.011701310739156428,-0.009335394061370478,-0.00605260619032536,-0.005382610229826637,0.004353443253914339,5.5045591357006365e-05,-0.004812730125987439,-0.0104319885193332
2023-02-15,0.004426689218934857,0.006260867377155714,0.011565972178347459,0.0018558304797174218,-0.005146660475955356,0.0015572569078178336,0.0038290104216001765,0.0115905024765701,0.0063733585516743355,0.0025785748864699145
2023-02-16,-0.011558173489441631,-0.010964971449323136,-0.021880514279994337,-0.007983350734133853,-0.010229121130379647,-0.010753282443721918,-0.017687792631201134,-0.015612939417203405,-0.008322371984862497,-0.00935419641563878
2023-02-17,-0.009679526221603903,0.00629022577952925,0.00039339128218557925,0.012815642941028221,0.008908995632335104,0.00046351722299285334,-0.01200908046715572,-0.00470401734153692,0.009938200442607273,-0.004529357724482458
2023-02-21,-0.016383493791936876,-0.023201568881621566,-0.033979647362504445,-0.0033710158044595283,-0.013739709633662216,-0.02032840635883897,-0.02432096502417209,-0.023176620802126437,-0.019035467691232835,-0.01975841750722226
2023-02-22,0.006727624342449789,-0.0026246450468665554,0.005144264290699351,-0.002676278222261402,-0.003264433954539666,-0.0020117541186402384,-0.001425532503596198,-0.0005110669764934201,-0.00421088291534768,-0.010213818353333536
2023-02-23,0.0018323960573759105,0.003975405962952254,-0.0008805065544922348,-0.0021593370727829154,0.00266387617904549,0.0014036091019620225,0.01616596567939663,-0.0066108615644867655,-0.004851262724737297,0.009762986938851866
2023-02-24,0.006513996425214672,-0.005803728969626281,-0.015750446144894743,-0.005912823069116367,-0.012768797104295909,0.001047165311825873,-0.017888429820622984,-0.014397853004823363,-0.00020752007387725972,-0.018327156725570982
2023-02-27,0.002305093999219537,0.008289128694162902,0.011707828518584512,-0.0018467304731539327,-0.003093756068164374,-0.0005909703329481132,0.005196397317618263,0.0041678857480803915,-0.007681403293614102,0.001460275650445373
2023-02-28,0.00447765373855822,-0.00253232780017637,-0.0005485129244060949,-0.007527492042965445,-0.007296724319026217,0.00167079941586661,-0.0018761726775864615,0.002423253953435852,-0.017395379872509706,-0.0003752740155144947
2023-03-01,0.006794930462001765,0.0037493742262284424,-0.012932729378846621,-0.00761133780093997,-0.0018190428129978068,-0.0038013543537019803,-0.008179484706753466,-0.006127172686795949,-0.017362942913286022,-0.015001257489642266
2023-03-02,0.011966985028774984,0.011927472523695153,-0.0031785746292954985,0.012071129865805351,0.005770194643897433,-0.005295229699226702,0.012555944855272807,0.010898815489637045,0.018062109860632797,0.012119340771772555
2023-03-03,0.013895736346827798,0.010552662421340701,0.020957895686934465,0.0007942593969260207,0.01156106977933589,0.01586926740971127,0.0211616005246236,0.020773796659961027,0.017443117050635205,0.017209248567210393
2023-03-06,-0.016606404979226042,-0.0020031025714351176,-0.007114680358555113,0.0032763699565521065,-0.0006187767165707283,0.0005190806716695324,0.00532198671259036,0.004539716608346708,0.004291347782113897,-0.0040372294111412285
2023-03-07,-0.020099789932905465,-0.012764887758991289,-0.013753199450395916,-0.009794907235111184,-0.016299720464063184,-0.025705869926888933,-0.012724940675430644,-0.011529629411433606,-0.01670231005741789,-0.025376055608913175
2023-03-08,0.004650521015085378,0.0022835352008436565,-0.002575236368062632,0.0011846699858681256,-0.0056242821176077495,-0.004061802548730266,0.0083893959381194,0.0019214266649137052,0.007741141270308318,0.013123812505218543
2023-03-09,-0.025700181739875892,-0.014778603039409905,-0.02386727086940181,-0.009503938514340114,-0.010381604492132674,-0.04191205513729965,-0.014555750315950628,-0.022495967665371666,-0.008436797517908766,-0.02320919838607234
2023-03-10,-0.021726152921959025,-0.01840574196353819,-0.009835543808950834,-0.004563440969875264,-0.007396840778909649,-0.017708476152567963,-0.01755938020934187,-0.01436522400539308,-0.01610576112140639,-0.03308925909050244
2023-03-13,-0.010991248107723285,-0.006122953386460308,0.002300505001639316,0.00472459043971774,0.009120885171497778,-0.03853416598344637,0.005481386043294024,0.002457280400387138,0.01531868748967113,0.015920362973229074
2023-03-14,0.012374471817565182,0.01049414209570244,0.01691809858792655,0.007984944313903997,0.008793589630287021,0.018715371414020524,0.022673801464124503,0.027150939706810893,0.012758162704242097,0.008362416595308862
2023-03-15,-0.033317115952421754,-0.02541742309720282,-0.002106099085510931,0.006771103277358103,-0.001715758399631304,-0.028849665349435127,0.00027102114827694837,0.01490205635730088,0.013276309368613858,4.3189289378897095e-05
2023-03-16,0.011679658639894305,0.012632520766497643,0.01865278677356559,-0.000741257208532916,0.009528661963447722,0.019262467396736614,0.027764287049247348,0.027356557210788727,0.006675276621107285,-0.0006042269794643067
2023-03-17,-0.015511983791350456,-0.016404559747510195,-0.01251177062859283,-0.006056516018282318,-0.012722830165775566,-0.03341085708115143,-0.0011349547990106108,-0.004754210656434508,-0.009807659731099238,-0.022926267295686517
2023-03-20,0.01988533466773906,0.013479293911713139,0.0039006209827710447,0.013431400844115636,0.012729586467695567,0.011878036939728777,0.002308457743090581,0.004808779118073291,0.008106280412430512,0.01058949813830835
2023-03-21,0.012189680284926285,0.0112193098416928,0.026763303496731203,-0.0012363411324727823,0.005915388914204405,0.02507072411393275,0.008295094603934877,0.02418186223672023,-0.020764865985558364,-0.006577817280383728
2023-03-22,-0.017747769827754802,-0.01924110343821635,-0.02224519805413496,-0.009866398186523413,-0.015069236093439652,-0.024011884387378796,-0.00921306163805252,-0.01636252171854978,-0.0199813085788978,-0.037109339838617264
2023-03-23,-0.001394330989051312,-0.002260181177811817,-0.0004969225375767525,-0.004328982230289583,-0.0017726935995487658,-0.006602434789924699,0.016364100758449948,0.018170133053047485,-0.010111428530708792,-0.006183136699856522
2023-03-24,0.008047946116610681,0.003504078669291674,-0.0035493857344932682,0.01616753418324519,0.013016741465201365,-0.0006007432367640479,0.0024638206338369107,0.0026522399839136036,0.030692078510442065,0.025402757889426825
2023-03-27,0.007389276788848687,0.008205335631874373,0.0017852756159564304,0.00542298861600055,0.004073419641669903,0.013915255998151922,-0.008547250676516037,-0.010812060941910851,0.0012573210999574965,-0.0036346434490474775
2023-03-28,0.004970794253274424,0.0054250335623026065,-0.0011233628898840325,0.0022183823339774417,-0.005684533654485631,-0.000573535590651401,-0.004575109088503414,-0.010226738282142997,0.0029277677497592633,-0.002610740776249805
2023-03-29,0.013760013801971553,0.014099282339251593,0.018874432560096875,0.005342964383092935,0.0023921608582488526,0.014881952859665912,0.020726476477277326,0.01177845907838691,0.0142762465377137,0.02285841472445017
2023-03-30,0.006399802219262289,0.0022734885132539074,0.008926327833178153,0.0034170115157946355,0.005470168914117372,-0.002924700515214655,0.011345029509027764,0.0032029392547748593,0.004050147403361105,0.012085244470186676
2023-03-31,0.015615912288001918,0.013066771310276483,0.025829386621552552,0.008299566034694747,0.011162678342293042,0.011442488978159047,0.014550270594573606,0.020572483418232933,0.007557324824256268,0.021613638299437826
2023-04-03,0.006495626978496419,0.0018894279834372576,-0.00917442025512871,0.005125377523827253,0.010738281842010021,0.0020155208941802,-0.000454806051568818,0.0052594415386941155,-0.00726454482515156,-0.009500654498369655
2023-04-04,-0.014779176227960447,-0.02278117574307326,-0.0007198637323747481,-0.002438026296679128,0.00023571282837329456,-0.010175378085649936,-0.005836322634387116,0.0030596730871912357,0.005198454624943228,0.00017202057230008847
2023-04-05,-0.0022259397446205325,-0.013090788184026321,-0.02059198331285137,0.0055311768993709645,0.01715586311383543,-0.0014136143005865798,-0.011991861767118497,-0.0021770595179702833,0.02539577455951364,-0.005258864621213454
2023-04-06,-0.0021909254497287137,-0.00025361736648147514,0.0004958218169671407,0.0008003772016595083,0.0022499656561492465,0.003069720388680458,0.006761698399207426,0.01692815618146288,0.0073283098440686525,0.006848293447209916
2023-04-10,0.00491303968835599,0.008935977705445453,0.004240369669254964,-0.00013968255959611808,-0.00037247345577307034,0.0027040792484062863,-0.0014730874854792348,-0.0069116165304138,-0.0020035604012230883,0.004838705418168897
2023-04-11,0.007255615180705242,0.005873571408670997,0.00015860274672083895,0.002410235164835812,0.0029569121885399774,0.008459251723298818,-0.010384187406798558,-0.0042731116049335586,0.0006494330443575449,0.004602746683112368
2023-04-12,0.0006892258543283165,0.003327340667710317,-0.015526617976467691,-0.004495389009525801,0.00015369408372129163,-0.0020289578996360576,-0.006124219163956452,-0.008965937960899383,-0.001158088102484231,-0.003023494113367668
2023-04-13,0.010008771009472492,0.0037656097911800265,0.02286812837919607,0.005533833135715913,0.012226489925352444,0.008552980076486071,0.01935288795654765,0.023054646095540594,0.00022612001946692111,-0.0040599082970981595
2023-04-14,-0.006766014949429252,-0.0012062958375608313,0.0012853159406712054,-0.005826661420436437,-0.00789416834903818,0.01049347039165181,-0.005069602024271377,0.0030983407722476376,-0.011195213857345218,-0.01697265130247846
2023-04-17,0.005849669375925445,0.007861831642667037,0.006749279793344459,0.005877261395162633,-0.0010334436444934636,0.011216330963638275,0.003920542054715983,-0.01275983265864035,0.005698508149433613,0.02205564459910659
2023-04-18,0.003971461071712384,0.004626859397735787,0.0012490060453850477,0.0032601112304723187,-0.006570088074980663,0.0031224574315873188,0.004061701644362441,-0.006493166521330061,-0.005127158967020024,-0.0015349877252379186
2023-04-19,-0.003133031707156835,-0.0007014059087205472,0.00022536644361536708,-0.0004921413825101325,0.0028357082747212975,0.002555784044441978,-0.0013061913247040995,-0.007264425302527787,0.0077942881014154645,0.005489463650140564
2023-04-20,-0.0007409236011911936,-0.0018494878922664193,-0.014904425636063735,0.0005804547417723736,-0.004346631081565174,-0.00318667195810733,-0.007607634360975446,-0.007684912184168905,-0.0005385327854073506,-0.011953707387773392
2023-04-21,-0.009091534873149114,-0.002428233469035804,0.011970798895272923,0.007452442329835586,0.006752576475668459,-0.00395689937631358,-0.0037231400012767333,0.0031961495318651033,0.0030007030543933388,0.001716483229980711
2023-04-24,0.006904598835636208,0.002264174310394208,-0.0007216664385559245,0.003986138127072132,0.005563895710672049,-0.00201151784732288,-0.004249355309848019,-0.00010465222244053126,0.004962536963280022,-0.00309172869776213
2023-04-25,-0.021717043422616825,-0.018521206144851178,-0.0206885485896684,-0.0011604529314920796,-0.010574297384956624,-0.017771209160351128,-0.021073880189868662,-0.01592610952380874,-0.000956739043526928,-0.009202738754924814
2023-04-26,-0.011856325249802135,-0.018870799158330776,-0.00381680951188369,-0.007381050539256982,-0.014166666274905388,-0.009611163412435581,0.017172756815069277,-0.006238846021810096,-0.02399047588823784,-0.008281052711210166
2023-04-27,0.013493099483362693,0.019658319052262944,0.027293611714579405,0.010335698307806179,0.005094682381805807,0.015869857407200188,0.02148571696717017,0.05378284812916882,0.011924706043333429,0.023999542491588473
2023-04-28,0.011225161418372778,0.009189832822208237,-0.00037299894760010156,0.004830795449662542,0.008127348460577194,0.011802668513277761,0.010687265889585535,0.0054091445034150495,-0.0019395119141599197,0.011470503495911362
2023-05-01,-0.0003747841468400534,0.005492487248799547,-0.010704263184699126,0.0008915384033262182,0.00584635470527153,-0.002687552442891344,0.0018323576458724937,-0.0007565712332590653,0.0020535093617317993,-0.009251107439274228
2023-05-02,-0.009534921223651474,-0.010540022627338412,0.0015686650272640351,-0.0032232995124688813,-0.004888860439761699,-0.023252610790418324,-0.009343594034265386,-0.01797079860327717,-0.012355915548151342,-0.01750390690963436
2023-05-03,-0.011136146113899969,-0.0038441442008857354,-0.007162481713802649,-0.007903833334296364,-0.0011118020267585787,-0.011945256446677842,-0.008346180990139661,-0.0016966243277793558,-0.0031492315098442013,-0.0059616389190786795
2023-05-04,-0.006425417940649472,-0.011006900675192888,-0.006983299913520926,-0.002945553495652919,-0.00811570887858831,-0.013024242246340642,-0.004915729626938419,-0.012634812359521248,0.007294353672721135,0.009167005227648602
2023-05-05,0.01644554185741244,0.01494608946790431,0.019786953012980054,0.008885485421583015,0.009182582677007934,0.024094426344273497,0.026766559068310897,0.009903913907806266,0.006613993675863818,0.015193461987141558
2023-05-08,-0.0029754896489366466,-0.003700715633983909,0.0030430836209565724,-0.002242026499896033,-0.0021863570210672954,0.002102746132931564,-0.00017630656836180235,0.012663919886759406,-0.003258584071192328,-0.0068814007921418575
2023-05-09,-0.009383729676950527,0.001739053431929156,0.00017356872602173113,-0.003047262870670042,-0.006931337992684885,-0.0037061141060016206,-0.008586965345546566,-0.005210229337547071,-0.002034797431651939,-0.004039725428244272
2023-05-10,0.0005045765233708745,-0.0032423044838766784,0.00626450532576033,-0.001477003523411851,0.0027058618034544067,-0.0058006518792023615,0.012174744754033347,0.016759333495774735,0.009394235704392998,0.00977038443080731
2023-05-11,-0.00993639578615275,-0.006480157637941864,0.005496635270768777,0.003126683109416906,-0.0033607873273072894,-0.0020288495624014606,-0.004499849229975973,0.0163839770284388,-0.011490734174760738,-0.010244188027282379
2023-05-12,0.0017104040675806332,0.00010810665722374168,-0.008935512425420115,0.0035649590283686203,-0.0018504189129164594,-0.00412667472841064,-0.0022368204728066355,0.0018809335105867036,0.0044175756480319805,0.0015067962383267105
2023-05-15,0.008427763375375529,0.005057878233184354,0.0014011740541412592,-0.0027286877073094268,-0.0016388941107795922,0.00814277198403295,0.00735700746687899,-0.00029673850491886594,-0.012499791948127649,-0.0023688149391807574
2023-05-16,-0.016578380375739946,-0.013722619257835694,-0.0025356080823427094,-0.008797294390444708,-0.00819598898034625,-0.00973006932765314,0.0016164159012527857,0.005918329247634793,-0.023221441532627115,-0.026478292032941914
2023-05-17,0.006643999261068289,0.016861895275946785,0.020192411069620515,-0.001020064676656126,0.0009707973663387948,0.020701103044856454,0.012749471564752052,0.011732603909826701,-0.003565859223028868,0.01284606157822803
2023-05-18,0.005465998324623217,0.006651695751331236,0.015303655494793887,-0.004444960624748112,-0.002435341523863554,0.006977873140199948,0.020431544209400312,0.01772689946611275,-0.0036086166050813425,-0.00679843418938519
2023-05-19,0.0025904627786852126,-0.0026910170893841867,-0.008415001378722819,6.326247359069236e-05,0.004550789103766514,-0.004498703255760729,-0.0011155134814316593,-0.0049300028738609065,-0.0016744840525849312,-0.0015415718278423962
2023-05-22,-0.0054925037084378086,3.564583257476202e-05,-0.0036838243649620988,-0.014788799941873284,0.00043173351335034266,0.002251937683167193,0.001313964917876405,0.01163969819520368,0.0002692928995681595,0.006677546627565488
2023-05-23,-0.015483541410045938,-0.012397747074430037,-0.008739867971750696,-0.007127963940228767,-0.011351657421339497,-0.012280553963173627,-0.015099112336707642,-0.014907870160543964,-0.003416505067844554,-0.012867573501362958
2023-05-24,-0.011312652057571116,-0.012748089664385608,-0.00231673172429816,-0.006501842779095591,-0.006609637797702133,-0.013189518646929646,-0.006252943835651413,-0.006035604260746777,-0.00629414761943219,-0.022334750514451853
2023-05-25,-0.003806516017033943,0.003038481531384068,-0.005182992946176972,-0.007698347139092593,-0.010447811172772851,0.00032143510141431316,0.04350053013218352,0.004301079044899515,-0.013871780877668423,0.0027627481706201814
2023-05-26,0.004161293813932969,0.007688515023454637,0.0235265334634548,0.0035102245747651163,-0.0017306686972963022,0.007365435521451298,0.026428988752454873,0.01697429221762299,-0.0009807451699058896,0.011601310832635487
2023-05-30,-0.00594404390968455,-0.0023028146019619927,0.00754285410692869,-0.010898087974838388,-0.006728625552463197,-1.8786568657803727e-05,0.006251979537892542,-0.0007113941613115583,-0.0039018146562913784,0.0027234011496037633
2023-05-31,-0.01129432032071356,-0.014100461763697758,-0.009199649475656864,0.0007135634367327632,0.008445824785035838,-0.011495840809380573,-0.010974504734180305,-0.0005220350273052507,0.009527869308763495,0.006532636321762521
2023-06-01,0.012322383406372105,0.01254220643300786,0.012097799710694156,-0.0008589515126172345,0.0066856043299249775,0.01087625908570355,0.013232759822593842,0.011422213849695346,-0.007866968480498065,0.00031004816469491027
2023-06-02,0.033184857742541894,0.029188196063531284,0.021733047654724443,0.01385053005364615,0.013258398212626962,0.021606103862603258,0.005094618128006635,0.000985019933212412,0.010090341779500678,0.020641842113189795
2023-06-05,-0.0009945520961293054,-0.007128859271973905,0.0034684898457524533,-0.0035002879036384127,0.0038311898649802684,-0.005639731919696054,-0.005616088953787809,0.0057502834558159095,0.004462196192365885,-0.005218751408391196
2023-06-06,0.0064971881209196095,0.006012793049303885,0.009884573590510494,-0.004708148117421405,-0.008823068841872454,0.0132197138420836,-0.001241740421471706,0.004929084816002739,-0.0006665491738017894,0.0066058661884608435
2023-06-07,0.01169319759292599,0.01574394921051708,-0.009114450983428607,-0.00329177235952613,-0.004157988909124409,0.0032959714491930885,-0.016301214705906435,-0.018870687255321716,0.016859605876436957,0.01739100882450525
2023-06-08,-0.0034956340214808003,0.001780371847614583,0.015525327447603784,0.007384835949337588,0.006455367534071143,-0.0011277765946353237,0.011912306283802446,0.0026436193168676487,0.0040744012024758625,-0.006277382422224136
2023-06-09,-0.008258087077626706,-0.0026601554092267215,0.0043703399609797845,-0.0011658639714414976,0.0019225981950595807,0.0007458872030732,0.004634630544117969,0.0013191934977764017,-0.005804310557661183,-0.005713695373812364
2023-06-12,0.004388694313950331,0.0069245961940760815,0.01720705503448363,6.551694693368668e-05,0.004576785493707323,-0.0009278628188428035,0.020535868063207494,0.011888155235530082,-0.0016731331604621065,0.0002584542047276242
2023-06-13,0.023053858632204084,0.011515089824665483,0.009990593681990085,0.004172152660740037,0.005275187082204746,0.006133884638840396,0.007105686030017636,0.0027413728440634643,-0.0006282158384448588,0.006140423018355782
2023-06-14,-0.004347602320138706,-0.00291482050295814,-0.0010983062519360335,0.005557583644920115,-0.011265475360679532,-0.003661272740799953,0.011367452705461098,0.0012983344796180726,-0.000688368508930355,0.0032054733310243953
2023-06-15,0.00848096347804706,0.015006743494654334,0.006794581683653547,0.009263071337921902,0.015381001568423007,0.01248749961746214,0.012679615988545789,0.015267435705448626,0.0105140245981393,0.003407832022057711
2023-06-16,0.0010940703871533239,-0.0015063593258455579,-0.0018386925082801474,0.0004628191449301864,-7.159083133481778e-05,-0.002190214124384308,-0.00828482826976227,-0.010090889139377337,0.005260055659719579,-0.001148816220525822
2023-06-20,-0.012635561623249766,-0.007611201006277076,0.0074721027721713126,-0.007521910415971479,-0.0014722042452746927,-0.006889253710524316,-0.00442098934058531,-0.0029085447675411013,-0.011740142556340477,-0.011131230966151236
2023-06-21,0.003533564066210222,0.005651840128283921,-0.011778190474861026,0.003864842851292875,0.0006190765011743351,-0.001883924527598181,-0.01423003788112569,-0.013639186029742647,0.00837448443024853,-0.004487379279015054
2023-06-22,-0.0029009862907672106,-0.007149279297380836,0.015226879237642685,0.005121328322617134,0.006454986436967859,-0.007461454585860934,0.009179315587077581,0.0114174969061904,-0.007599400112401681,-0.014461473813632898
2023-06-23,-0.007837072133646584,-0.007520946713182422,-0.011113317667350816,-0.0059344109784794374,-0.0032157450293327757,-0.004191840167411737,-0.011085363077426323,-0.0024588788922684755,-0.015253220291596686,-0.011073699715586525
2023-06-26,0.009949520156973044,0.00789553409211121,-0.012555441531935559,0.00034848868109187847,-0.0060053803453310505,-0.0019647046585912755,-0.010390335955548117,-0.01899193377577677,0.009755264147237186,0.02189591989047674
2023-06-27,0.01388576418989858,0.012473233705619757,0.020365231755671537,0.003375850647864476,-0.002001044735823779,0.007051201917656035,0.020214787930894814,0.01115756868798143,0.0004194315721589587,0.011049891497366392
2023-06-28,-0.0068110852712665116,-0.00038109769596096063,0.0024881595657909907,-0.005934627567333601,-0.0035279913571139433,-0.0018084165400329756,-0.0002510503623999807,0.00797370311051086,-0.014905840645533968,0.002101114516371126
2023-06-29,0.012609645324976226,0.009329575295144738,0.000563926716008731,-0.0015280527615413539,0.006436714896605981,0.016591088292406977,0.0012678329218177233,-0.006336510172119045,-0.00045617458506767497,0.00861561364642499
2023-06-30,0.009219806027443881,0.008659900865242457,0.013590271700864446,0.00927479625420171,0.010731414604970554,0.008986738679079922,0.018003912225599314,0.009906389359384031,0.012092046211254724,0.0050832360474208785
2023-07-03,0.0030609259784775424,0.000693461477806943,0.01069011722653431,0.006871377934480344,-0.008215158302812716,0.006253719391363995,-0.0030833267627048645,0.0012949718658994962,0.00664852647521698,0.008456953929161438
2023-07-05,-0.025007874458150083,-0.006048695660780566,0.000839899491898541,-0.0009313054701529841,-0.0005144179227540244,-0.0033173911562890453,-0.005619820285524146,0.011991049882174825,0.010924597122073268,0.0046398003395636146
2023-07-06,-0.007114940009511673,-0.007423073001978047,-0.016593464908037606,-0.003452218784783962,-0.008701371047324198,-0.00912169764129661,-0.001609665205716316,-0.010697752799844982,-0.012149165104513585,-0.006023305048891185
2023-07-07,0.008797787506863103,0.002283893674220052,0.001773665773083148,-0.013487783274447909,-0.011711945311431585,0.0015768156082343926,-0.004367424550375214,-0.005786651350996683,-0.007409019878240037,-0.005005172977519666
2023-07-10,-7.816758011358237e-05,0.013814511630702544,0.00107766066274692,0.000337486560186737,0.008045271523285007,0.004412520693656147,-0.00017431704556916192,-0.009235120269709315,-0.004193807886742962,0.0034515842933015043
2023-07-11,0.009671125640292415,0.011946674387769838,0.00854280865391538,0.0013617019742931194,3.952762158112628e-05,0.011872226156593281,0.0019320879396609674,0.010487895149015282,0.012349687288370553,0.011613945289654655
2023-07-12,0.012852990004796208,-0.002030121600690839,0.009528887417457896,0.002342994535759251,-0.0027537613758322316,0.006303791498069339,0.012452403904827426,0.014957592739608196,0.014556395494464433,0.004393114170358526
2023-07-13,0.00784570718251971,0.0015202952159851404,0.010742408995350887,0.004399341628203655,-0.00013893689562645054,0.003669215834332283,0.014838864181051686,0.022940729351049606,0.003789521948578438,0.006676837583500622
2023-07-14,-0.005783070028874926,-0.0033258703626652328,0.0026968245169587137,0.0034568124866558177,0.01491495115266102,-0.006824932689149564,-0.0015088747871002646,-0.0060902099429614685,-0.004113279668163459,-0.00016436014014005197
2023-07-17,0.0007818618241963123,0.004204397456814138,0.003177186230259767,-0.0029677583042221453,-0.004335923390114602,0.009994023389838671,0.013236650523350125,-0.006534406049638974,-0.01184637426810692,-0.008375149828422676
2023-07-18,0.007728952184313021,0.0056431654799879395,0.0027536801996533972,-0.0012874819557425069,0.006977953839945262,0.011185226037929442,0.012505844053053909,0.003835685846641927,-0.007806161583268599,-0.00819523802011336
2023-07-19,-0.0051776364667881275,-0.0005067697970465513,0.005210382883683289,0.009245798396652974,0.004933374059350721,0.004459914374139952,-0.002741276570653913,0.0022943281807287067,0.010156993709245027,0.01109120315631957
2023-07-20,0.002430905289734088,0.004057935012680835,-0.034594946871948216,0.007908235114652669,0.016349481498989984,0.0069246876015672905,-0.020620664314827095,-0.02516342044526584,0.018318338195575337,-0.0039737073609788145
2023-07-21,0.0,-0.004597367528545267,0.00036605090759653323,0.003375562343683914,0.010077274289308375,-0.0034393296165771497,-0.003135884790111588,-0.005035449885524632,0.014859642710574814,0.004386687887219641
2023-07-24,0.003087162174754258,0.0023712769633274875,0.005222262625234215,0.003842097637064217,-0.0023267589386253883,0.010096916859218473,0.0025740031914245035,0.004620653302204561,-0.0028216323337185243,0.009902509936370417
2023-07-25,0.017470981250804138,-0.0013034932751423785,-0.0022613055455624215,-0.0005155889785546096,-0.0006251576587538477,-0.007371789816358057,0.011809383326514251,0.004232218022790838,0.0021601701517139746,-0.00746918290805832
2023-07-26,-0.0028472832401542024,0.00660780773953984,-0.0006258197492420803,0.002111101272551902,-0.0007899069439095589,0.006510308629990051,-0.013049148809872176,0.026142634175091613,-0.00046045544449340586,0.0034131907164117055
2023-07-27,-0.0067126884562503574,-0.008215315088088343,-0.008696679768562221,-0.008154913610501436,-0.007685087216703003,-0.013011867604692678,-0.003388555898916425,0.008505400021197818,-0.01742153738397602,-0.02145265244620249
2023-07-28,0.006917748294236871,0.006167821341304823,0.018359544054619186,0.009848087390738693,0.002938855567895016,0.0013516380119567091,0.01467521357830021,0.022752673927622005,-0.0026395893985110496,-0.0025617913589323395
2023-07-31,0.005147724112996347,0.0022938159159228435,0.005541873657788558,-0.0045970980571498725,-0.007971472729166328,0.004435311828759494,0.0012795128304999195,-0.00030348899460243387,0.0003229496622669402,0.006997862965606968
2023-08-01,-0.004458585420382866,0.003153361195646158,-0.011545130455917228,-0.0051117280092573296,-0.005135293966810062,-0.000306417453001247,0.0008710723080368398,-0.0029091797424801186,-0.012644929869130381,-0.0012535122981190687
2023-08-02,-0.012402494956770831,-0.010870253522564413,-0.018607211094818905,0.002502314634208083,0.0005790545237595156,-0.008893224908170108,-0.026254098745333455,-0.020959988227115083,-5.943274037084254e-05,-0.004441648138947723
2023-08-03,-0.0060507920324170865,-0.006125530911896143,0.0034281151180683912,-0.0017054301769494106,-0.004984248621200197,0.0006869494861281027,-0.0031658766809057218,-0.0016887681024165028,-0.023161056300967993,-0.013614862098106199
2023-08-04,-0.0026967690083622006,-0.006556564916382095,0.01889931419870191,-0.010268774532171331,-0.0036458961452230944,-0.004300933765294425,-0.015050964910586556,-0.0030738521703503985,-0.012154393010946597,-0.009968579206704471
2023-08-07,0.006936130014582334,0.012498612658623225,0.010931954091034694,0.00848436113957513,0.011764000538075522,0.01354526135723519,0.002651493448835923,0.018653303918335955,-0.00021566263603396165,0.012052423972599506
2023-08-08,-0.010536881822426486,-0.0046077156249635055,-0.008715313648995134,-0.006608333103262149,0.007804637301353071,-0.008781002808855366,-0.0077899817536489805,-0.0023236907388691644,0.004917356256073914,-0.004555976670485597
2023-08-09,-0.004687008778207505,-0.0008676563824275935,-0.012073484742379377,0.0012869729381884754,-0.0005408948013829432,-0.0078032665182417105,-0.015218939340542043,-0.012499894433473421,0.0017153639360601967,0.001961166474214643
2023-08-10,0.0009007843983985448,-0.0028142185260280287,0.0027452360388353306,-0.002039485201439117,-0.0004329732298455122,0.0007606182655633426,0.00010772795226606564,0.004257741163507912,-0.0031573290331855337,-0.003114119466033749
2023-08-11,-0.0027049083424582664,0.00103312281351517,-0.002827401422295547,0.0018611748308584271,0.00567700303633473,0.0020542259682740896,-0.008877351536047455,-0.004835733314971175,0.005114201953908814,0.0018781856948271837
2023-08-14,0.0018999732199181476,0.0002934660054228201,0.003929439076272348,-0.005235516118894932,0.0032872415400632933,-0.0018468945777277675,0.018366948574332773,0.010308693503963863,-0.008343098468496379,-0.005387893656227797
2023-08-15,-0.016587816900333906,-0.012817571574622318,-0.013779586516123717,-0.010217698796318586,-0.0035975553963352286,-0.018131009037442195,-0.009180036215368613,-0.010175291483546515,-0.017054573895353607,-0.010733513517722951
2023-08-16,-0.006669703365970175,-0.00555189230746184,-0.01280218005817245,-0.0027848452501774614,-0.007795853942130543,-0.0021133681495620936,-0.00887798952202467,-0.012123559868065544,0.004563907306983398,-0.012121354887118508
2023-08-17,-0.0018267571517496706,-0.008447377161721984,-0.015961093995613688,-0.010194787948137461,-0.007676953295082238,-0.005001656031611782,-0.009690718837621563,-0.005913560150129263,-0.003342783600216174,-0.007485448198535983
2023-08-18,-0.0008457513924360409,0.0011936385413232305,-0.0032354001463269656,0.003701397888470284,-9.007285266457297e-05,-0.00125882624625648,0.0011167822112932563,-0.009873357309559051,0.0038727959665738627,0.002780559625755612
2023-08-21,0.0002163979713629776,-0.0013834610442266264,0.011409558897902404,-0.006417534613845377,0.0009452428663769935,-0.0009051955655127099,0.02237229368606038,0.008015389260430921,-0.005971576272875423,-0.008809484019498996
2023-08-22,-0.0007872191388886755,-0.0020338920233475026,0.0009083455073747582,-0.005309214297017542,-0.0036896364683394888,-0.008828408604336747,-0.002420203078699354,0.001767462689939817,0.002630662330015094,0.0027973505489477454
2023-08-23,0.0018096724237555485,0.009896004487343806,0.008268434826612945,0.006241612980045023,0.002943768034913149,0.009272225807912904,0.019015249417343106,0.018838847620285572,0.004524766831595698,0.0145261954178251
2023-08-24,-0.004352740133339026,-0.012259289677836075,-0.020274857268370226,-0.0077353704435900806,-0.007670693669256822,-0.002416721820173509,-0.021754312780286066,-0.020560976553584832,-0.00634049825147026,-0.004116324076837514
2023-08-25,0.002700537092222468,0.00853056699236035,0.010951683384350673,0.00559337424354072,0.006022757418317417,0.0034279021119312685,0.008164632580025774,0.001676804087496152,0.00780278630358516,0.0026731566178521365
2023-08-28,0.007335420542574235,0.007818766713922492,0.0036675713696603415,0.00455448294928606,0.002329545175730901,0.0058693837021694594,0.008108372880349457,0.010450578554360794,-0.0004042629103889255,0.007716341689404693
2023-08-29,0.01662761943641747,0.007725302852155965,0.023258123148574596,0.004103527188386186,0.00826397610448965,0.008722546060042915,0.020891434589643827,0.024303404022790482,0.0027953691235910617,0.011442487083952168
2023-08-30,0.0015171319638549853,0.0043908609877022905,0.0032938288295801706,0.0017460207396886931,-0.00029333797301486574,0.0012048749001824634,0.008302113331133605,0.0035363282200605232,-0.004258248876723826,0.0034715456237883664
2023-08-31,-0.0004989706417893149,-0.005080744306354152,0.005046896885654323,-0.005378245694041968,-0.01212510827665693,-0.004004688779149796,0.003694527433144881,0.001132429679550322,-0.01036342866060897,-0.007601612779092018
2023-09-01,0.010105395348829621,0.00512438075804433,-0.005435615155033306,-0.00833311748764866,0.0023466081095354927,0.008010910342524843,0.0022498299459821863,-0.005412520858246686,-0.005174769026851118,-0.000690027881183148
2023-09-05,-0.018221379335002477,-0.017036561342316577,-0.0008676786171020578,-0.008336691541850738,-0.009491388280797219,-0.009624293085583251,0.0038987679597348637,0.00043760602829277215,-0.015558577016704702,-0.009536253042462117
2023-09-06,-0.0033542059689452967,-0.004789294340327699,-0.009760415350244892,-0.0019317147455341966,-0.006096748703022434,-0.0017039778374108318,-0.013841858619925724,-0.005439588329964553,0.0020222610304114364,-0.0023110253544702105
2023-09-07,-0.004437934046406502,-0.003157252880851379,0.005004920817021391,0.0033814019375834354,0.004730670851421929,-0.0019886581966158134,-0.015828785180099694,0.0010990703149524658,0.01255514022381204,0.007090486277258407
2023-09-08,0.0012477379974756776,-0.004647994860172502,0.0003307233382619466,0.0015536902532065704,-0.0004493083425621737,0.002357833490997749,0.002064312475822006,0.0035089428488179427,0.00958054049092362,-0.006305040814881362
2023-09-11,0.004141365627864113,-6.73554717479659e-05,0.027320631105583484,0.008272276793635841,0.006782559697627276,0.0036838487952951695,0.004526717899267693,0.011622715174937081,0.003350424617196718,0.00021809203630242577
2023-09-12,-0.002428293645953922,-0.0037116925713945844,-0.008992274966469475,-0.007105254294712706,-0.0016767389896715141,0.008439209920868435,-0.017613951250276105,-0.010659908883041469,0.0012808413602864895,-0.00034895677885836337
2023-09-13,-0.005949937625427211,-0.006681924410331279,0.008926385844980641,0.002554709662020325,0.000239706339925372,-0.001007586458897727,0.0030961894534447813,0.003972692682157391,0.01197884173355392,-0.010349156572689098
2023-09-14,0.01391205854108871,0.009809702296049091,0.008731383436809145,0.008136753293625783,0.0025231948128077307,0.008669916386568513,0.0070078450466533986,0.011738051199316063,0.014637689671220377,0.01695846948454057
2023-09-15,-0.01094245776378137,-0.005350105833433488,-0.018957356444472433,-0.008189605618634079,-0.007412976991713359,-0.005511659195087408,-0.019647938262506166,-0.011171857292856894,-0.004937005327977592,-0.005083533514314258
2023-09-18,-0.004300962062129981,0.001128719221371477,-0.010122667147859485,0.0008457859259245683,-0.0017981955052280008,0.003148313997917229,0.004709992166838446,0.0026526971948304047,-0.0005194362526991342,-0.008179066124399309
2023-09-19,-0.0009800847507338772,-0.004658528329289118,-0.0064927596965839,-0.0024997395500360926,0.0009516354325187267,-0.0011059907406125833,-0.0007700652486021459,8.687311749324054e-05,-0.00548637775506773,-0.005593145629230075
2023-09-20,-0.010349304280255513,-0.003895026881418062,-0.010984170123940174,0.0015481598920129346,0.00018242594106111838,-0.006644120593038121,-0.01788545999908276,-0.01907077014337631,0.0010444073717759109,0.00127996728863206
2023-09-21,-0.020661410311512845,-0.01639237440629471,-0.02921166584203477,-0.01317633070692998,-0.009259977442774035,-0.016301963801752486,-0.015300476130000885,-0.015567771068345709,-0.01086594746156722,-0.035420600292814235
2023-09-22,-0.0012549747992871968,-0.003417751497345794,-0.008774646733401547,-0.004727006082424482,-0.0019282320369502016,-0.007440396084191924,0.0026030943639015723,-0.0008995095716409809,-0.001615224160245488,-0.0072004133119658005
2023-09-25,0.007968676405305807,0.004596787762018137,0.006637181250517785,-0.004276308412145098,0.0053739199281813785,0.001513935213874773,0.0046623114341461155,0.0038173573458738976,-0.001960464480264364,-0.0017044579613690663
2023-09-26,-0.01463428141131624,-0.015295925509839284,-0.02047722285994636,-0.009044146016254275,-0.008666352826484897,-0.013509672790725756,-0.017955090671745128,-0.01353872410173241,-0.03093714542368107,-0.017957314628490935
2023-09-27,0.00016307815433790645,0.007595712826583465,-0.003799260980271676,-0.0077235467255964,-0.004962388372225653,-0.0020223826717396176,0.0016782680014758016,0.0053471576242161475,-0.019497494160543385,-0.008296038597022696
2023-09-28,0.010403989668226152,0.004251685832293825,0.009638328872010637,0.0024577826319512187,0.004764148670732132,0.006917000757620531,0.006843900519409006,0.01154779996513049,-0.022093254337353,0.008483828057085528
2023-09-29,-0.0022419653071881675,-0.005917790914491028,0.0053146922719685,-0.002540265976424844,-0.007684179288967851,-0.00887107614985205,0.00391744552560318,-0.007308583649411225,0.002074428245761542,0.0035137892475052474
2023-10-02,-0.013148755525296143,-0.00918418792227529,0.0028440338498946305,-0.006468857746277448,-0.0010797017505615096,-0.008420502495198741,0.013197354387064871,0.01456420690508752,-0.04830737985333926,-0.0176461545690127
2023-10-03,-0.0029752085681923443,-0.007417991100724203,-0.026281129574950098,-0.007012488546640698,-0.009137387854086305,-0.016852668609904548,-0.018349086456981124,-0.014069299433722128,0.011612890644223092,-0.019175470456523378
2023-10-04,0.011868539973123158,0.0038221727223951047,0.01955296063581743,0.007289218642449789,0.0045255262006277525,0.008231587284511921,0.01243526180443182,0.01273784596095539,-0.0008671673252124737,0.011242316964923319
2023-10-05,-0.01269084516091768,-0.006374510554410558,-0.00569486385888267,-0.020912463841408723,0.004931882778234774,0.0038243672356316205,0.0025046656886083198,-0.0012442732832984346,-0.0054980201930850126,0.006694789431617729
2023-10-06,0.009538314373213126,0.013224909110628694,0.006980666316924613,-0.004814389469378204,0.010081848976633799,0.008133343520251466,0.01922688697264138,0.018066967410758552,0.013585422551053855,0.003425571723890445
2023-10-09,0.0014655894798919545,0.015931077696868,0.0017910293723398339,0.0006668663471155454,0.0035704633546496446,0.0003458016542627598,0.004296824216223387,0.00947500420551905,0.010035164665187512,0.012883361708227388
2023-10-10,0.010743384938024061,0.005732829292478398,0.010843794079807055,0.010708757298798352,0.004919817224635279,0.007685774534512288,0.0015334900958775093,0.0021605747059873118,0.01347212901986807,0.003043116151493745
2023-10-11,0.002331605366906659,0.00621364398683159,0.004805372757911616,-0.006419931528832894,-0.004262441423879062,0.0011189229546842852,0.010030603746985292,0.010647972184201448,0.01617529494049515,0.01994742811901624
2023-10-12,-0.015274243008240831,-0.009375311212803248,-0.009586681884001686,-0.01154933292775745,-0.009355529503656283,-0.0063148597627530195,0.0010459350769958648,-0.011122900895354615,-0.015066413113004221,-0.01314560034169772
2023-10-13,-0.003655805975089758,-0.008592570304943025,-0.014666390083034508,0.008394716957267906,0.006103917948955463,0.0019584692485189884,-0.01534011572867953,-0.013302798333245705,0.010856056513466288,-0.00037151402666000204
2023-10-16,0.009165220452422148,0.010456283732343722,0.016357013402941073,0.009728885828430728,0.007487932369501835,0.01011172074123464,0.009713035694321854,0.014597533540410296,0.01041071595038615,0.01016643198397745
2023-10-17,0.010045897789314124,0.0031329218224842776,0.0006125567416523915,0.005052580677530982,-0.0013030618597550648,0.0055084054572473035,-0.007765583065777939,0.004260751765937182,-0.0024029521247041015,-0.005393822467787267
2023-10-18,-0.02610964962074863,-0.02460212553037496,-0.023563891665358105,0.0039014788701988183,-0.008997446888238997,-0.017161123769669558,-0.012369476087257981,-0.01597403011965124,-0.009437332267512935,-0.022060067329948637
2023-10-19,-0.010875188635648389,-0.009059648461788701,-0.02225674176162142,-0.007776066355444424,-0.00967311915075047,-0.012561565563115515,-0.00437418009088857,0.0032674784033369106,-0.009392870616137338,-0.024735135624249827
2023-10-20,-0.012933998816558752,-0.01033907843469552,-0.016710322480075486,-0.0037912512324220415,-0.003966581054851086,-0.015591257545161797,-0.01701507403836542,-0.011593231605705183,-0.010601451877370662,-0.005440051742438387
2023-10-23,-0.010776029337803946,-0.0046684648645823525,0.0021374314582306214,-0.0027329768715101898,-0.006320172472096684,-0.007135592411416206,0.004188313124010705,0.007190487975382847,-0.008247832720650935,-0.008461623795397385
2023-10-24,0.011197942620992376,0.007155810734941616,0.010322339678960164,0.009518889691004652,0.0028826619031500442,0.0067063121169236226,0.007067948945470922,0.013753881561082537,0.025410168476035857,0.011816535067226554
2023-10-25,-0.011475247918324202,-0.012777159083342749,-0.024315203910529673,0.0032504714551764985,-0.009012211578985815,-0.0029916172867713274,-0.011938778631222762,-0.06071086593080318,0.004826224387854432,-0.02089537748608564
2023-10-26,0.007142400968667389,-0.004437380462157368,-0.015754112709010542,-0.006301249457820664,-0.009813537463599212,-0.002174630008117032,-0.021949391496532963,-0.026116425758438404,0.00859586598518437,0.02128364166389215
2023-10-27,-0.0005932554947077944,-0.008774826148738497,0.01683609334975077,-0.013660170772449463,-0.01720492851522002,-0.018811100119482744,0.005774498055699285,0.0009395262854009448,-0.01827172020832743,-0.016142021084865076
2023-10-30,0.009807049794333868,0.012171265380827216,0.012560580870710488,0.015410614129323333,0.005451286145573852,0.016913850904868227,0.011824047590414692,0.020403651474901852,0.006749623123458661,0.003052736888896043
2023-10-31,0.004523007133151937,0.007624148715506563,0.007066990778668815,0.0037148245227747543,0.006255951420322526,0.01088350848726314,0.005567352885772719,0.0018385457512699154,0.008554951560936087,0.020148624584789818
2023-11-01,0.000960576942554474,0.00326350576317293,0.014247249896058885,-0.0005717272283335594,0.001858818136280901,0.006303716750446691,0.02059212605659083,0.01820217755339288,0.01090217785255238,0.00509419377922574
2023-11-02,0.019061587026226477,0.020311471381412587,0.023689069205755746,0.012474520365892451,0.015540389394916775,0.02372430569426957,0.017000726785603385,0.009067729693873395,0.018701200982556954,0.030450564628173474
2023-11-03,0.015342842095563745,0.00817112412291543,0.012019707819973476,0.0009362164709261938,0.0051066617285551435,0.013142897525349135,0.011178572480454669,0.013801894921320801,0.005944361983990894,0.023255782398884785
2023-11-06,-0.00513549165850817,-0.002587933631907128,0.001842449816720883,0.0017462238621397826,0.0065946572490163495,-0.003872973980635764,0.007802472813342039,0.0016293964726164425,-0.0028079228600876695,-0.01422941989402718
2023-11-07,-0.018886784538289438,-0.0025711491781202035,0.011808620233349795,0.0020859625867261523,0.00046169847695065537,-0.0012524402266826285,0.010773198905857326,0.0054852366951657185,-0.007344394029120802,-0.008793882079928553
2023-11-08,0.002558159158851619,0.002722883123410515,-0.0025376255408179242,-0.004231322099922453,-0.0014059357837077468,0.0006443267516580211,0.006358032670381156,0.0011372016897309362,-0.0073662737709610454,0.005747966847098007
2023-11-09,-0.008504319585922944,-0.0024537883941580874,-0.018342841732360393,-0.004028068096101755,-0.02122731555427385,-0.004105858838406245,-0.004048933917902226,-0.0030206980709425336,-0.013943374682762251,-0.015182900390109442
2023-11-10,0.011507986910759254,0.01330665955496786,0.016431431752399295,0.006585453489346084,0.005963357598949291,0.011361904976283848,0.02560888351040638,0.016609765309342613,0.005149349284035749,0.010921402300109883
2023-11-13,-0.0013978390791607243,0.0009231232447458481,0.0029007722301695204,0.0036460841266616997,0.00563722055173238,-0.0015644256049028363,-0.0053874529075801265,-0.0019423636499914959,-0.012476018042448132,-0.00825001313456436
2023-11-14,0.028692433755720573,0.02020941052513398,0.03263130188160504,0.008908168850456324,0.006956701061200336,0.019259306386461575,0.018980737608891088,0.014072044947305915,0.03866123845522452,0.05184773756739731
2023-11-15,0.004686476965192487,0.0019873184170778845,-0.0003919794432130155,0.006959473471851024,0.0006513783448067089,0.005690618044723175,-0.0007725086303123864,0.0059466222617627126,-0.0033198502439879068,0.0016428533020484061
2023-11-16,0.0024442091611134383,-0.0006093185005722156,-0.009141596460460403,-0.012044032588988562,0.003819302726950573,0.003222430564349118,0.0067561682888101484,0.009399616938446351,0.004498272579562454,0.00031054328537944494
2023-11-17,0.0016657673964493346,0.005841160612916791,0.007285245845835013,-0.001787087793478166,-0.001907868876640488,0.005485407856953623,-0.0028195166635859156,-0.004667700949370038,0.001908052765821775,-0.001953396587427972
2023-11-20,0.0015443076967738294,0.003237878659153571,0.005160631913989154,-8.192470557425139e-05,0.005192747059917417,0.003246028444806178,0.014905060417684171,0.010440588201922311,-0.0030864751013963943,0.007878930603210495
2023-11-21,0.003948906340268517,-0.0005258949426018291,-0.003764270932163165,0.0035168818490334416,0.006067374267637842,-0.00037735468328072176,-0.008377197373203778,-0.00012513829835122776,0.0021965164574983052,-0.004728732966730621
2023-11-22,0.0011816495032841517,0.001900751069465418,0.004950807300030556,0.00706433525174819,0.005385201169896125,0.003920465646338215,0.002779896811399993,0.008805120141671556,0.0033649678611133937,0.003670061414367846
2023-11-24,0.0033207981020405334,0.002911161452671517,0.0013351056150644322,0.003816487034429527,0.0050941206148142825,0.0032921855002173337,-0.003186857001475495,-0.006679832327330705,0.003037757674610647,0.0036126220156597944
2023-11-27,-0.0008439357081857875,-0.005808395187146826,0.0019244413618872975,-0.002398800862095034,-0.006373326722088566,-0.002813942447820742,0.0004406420208256839,-0.004756943593142658,0.0009473798237435441,0.003774917183539795
2023-11-28,0.0019614388069378705,-0.0024227320552430496,0.005364510882822759,0.004012718679181205,-0.005047194677653277,-0.0010251612789118195,0.0019100158801910866,0.0032571907333842774,0.003120192757119806,0.005156420683447962
2023-11-29,0.00375523814127397,0.003251370003478107,-0.00354822491675611,-0.00810924139481796,0.00019224436122522345,0.007052624562824974,0.00010680837830585378,-0.011278246491819022,-0.007897936841448868,0.007295850137710895
2023-11-30,0.009616883380841662,0.01061070493076939,-0.001666621284529151,0.008270481807985433,0.012447004704903697,0.0101336808145904,-0.0008001103029631641,-0.010170846180459056,0.004051531978828998,0.008230514830726825
2023-12-01,0.010845870782101438,0.015549876219365096,0.012657810549345058,0.0037416516845925492,0.003575533747323466,0.007333182903198272,0.0016911764023865837,-0.002302809311545892,0.012369098288569172,0.02085217685329196
2023-12-04,-0.011948580845758863,0.0020479139877207153,-0.004656464109608172,0.000990059553853191,0.0020793491388839554,-1.659601566354883e-05,-0.013174271602021795,-0.013799215009932125,-0.003939012678394836,0.005323527338036475
2023-12-05,-0.013818585743646725,-0.008644947223695952,0.00316348380237381,-0.007948141431040815,-0.0016813340170185838,-0.005067415470807002,0.008125891906375646,0.0022051441363398535,-0.00817745122548386,-0.004525281538782532
2023-12-06,-0.0015713133442891354,0.0047196991537301084,-0.0003551895024794667,-0.0022535826360060287,0.0006128787016000096,-0.005042620802340919,-0.009350472021685166,-0.004675543566860163,0.013706348574717461,-0.003407434763418034
2023-12-07,0.0066805372040351085,0.0006443838856374413,0.008913640512219692,0.0032236751734819012,-0.0007824816225529162,0.004019369966046818,0.012744298571619335,0.03169037950127138,-0.0024014514850384566,0.0009266331317573909
2023-12-08,0.0033137480067469936,0.003302582753450081,0.004310346302922324,-0.006539097794019634,0.0017988727250595104,0.004972295324166384,0.008984339281497548,-0.001556661950489881,-0.0021568988029018253,-0.0022759568168548906
2023-12-11,0.007078178580484519,0.008958975437286897,0.0012405868534579392,0.009604686130650115,0.006115302710188021,0.006790661018136183,0.004187767207511252,-0.010496988389763418,0.006612197846428332,0.0032437690945812396
2023-12-12,0.0056458537269527985,0.00459451463915921,0.003981452302677913,0.0030830133892066824,0.004642667766942102,0.007107212937238509,0.008248457217137321,0.0019553309315023743,-0.004080677209973162,-0.00046276104834919955
2023-12-13,0.01189974918641844,0.011346963198372114,0.013435414687105636,0.018025233107224568,0.018085886902041576,0.015946763809649198,0.00886293913206832,0.00651857776960773,0.03650142068675549,0.03514210403106403
2023-12-14,0.01662706928742085,0.012195270345426045,0.010693611878839588,-0.014978325985539272,-0.005493948501153587,0.00926110257018469,-0.003405470268568679,-0.00042202010585617116,-0.012872919402213124,0.0259057184225556
2023-12-15,-0.00200018264678511,-0.001994253522718144,0.0047680042771770905,-2.6712653696066056e-05,-0.008541679078614438,-0.004023049532702967,0.007023859723376704,0.0014762275259961744,-0.017436175879867753,-0.012508127456513925
2023-12-18,0.0005986145044946368,0.0007246821435441987,0.00788723991163026,0.010737057647497243,0.0018845841514673937,0.0014018502703690477,0.002674988587377286,0.018705383127221,-0.0029824537020627373,-0.0035337340997657046
2023-12-19,0.009103099376903349,0.007259752483270996,0.006991353733563113,0.002241586421711868,0.00666983024119458,0.007715230047580663,0.002400597854553679,0.009182102875666573,0.005615806011662397,0.006935190345483685
2023-12-20,-0.014860764594977075,-0.01650986955414009,-0.01759935887996048,-0.020398357748515384,-0.014719935358909066,-0.017309596977649857,-0.015558374795550334,-0.0005329300232134605,-0.020000022932235448,-0.013230346819074899
2023-12-21,0.010105489488459709,0.010593091778100907,0.014326067485850526,0.006859153469395384,0.011948904313833728,0.008708382953837598,0.010698348510228165,0.01113318468035357,0.0012933259311060938,0.009147220969844695
2023-12-22,0.00631062370133164,0.004362575365343651,-0.00650175974179082,0.00685216387713429,0.004861770745416446,0.002285871813137185,0.00038673829759052115,0.0017018447617668574,0.003335951350480293,0.0032038595170549
2023-12-26,0.004430794425038403,0.007239346250582997,0.0034905626239140723,0.004419025905406002,0.0021686535388510645,0.004043877328021433,0.003976605033162472,0.002224257507298925,0.006451425634182433,0.007806282435657945
2023-12-27,0.002502044138698389,0.001749947271612539,0.002655354416353793,0.004425815838864653,0.004638704921962273,0.0023993101781234214,0.00023803964810920495,-0.002143271829395697,-0.0011869590338027972,0.004591536189296937
2023-12-28,-0.00462270702752473,6.206943475403599e-05,-0.004090711774430854,0.0002891464045379371,0.0024118958110452837,0.003460818530573763,0.0012395165730413732,0.0008902247031342679,0.007007519090332401,0.005317195145530504
2023-12-29,-0.003884029615622622,-0.0019882618365959885,-0.006361580196535641,0.0016279250208067846,0.00031444366032916117,-0.002790069278734788,-0.0027866741749197803,-0.005028011076651836,-0.0009003711820137225,-0.011814838369412635
2024-01-02,-0.001966272621103065,-0.009529745340484135,-0.009266444520122088,0.011347914248078727,0.017477625469024382,0.003888021424408342,-0.026145666563145712,-0.009147423790042583,0.013728582957408341,0.009258211878004312
2024-01-03,-0.01116575333919247,-0.015205375379652704,-0.019004908539308786,-0.007145896224082175,-0.0013541439747862224,-0.008175947811231156,-0.010253356967530453,0.001025073405588895,0.003914254717219997,-0.023792148939764654
2024-01-04,-0.0033101586087551024,0.0009558357457838679,-0.009709288404925083,-0.0014771983667554158,0.0046359170564369894,0.0023542931593276764,-0.006459101589579033,-0.006949988603528395,-0.003271046299403593,-0.002705807739847261
2024-01-05,0.00210771109473902,0.0020572019215767037,0.0028672078670494744,-0.0024231802109536647,-0.00024639328515355,0.005248985795554879,0.0014860300011802217,0.003419314803560484,0.003850772762227912,-0.0019429884907991703
2024-01-08,0.004127298692010474,0.005809364106839948,0.017520647856869482,0.007108635419722717,0.008367437532457491,0.005949518257127676,0.027088148569236123,0.017287524554490247,0.007203116506001463,0.01420175034616789
2024-01-09,-0.011031502675333135,-0.002425253235108647,-0.001357364699783331,0.002406036418881871,0.00040923838505449857,-0.0069206392911592965,0.002543814695648223,0.001292697898754059,-0.007599744946052128,-0.00737742935824802
2024-01-10,-0.0017051410548676114,0.0047816009685028105,0.009790478401378037,-0.001260837783513711,0.0041497874253478674,0.002052586043394836,0.009975340827380516,0.011599332616391053,-0.0006409898048156403,0.001327147537696781
2024-01-11,-0.003228711921065271,-0.0020088387800313123,-0.0002918486197851195,-0.00019514229134365608,-0.0011317154188926822,-0.004125370504671081,0.004378304891618042,-0.0025571348969297475,-0.02372969464294536,-0.009611206869090241
2024-01-12,0.0013687777336386985,-0.00044232846224908794,-0.010519598164614199,0.0034543690240410227,-0.0029448010473222194,-0.002301059499294603,0.003458450544820017,0.0062215943067601785,0.005861111758006554,0.007800984106328256
2024-01-16,-0.011925021464056797,-0.009843836630885538,-0.0020308138169996106,-0.004847192973264004,-0.0055473738934703875,-0.006371492567079718,0.0038924784262324894,-0.004223272285375554,-0.010562283062714027,-0.006138660728917845
2024-01-17,-0.008049038403534525,-0.006723885316280984,-0.00915345905861087,-0.0012383254221742133,-0.002422016944057095,-0.0028053518040020964,-0.004987329829256971,-0.006368601786249101,-0.015321591896645819,-0.018893219045370203
2024-01-18,0.003926522733591037,0.013318374694413378,0.006164621804683131,-0.0010831703178700407,0.0001168981717586141,0.0022739745345830326,0.020109165917467402,0.01372782838428938,-0.010582846712502775,-0.006128619706871551
2024-01-19,0.0010225422386363904,0.006099708648786962,0.010171589481308252,-0.003269600903858394,0.0006459990751702514,0.016265704865049985,0.023196905701419166,0.016158296950655675,-0.0012580743633686632,0.009590447155073465
2024-01-22,0.0029654936636207036,0.0073876730115961155,-0.005195145409499863,-0.004661262501636796,0.003793589668831079,0.0042857833122232035,0.003852094127599752,0.00035091078605168887,-0.005178192337097604,0.004392330908338741
2024-01-23,0.003205805599046915,-0.0005839999771343058,-0.0014254721411244083,0.0107211938487212,-0.000533171815929088,0.0014351024417481259,0.0045050779249683325,0.009930635447794477,0.002301096347624701,-0.005092017861209523
2024-01-24,-0.014089881179666166,-0.006446610736180474,-0.002423655951242139,-0.01238087067639373,-0.009126339277447808,0.004590887364708267,0.007678153643249695,0.011665883366934983,-0.013886780478244928,-0.013678919165372262
2024-01-25,0.010864829178199642,0.009695999273953291,-0.010541788341149383,0.009198768049696554,-0.002272898011964617,0.0053659581291967485,0.0037744179796822637,0.018184831250109196,0.017731766427145603,0.012978805171091302
2024-01-26,-5.77414299027461e-05,-0.0014255119214027685,0.005488068893886954,0.005406110305597504,0.005842209195176626,0.0029445234882294782,-0.010573947411466694,0.004037942169239248,0.0032518574081705524,-0.003714689350876814
2024-01-29,0.00515925251475973,0.006331606228585941,0.013604078693157518,0.005222049708178591,0.0068189890796061785,0.003013411024862548,0.009638515105152172,0.00884141448447673,0.0063762539251692694,0.006758729125567619
2024-01-30,0.004447411144792599,0.0004655162444771602,-0.0021720259028166714,0.00555481489073787,0.002470398992949876,0.01188694655201843,-0.007453788656783601,-0.007126499765248163,-0.00038333424631769247,-0.009159996441752277
2024-01-31,-0.01276521781395428,-0.01150430077540237,-0.01869528989268432,-0.006783371787083452,-0.0011121782338087821,-0.012228266248753984,-0.021368284251397154,-0.04009119417644732,-0.0028797981126616997,-0.0071133507279022975
2024-02-01,0.01647215237324222,0.01686780511956978,0.01957037294525468,0.019528555005754754,0.012588773819549714,0.0009150044654108587,0.013738391763537734,0.008724614062855055,0.018666631017418795,0.017340648208838176
2024-02-02,-0.00570864674162825,0.006480220499331932,0.024658909439887654,-0.0024774982539255853,-0.0011841113670845933,0.0044542889585976915,0.013094450233620774,0.04586285295079027,-0.018218165157614586,-0.012717467313537989
2024-02-05,-0.025571325241873378,-0.005390416695130779,-0.013238265722494565,-0.00597137814029729,0.0030901076133055677,-0.0061607890419296185,0.005827074938651494,-0.008183778434635953,-0.020515851829976922,-0.020147534777420283
2024-02-06,0.01690824697760472,0.008869469919118227,0.0037074483359092916,0.0022753804073087493,0.010794463780843078,0.002821886516366824,-0.00481262632933043,-0.002074987955342845,0.0031011211692616777,0.014814415980627656
2024-02-07,0.008071327421284972,0.006416208098442733,0.0111873055428671,-0.0007663600302414759,0.0025898199469289716,0.006897319824221102,0.014235799630461897,0.009230266543044614,0.0005213543856646131,-0.00058503717642979
2024-02-08,-0.0018539481194684512,0.0005362308203217286,0.002921827417614081,-0.00035788778259975907,-0.0017257527043979932,-0.004948287831643841,0.0014276941715673547,0.0038880492790019424,-0.008308603255152435,0.005627267763656922
2024-02-09,0.0026364665790750822,0.0011624305834992802,0.009839307922784087,-0.008549659322502819,-0.0005481476807937835,0.0031783246569598656,0.014887690654862848,0.007331419787688918,0.004195622949037346,0.0028224851916613986
2024-02-12,0.007280948953916579,0.0012317831139759654,-0.0027618413052192515,0.006323012429793853,0.0009768854145800927,0.0041505505268672055,-0.0077661568025165885,-0.0018187113101996806,0.011383347254570512,-0.003695784821754277
2024-02-13,-0.01421171731906641,-0.010171963890648545,-0.019796334362096688,-0.009887676718199304,-0.0087243111227296,-0.012860997029919635,-0.01571015260014635,-0.013525368015607808,-0.017025300215911778,-0.01851705495854842
2024-02-14,0.00658729055286808,0.01657878797018346,0.010139172850607635,-0.0019296772743936795,0.008045355101087672,0.009572710894581879,0.01089142518512075,0.014071306593362384,0.005380285300238694,0.00701041089302675
2024-02-15,0.01860664533010507,0.006864016076255783,0.008827068828407617,0.005391174909097249,0.007005519423295667,0.016425107099277008,-0.004363525986762144,0.0007638136326504093,0.015324880121073681,0.023334741700703668
2024-02-16,0.00506408042724884,-0.006022187671751547,-0.004160576319518659,0.0016104203948187842,0.0028474750448796837,-0.002941539108093754,-0.007940561041212456,-0.01575812333693288,-0.0016445377211261798,-0.00995768330427956
2024-02-20,-0.0022578751588161238,-0.0035524407689836866,-0.01009867012412418,0.011226389293024186,-0.0040136832380670995,-0.0037119944213139335,-0.012751459417911577,-0.001108797173679675,-0.0013564574763064948,-0.0017871949586540253
2024-02-21,0.00570035149216752,0.004173311316886216,0.007203784716873287,0.002859995623400493,0.0026264032775824876,0.003119586569297706,-0.007665354202102236,0.0019579192971510917,0.013545823453012236,0.007170848937492007
2024-02-22,0.009576159648416573,0.012050421848613713,0.021625852680486203,0.0037247795365020647,0.011985072036656282,0.013177114682485213,0.04257104281595839,0.01596290715894599,-0.007777633569433948,0.0024338918206877557
2024-02-23,0.005778758083787512,0.004972707684083807,-0.003449890063394501,0.0030303355920255778,0.004438003364330034,0.0032635626438256363,-0.0026804498153300944,-0.0020724908489993775,0.007044125424010797,0.0009883056133901378
2024-02-26,-0.00588915120300546,-0.001132439001343116,0.002269382493024866,-0.0029039170394793215,-0.005062807910504459,-0.004644118893623353,0.00032772006716930493,-0.021113003349576383,-0.0212503824155141,-0.011467036552823528
2024-02-27,0.003508307217074069,0.0011521421008635548,0.0018827197255410853,-0.00016439354678894177,-0.002731380999675956,0.0026542810989960064,0.0006444367149195555,0.010207489990055803,0.018758611186250006,0.00037469704778671415
2024-02-28,0.002216259818512037,0.00294820223805792,0.003191184179952355,0.0008975066653063475,-0.00510245195323296,0.003542994565327033,-0.005520350352839756,-0.009241527038240077,0.003002052403115815,0.012737452575069743
2024-02-29,0.007890693417791701,0.0034188306651011715,0.008974323739297149,-0.002859579235002765,-0.00729065707689924,-8.953790567714535e-05,0.011664176864693367,0.011924061217328853,0.0004144969287812883,0.00842953480453848
2024-03-01,0.0038408948928272692,0.003553327411945062,0.0038369184819978344,-0.0003675777587847703,0.009666075808299352,-0.0021962323997255545,0.01763174122978512,0.0051244398819963064,-0.0071980734081849695,0.010780697761766512
2024-03-04,0.006973431860843041,0.0038321176106533993,-0.012818042171970412,0.001140195257259774,-0.0013281208069965667,0.0022708326972413297,0.002058062224274122,-0.015267449847051013,0.016336658151613535,0.010625789549509886
2024-03-05,-0.005275253663671665,-0.008305131655899295,-0.013184108463073448,0.0034379897762760467,-0.0079822473903632,0.0012527992887630124,-0.022096282497840958,-0.0077406754717534,-0.0026250875017950455,-0.012441490202930488
2024-03-06,0.007427633278254538,0.004950380362310822,-0.003910609419981356,0.007992885643664842,0.007070322477013015,0.0040457748960548105,0.009072051307673842,-0.0017200945329046684,0.009612844112884267,0.005477261520213168
2024-03-07,0.012163702651407957,0.008235398263990041,0.008655852751025412,0.004919724184268247,0.004885144400397017,-0.0014706505019117218,0.01873097521120596,0.018208293399673506,0.0060354892386520675,-0.00048206299370853533
2024-03-08,-0.005573741229780563,-0.002640805288398867,-0.004993069839639012,-0.008367938543022539,-0.0023691363780463893,0.001930713838255419,-0.018574616423428114,0.0,0.0020867824565688597,0.011267918408577961
2024-03-11,0.011274946456282848,-0.0052731472660017325,-0.0049350944831965116,0.005786220723237499,-0.0005285524728572779,0.0019419069934204143,-0.0037694393256946105,-0.0023178572206008774,0.005089494127294548,-0.004899122590125455
2024-03-12,-0.0005809136819918305,0.0045367535722387236,0.009880159965970869,0.006323956061519923,0.00479946972875464,0.0044621868952812215,0.025068563931913923,0.011681486775265867,-0.009986212915083502,-0.0036400915406266023
2024-03-13,0.00904613926685269,0.002429956223427853,-0.0010693213473244871,0.0012897194194072992,-0.004071340036462043,0.005703891946919828,-0.010856304595107528,0.0015642073542250056,0.006544341059230288,-0.006069494408585364
2024-03-14,-0.005565279869436415,-0.004350962502109171,-0.004357874976433827,-0.007813548316122444,-0.004300108389330729,-0.007149696291777912,-0.0011465114645227083,0.005473741102714847,-0.008140191576306702,-0.016217582897003393
2024-03-15,0.0007894466611906212,0.0008058033441721917,-0.011493838440848524,-0.0010997862940501364,-0.003513864435062387,-0.0005464126371508291,-0.01299659928196694,-0.011818534471580102,0.0011580854633674452,-0.0009018405958623095
2024-03-18,0.0016645420378394661,0.0016676081646337523,0.006168660250569884,0.008144653476376811,-0.00022483501029316313,0.0049511400781204785,0.005045376315028959,0.029128684208685796,0.0046185965806870965,-0.000164103956156096
2024-03-19,0.0002800209056413715,0.008210259812086666,0.00857822345622078,0.003516205393356173,0.006664321835984201,0.0048389850924244505,0.006359172644069118,-0.001706948868879247,0.009142994122279782,4.0997218860928506e-05
2024-03-20,0.009701301950198795,0.012062208658251621,0.014430959127043005,0.002333222902107146,-0.002330376783888384,0.012342860428415588,0.011460567721537552,0.012555604838669599,0.0012948849157714223,0.00384837313790018
2024-03-21,0.003995884114854236,0.009955892035964777,0.004618537352401293,0.0003945106709943267,0.0011481952911452918,0.008460002501716858,0.001363677304715433,-0.0017236491643913847,-0.002097384235459624,0.0043219409293166824
2024-03-22,-0.005921655388910092,-0.0034175698204257725,-0.006284771557505418,-0.005636391280478875,-0.0014369250154447836,-0.012194689409186521,0.004516687983632267,0.00848418138209269,0.0014501513684274186,-0.012486551198329993
2024-03-25,0.00026039603766501247,-0.006870611685489877,-0.0021445050503360644,-0.0026934075564609378,-0.0015807146212043057,-0.0028757539569643706,-0.005189225873944355,-0.003497118295028481,0.004583394748923766,-0.004169551164549024
2024-03-26,-0.0010943951251839565,-0.0036437587246838554,-0.0004620262229394535,0.00060881588181028,0.003394214095625503,0.00201968099635261,-0.007644844662530373,-0.0021393189172339163,-0.01145159998021483,-0.00451934491838544
2024-03-27,0.014288719929626485,0.015866322694695296,0.010977452458378213,0.009605081993380449,0.012946105519735627,0.012147743090537707,0.0012320211556269244,0.001122832834524982,0.027164002167054634,0.02389769752607381
2024-03-28,0.0026180394499691916,0.0006657829491387557,-0.0013723684127797578,0.0017085361356816524,0.0011200964808185884,0.005676882250470139,-0.0011142583259318656,-0.0030555651081870757,0.007524716679476755,0.006873978434096995
2024-04-01,-0.002549542871921794,-0.007905757137992363,-0.006090593751147747,-0.007693187265916401,-0.008809138335688957,-0.006264956700989225,0.002250736718520036,0.014457522815322765,-0.006467823157540807,-0.017889602042957798
2024-04-02,-0.004068771635963646,-0.005220023586586433,-0.012842251392704776,-0.0057467560681352175,-0.016336563700806345,-0.004457902262650647,-0.00970576750597895,0.000901059694402723,0.0016886728783368065,-0.011262710135549714
2024-04-03,0.006242328335240258,0.005125436570729381,0.002172431844321835,-0.01105213231809135,-0.0010058016601556397,-0.000821863208024903,0.0010672924358626334,0.0070415827100712815,-0.0041665617428493715,0.0005806694088270501
2024-04-04,-0.010189516595916156,-0.00860796962899242,-0.011650326378085872,-0.004768919548581414,-0.014097372514557246,-0.011752604161885642,-0.017388864873070703,-0.014028453626028158,-0.0019988609814962457,-0.007784063748416483
2024-04-05,0.009180311152211768,0.01417736701639181,0.009402436769536735,0.0021727509905073833,0.009047362387016967,0.008921387102959437,0.013744867979049953,0.015987036482722216,0.00351048571111473,0.006456350750612233
2024-04-08,0.00030807903567434613,-0.00214494177964486,0.007443831351873487,-0.0018061055639712292,-0.003825360431509626,0.0038691922945669885,-0.0031692397795009507,-0.00024025134198706361,0.006384102696700807,0.008146099861196444
2024-04-09,0.0026481725551017357,-0.0022344647167909333,0.004620120032304505,0.005131943827229861,0.003861228228948321,-0.005056060767170757,0.0015528114659380382,0.0010638762374285628,0.005507995327514661,0.012807792554317505
2024-04-10,-0.01561406168197931,-0.008407349130390885,-0.012002228016650202,-0.003452003160947024,-0.011537952319048002,-0.015102795472593362,-0.007449311789781663,-0.0022320077621297537,-0.017466169981259043,-0.04188983958371269
2024-04-11,-0.0010403600266222267,0.0010559674721800744,0.009314281549198559,-0.00279302566608665,-0.004921580346044167,-0.005839378913209332,0.023364628625297028,0.011348529835383394,-0.002067853441366694,0.00029670856499376165
2024-04-12,-0.017836833549420273,-0.010735247404374733,-0.016219213309381936,-0.009115510567546047,-0.015276203036227183,-0.014494165589879766,-0.0165377562282317,-0.014999271160887853,-0.007394129069570011,-0.01048152538871959
2024-04-15,-0.004939749694642033,-0.0072923410209301525,-0.016318004619191424,-0.004531353625171526,-0.0019229317140910579,-0.005114752653342345,-0.020100214666715584,-0.016384370710856105,-0.00914993166912463,-0.01789157216562197
2024-04-16,-0.0073929264023787095,-0.001967264325637094,-0.005188449916897157,0.0007181942143743858,0.0002165777632355899,-0.006248278570546774,0.002249176789276777,-0.0011931790906088455,-0.013648393310855909,-0.015423768073991314
2024-04-17,0.0021432683331512694,-0.005671316396928026,-0.005676819976582179,0.004540882565264981,-0.0017650354899785053,0.002031606488596982,-0.01724754949416803,-0.0011946044678506958,0.02061859743022511,-0.008002901530878717
2024-04-18,0.00032120328469699086,-0.003528006221610424,-0.007087974715640084,0.004126435800708419,0.00024172638605071182,0.003975374368610048,-0.008985828790602456,0.0065178258683452036,0.006128033485667193,0.00022318306889816848
2024-04-19,-0.0011064624169714655,-0.0019010691094335965,-0.011988883781349184,0.009449407411012151,0.0031740882893469,0.01338137240237125,-0.0312815894827157,-0.020537709124203652,0.01458595383089992,0.004008529683203635
2024-04-22,0.0009815864830092307,0.007456126001207702,0.006591174501639713,0.009323495461042082,0.0039026995739262086,0.011969938568771711,0.012680561282549538,0.004162683327492561,0.009527569390975009,0.007616390742756827
2024-04-23,-0.008383526641415997,0.01394139023878789,0.011761366881311035,0.0015454868380537059,0.012377615920538102,0.006801273276579103,0.01697445424422799,0.018433774418827285,0.004878392339479788,0.008652743979111
2024-04-24,0.0007732082054220992,-0.00793309104929975,0.004946036290879863,0.009210818774266117,-0.0025193618361957276,-0.0012570681619419105,0.00031330240416659174,-0.0005927840449411776,0.0059171770280885185,0.004102490899321043
2024-04-25,0.006878604498037964,0.0028605106572296714,-0.0019952786221586684,-0.0029164446227489343,-0.006258838985586994,-0.0050736545227319544,0.0015125973392101063,-0.04108073166047151,0.0026807800803796576,-0.005196415335072963
2024-04-26,0.006246423018385495,0.0017161029676158995,0.013080703769105083,-0.0018953487381971788,-7.971334039161943e-05,-0.00201604840836829,0.0183746544652273,0.045916898431397644,-0.011301917118304845,0.000700265503090515
2024-04-29,0.008409069419232305,0.0068833466682873875,0.020124798899369092,0.0029590946961051893,0.00331795718415749,-0.001887246969007585,0.003567640025213445,-0.020797161585794536,0.01382876032919796,0.010705025738840804
2024-04-30,-0.01825015950188811,-0.016543836183475196,-0.02691466223448591,-0.004174951506869466,-0.001112953541699397,-0.00962435602361349,-0.021881335364124236,-0.014995931050551518,-0.00579780392402291,-0.018611260122827378
2024-05-01,0.005004029385910906,-0.0020934701989742065,-0.00017597144358831067,-0.006126639919749618,0.002535892891709477,-0.0001639950022947306,-0.012669214484565447,0.008346916707444292,0.011387118974795291,0.0012339641721683175
2024-05-02,-0.005093591579395995,0.005608373561296805,0.015707761747457395,0.007925138582473222,-0.0011418738114043253,0.0023074625490134863,0.016274998405694928,0.011739171931097934,0.005035773047183147,0.013647887395508667
2024-05-03,0.009912894231448175,0.007012227629546637,0.0070984818117143895,0.003340245314746548,0.00225811213307519,0.003058375019946825,0.02966064637380757,0.01020794163729549,0.008528845189535728,0.00817779001844203
2024-05-06,0.006313533822448538,0.009998324465264604,0.01052699302590497,0.000790161111595308,0.0043916365141998615,0.011657388330545708,0.014727094341306445,0.013760337837507774,0.004538330689177811,-0.00021549788956949284
2024-05-07,0.011602961228244845,0.0024459501115069566,-0.005591887835321945,0.010801612313745075,0.008081887048999878,0.0032036575904911034,-0.005306639607967713,0.005629613272538552,0.011114691363222252,0.010589827672385236
2024-05-08,-0.004453473363089505,0.0002756697772001894,-0.004068499590475152,-0.002750697131138806,-0.0033530112640604106,0.003964688163253238,0.0023367092140738985,-0.0016787572923932833,0.010431773478337087,-0.009082382430551688
2024-05-09,0.010724477019234404,0.009204168880772152,0.006844431465905387,0.007573649478710308,0.007888168424699327,0.0068429334875297326,-0.0025383150868045785,0.0038328480239103097,0.01505965497493742,0.022847662187194768
2024-05-10,0.0012807202259739903,0.0007906156487805588,-0.00606787847722385,0.006334209020000361,0.0022149966827874857,0.004555186817980805,0.004761287453656263,-0.0015040250989907518,-0.0016314636555055646,-0.004004123110217911
2024-05-13,-0.0007785880557606531,-0.0045263616440475675,-0.0021730461448022614,-0.0027564162752948293,-0.0009572324118286591,-0.004136309877255906,0.0047808108906518204,-0.0017460562627422053,-0.00013834196585047032,0.0029098700191045627
2024-05-14,0.0007785880557606967,-2.8382407016971705e-05,0.004375769819250283,-0.0022300932337342076,0.004342144462579316,0.004797717164886355,0.009306111211467693,0.004751847765933822,0.002073628361166278,0.006882394799944816
2024-05-15,0.0016071073513097846,0.006275138848721885,-4.11670386958866e-05,0.00021836881691221578,0.014278393742828872,0.007160789638897418,0.02266926160704813,0.009064936522122927,0.013960530068882012,0.01671370697025148
2024-05-16,-0.0073481147429122675,-0.006539849351716348,-0.007568652543880179,0.014715040298110467,-0.0010404688759989645,-0.0002426022548820182,-0.003380451186863637,-0.00016906360003491613,-0.003656401021637463,-0.0014817281757234877
2024-05-17,0.00846977601867259,0.0012094347523160366,0.004857438943387321,-0.0025613594475312417,0.0015925539575833195,0.006062277012024253,-0.004794497628690704,0.004923202500897793,0.00010936376120463153,-8.24001019436467e-05
2024-05-20,0.0014822766233148477,0.0016888678122049703,-0.007222354030790111,-0.006854463330459542,-0.00295799904605619,-0.012190280384820309,0.01315848337719293,0.0033915284754982952,-0.002134293933825116,-0.006820014915531678
2024-05-21,-0.00013781555223533424,-0.003323786298957723,0.004862015838272177,0.0059552419875941965,0.0017711414382194503,0.005628240194364639,0.003079701222564966,0.0004692651851667997,0.009677153797957975,-0.000539338658555255
2024-05-22,-0.009901297456191144,0.0015310563303001059,-0.008510193693655061,-0.002594252150021521,0.002032032587719747,-0.004967791986557376,0.0007041294883579135,-0.0025833803204330487,-0.011898364697393525,-0.00862699746327078
2024-05-23,-0.008823694088983581,-0.012238151919537537,-0.015298563258412277,-0.01206258970944,-0.010859906268520838,-0.015213626087082788,0.005612685654294148,-0.011589807796748161,-0.017195317820030673,-0.02183475913353805
2024-05-24,0.00871931783020855,0.0054819732126230565,0.007478993185520052,0.0022857490348388767,-0.0031544147898240125,0.00679661155222993,0.01123833704487707,0.012798420816745652,0.009866038037355576,0.00017107963727023342
2024-05-28,-0.0039919830422602085,-0.012697113469387471,-0.0009177563653536851,-0.008476140679764542,-0.0125552669849575,-0.011075385123204207,0.013676318183232344,0.0046531663840680935,-0.0011898466037364292,-0.006307484643212177
2024-05-29,-0.01430267930587898,-0.014334341225618446,-0.005602163255891386,-0.007573152977160789,-0.008015165782849786,-0.008480073795585514,-0.003578960707592831,-0.005626725217765838,-0.013267034954068358,-0.00929760478247926
2024-05-30,0.008258226153785792,0.007008626974693076,0.0018380978572443579,0.002551298037254548,0.0007285236128552182,0.00603312155779865,-0.02481382359640941,-0.010670022170985274,0.013986601123646289,0.015006084643587365
2024-05-31,0.010871247478641367,0.011534471266001397,0.0015466367345214397,0.014469055023759692,0.013970090224264353,0.014043313184580151,-1.2599664498780068e-05,0.005585649230278183,0.016573321026561987,0.01844643064751206
2024-06-03,-0.006102682981004934,-0.012437037373837181,0.0014180354379341323,-3.6359762750207276e-05,0.007352224729697037,-0.0060214839569366786,0.00977781297374671,0.004849318754407253,-0.012707317988184738,-0.003535639390794196
2024-06-04,-0.012265182207921582,-0.0023231214800101463,0.0017241593050418575,0.009287004435173767,0.00332151219291443,-0.004404807963169627,0.00410748937317195,0.0032867632778558926,-0.00022047623713409008,0.00944254436159979
2024-06-05,0.007162667841391907,0.009983146218275445,0.0066446027273104604,-0.0021901947431915278,0.004301408253433706,0.002219428747116571,0.02641485534764975,0.01502144983165684,-0.0058613762403511285,-0.0014211519282204565
2024-06-06,0.0008435099757875427,-0.006001228917174793,0.009664358830135729,0.0035356152125424287,0.0032669186758344723,2.919831226836614e-05,-0.0046947987434830234,0.0021087494033864475,-0.010368856106805656,0.001922238156502082
2024-06-07,-0.010133105676738448,0.0010075751099638372,-0.004266795313066104,-0.006020415218898607,0.0010572009754168297,0.0034941629167601707,0.0019853452702237756,-0.008163314755945806,-0.010930623717029781,-0.008679448359239653
2024-06-10,-0.0010651085667669762,0.0029296754183421882,0.0051001428107298775,-0.0021883536635315896,0.00298952601354925,-0.0039463872980965015,0.0028786319727402295,0.00605456535255958,0.0126662355828425,0.00445396565596307
2024-06-11,-0.0005685582668632597,-0.005411533932414017,-0.0021638716384564972,-0.0009929974728610901,-0.003465110221434178,-0.012184781763855575,0.016425219908766057,0.005263609150678082,-0.006369328022543521,-0.0027288967420995135
2024-06-12,0.0021835468001065676,0.00921782156503041,0.008408599580579986,-0.01004568536013876,-0.002034194885608841,0.0008711005635651073,0.024335481702242603,0.0017375020334753429,-0.006721873626691594,0.006829131425784088
2024-06-13,-0.0001950596442719552,-0.006445468587869962,-0.0020475394933167465,0.0010518927460086253,-0.00042388070782154266,-0.0019941886820212733,0.013523631656325742,-0.009874998352214974,0.0023210610901031824,0.004831747375988894
2024-06-14,-0.009409093985016447,-0.010402074342822885,-0.006643972027019009,7.334485639274129e-05,-0.001066208385120985,-0.002946981939461325,0.005098003044003817,0.005574912598620759,-0.0025761274431182657,-0.001538664939490716
2024-06-17,0.006922920863304022,0.010702053072457208,0.014244627707487013,0.00985294014163268,-0.0020178090661554424,0.008064830662647736,0.01177060603382165,0.0038742683770208127,-0.01143165583931175,-0.007016076795588335
2024-06-18,-0.0011742918976880754,0.005500953048585975,-0.004233725639219298,0.0008710974339632033,0.0011569373228197237,0.006349811317349269,0.006085497278448078,-0.00776350432598255,0.00017200641943074235,0.00363946572469623
2024-06-20,0.0010676049195140495,0.0005483759243131375,0.004532977006537692,-0.0021186576976235253,0.003650727766270044,0.0055540678944574345,-0.01608967883573031,0.004941372592594782,0.008875800877310736,-0.0025504377660043546
2024-06-21,0.0007643566922135813,-0.0013956669153066452,0.01010280687892503,0.00025450267773827304,0.0029930686208858646,-0.0031450269620545788,-0.008418137946823966,0.0065834204322448115,-0.005384593349694144,0.002717488058342244
2024-06-24,0.0055639538825898805,0.003605616972532137,-0.0074199422098483285,0.009934363591696206,0.005481646162778085,0.009492145381231738,-0.020927490671712495,0.0019242258512013489,0.012406283207952968,0.006989513691720936
2024-06-25,-0.012929722744193982,-0.00845279577098973,-0.0028188618198222754,-0.006499263969169893,-0.0030643806326629015,-0.008297043156054158,0.017766638295150492,0.018337859066449833,-0.009838612085714783,-0.014238549207268025
2024-06-26,-0.0005193225929583252,-0.0024130044644266246,0.019633779702194983,-0.0004468621169348073,-0.0035664658544797595,-0.004715756190074896,0.0037087590710359435,0.0009912151715132998,-0.0038540269187606535,-0.0013045115817164514
2024-06-27,-0.0031570312095291118,0.0004558861012620397,0.008937378942846012,-0.0050016210598215335,-0.0016969395483058332,-0.002461601068252078,-0.0006419789023541323,0.007704388251044505,0.0014577333262096562,0.009221278358881308
2024-06-28,-0.00016176024129764294,0.0008045757705284026,-0.013731079322347463,-0.00463636740079127,-0.0007642940577416982,0.0038362958980876194,-0.004303059209884001,-0.016402998592391912,-0.010883899943904348,0.006197401645065739
2024-07-01,-0.01557433761189023,-0.01104958777808651,0.007298306495113293,-0.00675557391759332,-0.005614585318347295,0.0021897498985288372,0.012912985689732663,0.0009666424562340871,-0.006895705511484579,-0.00995945061060548
2024-07-02,0.0015866126817210436,0.005471839178304452,0.017914931994211913,0.0061943927177459815,-0.003958625817781618,0.010978374446521336,0.005338761911634636,0.008370984542740843,0.004380504067491354,0.004012404886967688
2024-07-03,0.008112440319379445,0.0040164064851784965,0.0031774507011216443,-0.0011723026264603043,-0.007306355366553357,-0.0010823214418209065,0.014653370389007625,0.0019463172141417466,0.00626187228181993,-0.0003755255547761643
2024-07-05,0.0012825658982132048,-0.004016406485178584,0.008439258221751853,0.012023638259439879,0.007235102320826959,-0.002848535728134543,0.004851856739282036,0.02704484271851128,0.0018680406434187272,0.0032078861228582935
2024-07-08,0.002812176294377651,0.001285513920699097,-5.1648528385196685e-05,-0.002127003580153603,-0.00095649992601193,-0.0015215343161148604,0.007216348760348174,-0.010103270354916727,0.0007175557515038741,0.0017039117353012537
2024-07-09,-0.010204750525474232,-0.004545451276589615,0.0025741304871054935,-0.0023619201526412863,0.004276364485379118,0.006461519964663325,0.0003766153016016063,0.00040736641431403327,0.002779255466893726,0.0006641636526454112
2024-07-10,0.01327820466718952,0.008953958045504504,0.006518545688475057,0.004488923732794829,0.009729926266297335,0.004184097893501028,0.016122441363909498,0.006868530494776578,0.009397727858341953,0.0072766455234460625
2024-07-11,0.014113431543680059,0.012565143409963382,-0.014851984179843559,-0.003482897217466043,0.007189217762365593,0.00842998075520818,-0.027785240102249923,-0.025972180579243165,0.0181450979910937,0.02626383428825615
2024-07-12,0.009246849088249852,0.005286813471971384,0.009589037424999605,0.004231096249438222,0.005860275730615623,0.0022171031818010462,0.009176430662266612,-0.0075324685806830785,0.007238630289492208,0.006838214471487446
2024-07-15,-0.0030024901828810007,0.006980618374335809,-0.0030742709135825543,-0.006062066300774084,-0.004296089470678389,0.014068629203302358,0.004059135629058638,0.0031481265213737487,-0.024193922088639304,0.0040170861426383625
2024-07-16,0.019382586566620744,0.025051443533274775,0.014953438271979213,0.009422051626589864,0.014352135679198118,0.012160136253006033,-0.003840623090870716,-0.006403023094629988,0.007699210119958346,0.010267460366296543
2024-07-17,-0.0020026129692843346,-0.013044733493275503,-0.01811488740482315,0.014217623100093762,0.0048221992854367325,0.008496251251197452,-0.03790550095504151,-0.021105611076152293,0.0003650811536054217,0.008021752047560527
2024-07-18,-0.01023104862957892,-0.007357993599527805,-0.012884332660001498,-0.004823979130409197,-0.023197240082302967,-0.012917453100952424,-0.0022576310186713227,-0.0029052625902578244,-0.0006460761005036113,-0.008139618497096095
2024-07-19,-0.008767986438925497,-0.0060107235173978615,-0.008054456514044314,-0.0037947000279856466,0.004986942776539449,-0.010079338499707878,-0.012792231393409471,-0.0019195699659634035,0.0010953227031825431,-0.0012188075074440158
2024-07-22,0.0033584043888877035,0.010647417022390799,0.008677365113826815,-0.00035872122654967593,0.005660731954718711,0.0063498184732051184,0.019444727896820065,0.011986098317692363,0.008664371712819743,0.009748115864745797
2024-07-23,0.003802063128434421,-0.002071704342149122,0.0001573066921237411,-0.003174464022568695,-0.0003405728527439779,0.0007804518110340849,-0.001276207118508436,-0.0022610807794290516,-0.006561262485838439,-0.0017156771582206981
2024-07-24,-0.012688620915927387,-0.02189525105276796,-0.039716881384333866,0.00038387214710221826,0.008113731453079105,-0.0119544943706746,-0.042267571258265725,-0.038286868137293664,0.011502556720546075,-0.013515792845129585
2024-07-25,0.0025471003880564187,0.007558127604545166,-0.004257740677811493,-0.00029988065765346287,-0.00573201305717156,0.002801719710954218,-0.011493028103852857,-0.01878665033114375,-0.008816953603114663,-0.005712497409021201
2024-07-26,0.016625717246976257,0.01706405942801997,0.011657013395693474,0.008886190172320027,0.0056690215631346585,0.014751412877641494,0.010856537524611657,0.009024438904606297,0.009841005739182089,0.016571029245471887
2024-07-29,0.0017359307283259188,-0.0015733235669017516,0.014075788084300454,0.0007013484103712539,0.0009216849757061277,-0.002135769942261044,-0.0033537293497091325,0.008636764708248838,0.0044439435457608225,0.006163534441900241
2024-07-30,-0.0035793090929395308,0.002742394782884546,-0.005501899920612595,-0.006628617246428094,0.0010751917885596864,0.011813874624213619,-0.022231794789023804,0.0016025958797150728,0.0054381756386719755,0.007554736928853201
2024-07-31,0.01040694705210754,0.011237242954722388,0.017721959464356677,-0.001975640074447427,-0.003894423089315949,-0.0019089287626895411,0.03877371824218124,0.01279637861335937,0.012413127780344483,-0.0029376921545483294
2024-08-01,-0.0034684977071865212,-0.01844164515369624,-0.022802110798001575,0.010847559111568972,0.010508787175653947,-0.013897349119873866,-0.0341946023394467,0.008907712672780062,0.01836186187487452,0.01570853944925165
2024-08-02,-0.019039172229009957,-0.022247778900957502,-0.04722601353880976,0.008594042044544165,-0.00209747008771574,-0.02453792680957759,-0.02010952369913209,-0.01942403480185726,0.0013802776743472712,0.0008759993153245964
2024-08-05,-0.023098140842261045,-0.017391437595935092,-0.031210188294938667,-0.019573429867060947,-0.027312977277675798,-0.02948590256820868,-0.03857011611896206,-0.03409140982731337,-0.02726418963798262,-0.02995103672443723
2024-08-06,0.005573705728589787,0.011705284338712364,0.010386810695646682,0.005463033429676908,0.0048360784634085335,0.014489171856638451,0.011046064318877042,0.01216536187146885,0.008198155181507452,0.02269080644355793
2024-08-07,-0.014047552091304457,-0.005290395382007828,-0.014517751453242404,0.00046484824306028996,-0.010754053218632483,0.0006668434958803756,-0.013712178844989263,-0.0037596179942462307,0.0054731097446380685,-0.008047621735779413
2024-08-08,0.015659979302726723,0.02270001178745362,0.021103156009488307,0.00883816627419609,0.02238931551297745,0.01609972078223493,0.032521532879006686,0.023848443084240976,0.0015313521183795706,0.008852633983418269
2024-08-09,-0.0009850145993427978,0.00019022134598669033,0.004052003991490849,0.0018880385062772364,0.004574146219014719,0.0036863946316641463,0.006391193489832607,0.009658880990469021,0.002600715305980541,0.004892971627732546
2024-08-12,-0.00432778979358147,-0.004968289132455257,-0.0036145268208521244,-0.0050228496471868105,-0.003912838244874108,-0.004942037809440075,0.009200047472025063,-0.00625913626555038,0.0016320843458991754,-0.006465343252043037
2024-08-13,0.010259145306053798,0.010650086415431295,0.02393981846622992,0.004562961956752026,0.012215343328271799,0.008445110721581,0.02952809641548547,0.014655773500096675,0.005199338990822693,0.007075299305374179
2024-08-14,1.7721129114617027e-05,0.004162595054006876,-0.004082802929616254,0.00453048352663051,0.004464827154451017,0.012773012943741065,0.006064920706117169,-0.009138931716316029,-0.0009578155134932786,0.003917616427146272
2024-08-15,0.014939262375397507,0.013072910331128415,0.03320471757323201,0.009837383805665031,0.005952263781544505,0.009169243803699597,0.025067150304582654,0.008670632056623976,-0.00021302670567732897,-0.0034222936706476462
2024-08-16,0.0011751138010866438,-0.001935599649161537,0.0013794288648635291,0.001951256925106579,0.00032024942003442455,0.0061994802723059714,0.0025700517657393173,0.002039028481533074,0.003959404000820547,-0.00038100467217775394
2024-08-19,0.005035141573902073,0.00585121503644009,0.011296337400201114,0.0032089965343897646,0.006233413903184627,0.0060655082447776424,0.014335804183668355,0.014289975766822926,0.005922940237385834,0.006419174945366325
2024-08-20,-0.0038439899533115754,-0.0028563091751274325,-0.00018131181772387963,0.005306309106842361,0.003683647822206739,-0.003302625473174419,-0.003192952714795706,0.0002633787266689665,-0.00248126632026075,0.0006056157034366812
2024-08-21,0.011453486485128898,0.006120007562272096,0.011690033661324352,0.00620486477137994,0.0022559023839895673,-0.0013736077029423246,0.0046100388314862135,0.0017427581798549726,0.007372965119048569,0.003248901075928828
2024-08-22,-0.0024259025010930774,-0.0017831165588805733,-0.018887933653418138,-0.001132576020409108,-0.00022759761801718317,0.004744621077496951,-0.021572697190729663,-0.00930794360090536,-0.0017067955986834564,0.005566361753141738
2024-08-23,0.01340746677770725,0.010340011108170283,0.016854806487464614,0.0023095978144413148,0.00517705625136944,0.009069971329575733,0.016460843788381436,0.0049948328491284475,0.002939084800136806,0.019830559866704844
2024-08-26,0.0038783581296259026,-0.0012820972477768486,-0.008106817405470004,0.007180396391868402,-0.0011548847537280632,0.0031267546432797856,-0.011243543172543604,-0.00023102058733833565,0.006034573303323869,-0.001214101124094238
2024-08-27,-0.0001193839146113391,0.0001465255386007986,-0.004718017330141276,0.002219932437570244,0.0010278661762137763,0.004840049056619634,0.0063218353982597295,-0.0043659768373729,-0.007424358638460639,0.0025002501267156964
2024-08-28,-0.003844548505540858,-0.0004398648258492326,-0.01051038644689052,-0.00410388972509657,0.001186832746016335,0.0030348755861112292,-0.013061892946464905,-0.008388269107222582,-5.245083746173288e-05,-0.003531591238544109
2024-08-29,0.005565545336066552,0.006960390008759716,0.002006272035148782,-0.004725584637074129,0.0021217079713462413,0.008438540599668191,-0.007469771809626939,-0.002175093741171273,0.005443231881713575,-0.004025028258436333
2024-08-30,0.010179902212572834,0.011044100851470472,0.01905849634608517,0.0073575818483472945,0.007251400805614119,0.009395877538441707,0.010573290190873162,0.008140712731835647,0.006088368360240177,0.009720910604775077
2024-09-03,-0.02320310859135605,-0.022920470123284378,-0.014002755946733836,0.007585064813098662,-0.002150153968514752,-0.00713810428557246,-0.04529799188809784,-0.023704625897887365,-0.001323824048082701,0.002671441355856915
2024-09-04,-0.00477180996936634,0.0011323442452704532,-0.0005477458530220667,0.005147934935176394,-0.001414136864973895,0.0008751335302984936,-0.004102731529197448,-0.0038180830836376796,0.008457611318921693,0.0025184881494510728
2024-09-05,-0.008056358980018547,-0.011903015990543747,0.013997022275641495,-0.00405784125491981,-0.013996111591305574,-0.01040558555269788,0.00045692975564254774,0.005144235190874653,-0.00273378615942675,-0.003688661694285927
2024-09-06,-0.013596870282579585,-0.010793839825934303,-0.028467214402737875,-0.003138706317705321,-0.00401836451320012,-0.01582102505265847,-0.024318546811018867,-0.029413372902434367,-0.009418990446935747,3.662354988457403e-05
2024-09-09,0.009868681765624856,0.015494277224845757,0.016166437342139645,0.008158202487444928,0.007344560026941348,0.013890570937307152,0.01412553702432012,0.000419827569362029,0.009754681844733878,0.011459023685607975
2024-09-10,0.0007011243580297165,0.0017500382409270361,0.013833652746001696,4.4678669820350317e-05,0.004452775843991698,-0.00980334931727041,0.012265095687110211,0.001013927315739197,0.004404987841351436,0.017497147177548782
2024-09-11,0.0026775696612389576,0.002125469084853213,0.013132344477048958,-0.008867921239484313,-0.0024922081686147876,-0.003923962956834078,0.03196773054044381,0.01029034410071463,0.0034127975398809407,-0.002312940717306872
2024-09-12,0.009012192049970143,0.00721151640662433,0.011416801463074881,0.005576895306448024,0.0031046290981213494,0.0012371920086399226,0.00819314540299622,0.01989552325226264,0.0016636440366885779,0.001032519901886822
2024-09-13,0.008880252770080331,0.009777348526792911,0.0050750357163479014,0.006092174733631331,0.001912098818115512,0.0034182304731681288,0.004171871572614909,0.010187266529559601,0.01396741691408812,0.005855008120536943
2024-09-16,0.008955164783738482,0.005295473596499099,-0.0031988834475922536,0.002915545840746495,0.005900596537865297,0.012126757570269268,-0.009582465395427588,0.008887771832614808,0.00733693431056178,0.002120505427223095
2024-09-17,0.0015980188427782121,0.0051777893773321,0.006149017622932935,-0.00935536254853862,-0.010192820034622074,0.005097364028845434,-0.0009353269480229175,0.004050071060830988,-0.0008265201688120976,-0.008473819594564724
2024-09-18,-0.0038293029871466493,-0.000862568372588266,-0.0018839548039147212,-0.004429016623698744,-0.0015990511500018523,-0.0027589630969143985,-0.005101635101841097,0.00019875297234482137,-0.007696402554334829,-0.002959750755043781
2024-09-19,0.014759616525926786,0.017359641503550727,0.021732699044832295,-0.00577358672219089,0.003455074955718918,0.011650295147529195,0.03036459733495858,0.0186718989485135,-0.00574791478352712,-0.0023239393176805335
2024-09-20,-0.00640517952189897,-0.006923807749544332,-0.00014534246846101582,0.004183836376442196,-0.003405255995578965,-0.0029329827331318965,-0.005045664415269579,0.004508869996369026,0.026512494362203324,-0.0016120001433211097
2024-09-23,0.008637370751302347,0.006588031342194588,0.012929469762954234,0.005648541538880059,-0.0025060554546001428,0.001005051411876514,-0.0007648460924134896,-0.0014575060471209566,0.009671880085141398,0.011194755113773562
2024-09-24,0.01343823210785624,0.006992491200468912,0.007595175094740029,-0.003822206696590247,-0.0022229888274693894,-0.00922866507200163,0.007899678241226282,0.003946441115708406,-0.007596738275174642,-0.0006383398273360263
2024-09-25,-0.00603903062796992,-0.004591576747577301,-0.0037593459868622277,-0.0003379458678641809,-0.009413340691679255,-0.006007698596991274,0.004939238717759393,-0.00038746849347023643,0.005390058657932394,-0.004016872162578139
2024-09-26,0.019494915063750465,0.004942576970596138,0.001354020376454186,-0.0004508180869948234,0.003218550462004761,0.0054071978902192775,0.008819937878895493,0.003095650639534255,-0.007242665844415676,-0.010491145286129405
2024-09-27,-0.0022873983434301137,0.001499012728127012,-0.0007637092658209643,-0.00014655620804266447,-0.0003919936694175223,0.0034910961602708517,-0.009621322737932907,0.004914010949221239,0.010061452985138919,0.0018699265023199383
2024-09-30,-0.006004600509602673,0.004788968975002214,-0.0028053186539398448,0.0008790152404512443,0.006085916065316401,0.0031475110735745657,0.005748059326546357,0.00791429642051619,0.004225574512117768,0.007587706996236816
2024-10-01,-0.0032139995319397274,-0.00010472291857868095,-0.0050957964631423895,-0.002684449677942102,-0.005067120255235353,-0.005478002331913367,-0.026930157218666786,0.0039654266437514326,0.008035285633856918,-0.006582253077890437
2024-10-02,-0.0032905755453419183,-0.001954924030617295,-0.007799966205388221,-0.007846428815635851,-0.002044173815226241,0.0009595306494963661,0.0058451610869386045,-0.004378750703553028,0.0005075997138339959,-0.0037396971996831877
2024-10-03,-0.011577983460710893,-0.004921670817537882,-0.012834056859326377,-0.008459278352559683,-0.009072557949305287,-0.004525669232291892,0.00601180141841902,0.0023503702948776102,-0.00024163283727838812,-0.009810890694405135
2024-10-04,0.0041301828358331375,0.00624866591657058,0.01606575226795402,0.0022475079329575807,0.0007973750761809523,0.01624475382750142,0.009861729638346167,0.011920667456770267,-0.001669273586360122,-0.006496843083593373
2024-10-07,-0.001720256737932705,-0.0028831168233874873,-0.01938196602112837,-0.01103374977949406,-0.004878962414100152,-0.01247861335630794,-0.006850922950466743,-0.01991542021558896,-0.02349359323003244,-0.007350542217607609
2024-10-08,-0.003684191104350276,0.0021587735919644064,0.010322031715455576,0.006706202575015137,0.00541014681324573,0.005662512105097551,0.020956042403479036,0.010656086793261738,0.0005699145622752877,0.002799610485906314
2024-10-09,0.006355047576524506,0.009168611945643097,0.007240626764276937,0.007792203347602854,0.010179698610455899,0.008644334721985458,0.010088305822306898,-0.0054570435579138635,-0.008883657172188409,0.000257488725347142
2024-10-10,0.0020983384441267657,-0.005421525246011551,-0.002574041263283939,-0.005367837328667072,-0.003529473237161258,-0.003224657760170449,0.0008441058276008665,-0.006126907318040936,-0.0031041687693330834,-0.00890242312227162
2024-10-11,0.006995870397530027,0.017725111344336086,-0.004101882257051194,0.005185147820891131,0.007308476490560652,0.019322995813404797,-0.00034508162272914924,0.006858389778846636,0.00886147920699924,0.010519135184616632
2024-10-14,0.005272468814883365,0.005691997710925126,0.002401168760874179,0.004169844741809804,0.0051015713096500635,0.005801976231615343,0.013554713355177094,0.005231693608343043,0.012815395500546983,0.006806041548656796
2024-10-15,-0.0003451895770573222,-0.00746237080924947,0.0020228408657178266,0.006425623638589736,-0.012511104486691847,0.00258072546444354,-0.018047712343862012,-0.00025298596690218023,0.004455458832511081,0.01225054223932132
2024-10-16,0.00826726345593717,0.007649255449079078,0.0031965995043364073,-0.002125981699500138,0.0027800931561948886,0.012171399366858345,0.0035884158019321923,-0.0037079173336047226,0.02014265878711604,0.010071580303063505
2024-10-17,0.001189406783433936,-0.0025092604850137108,1.260207585395236e-05,-0.004083647850090673,-0.005860674638616706,0.0032251162553138934,0.004181745700554676,-0.006913553336238463,-0.009307600116850832,-0.006834771555101684
2024-10-18,0.0046626112923933635,0.0026111922686816343,0.004509553425008617,0.0017602800419667796,0.004807827981219852,0.0002019760912949411,0.004794251421240423,0.00910191930823286,0.005542093511090678,0.007298288383022345
2024-10-21,-0.008055359242223266,-0.0035228207002979952,-0.00643759532437008,-0.008134588944310284,-0.011966864209079442,-0.008838075898709207,0.009261605508023987,-0.0006972213801621802,-0.00358675493445434,-0.02103671021145176
2024-10-22,-0.008648149022970173,-0.011928054751466079,-0.0027347159223823554,0.009189271565642594,-0.0015720127934247,-0.0011597299246089673,0.001509063019166332,0.0035444043302752214,-0.003962828973019394,0.0015640934473452792
2024-10-23,-0.0035166911621816056,-0.002954552732990243,-0.018362503034194042,-0.0012249259921910877,-0.00462246663520423,-0.0012375944279601012,-0.016964273515451055,-0.013741037527431194,0.01009343694931156,0.010161540856113893
2024-10-24,-0.014275617760396762,-0.007111280987328986,0.03188680950377153,-0.0021699194200237946,-0.006778658319152045,0.0007529252153235765,0.002131655213751072,0.0024310790469339594,-0.007119843940904173,0.002156434460116505
2024-10-25,-0.00639569264523754,-0.0025389548739162895,0.004836246588869012,-0.007649326319276783,-0.005310657811619212,-0.010516169071176138,0.005865136553189338,0.007099601673027893,-0.01468757184483453,-0.007604108444358888
2024-10-28,0.007937968758829336,0.0026871161402269484,0.0012224493122336825,0.001145409911588631,0.0012812724012464848,0.011306807788541642,-0.000719182143106848,0.006955048762208877,0.007832630732809964,0.0027817134945303783
2024-10-29,-0.006706173119028742,-0.0013688539280641043,-0.001998902322987503,-0.009650925062346234,-0.0028823151564782105,-0.006111807034241511,0.011099684892882685,0.01547407866491915,-0.021546335996017504,-0.009460248624503944
2024-10-30,0.0037200477256720712,-0.0019124211038849927,0.00011180392303841454,-0.0026387926364018085,-0.0018817404409098586,0.00418509769131319,-0.013465851066147045,0.009877575740854464,-0.0023621285093332013,0.003889172823017796
2024-10-31,-0.015321992520098708,-0.01136665304827586,-0.01830952793982238,-0.0013684408357152382,-0.008146684567818138,-0.012285069376945913,-0.03635112763966976,-0.01647557401107716,0.01037639482419575,-0.017418508990632953
2024-11-01,-0.0019126258170116056,0.0016430680007438394,0.02375003356476259,-0.0006617104872368936,0.005924596546754161,0.0011243288289329509,0.006101287524341168,-0.0006872031916677148,-0.02282567912256841,-0.010986642599932922
2024-11-04,0.004723635801713602,-0.0014485022548486708,-0.006105520867978405,0.0027831873131400984,-0.006854017995152957,-0.007089741434913213,-0.0011679980155508978,-0.009229103880379706,-0.012223358093554817,0.011245034189203914
2024-11-05,0.00197160726259263,0.01652478775716947,0.018102107875293257,0.006878148396353589,0.007475283357208594,0.009798235654696168,0.014488987824335603,0.009885050484814292,0.014665303401824294,0.013562307827031987
2024-11-06,0.011899355933786424,0.038579784981825835,0.03557402803532669,-0.015846739420174703,0.0015254765097425802,0.05979535168549941,0.024923904966736545,0.023515959129757975,-0.009829104278651512,-0.026712603515966427
2024-11-07,0.005037641704507448,-0.006041361986052029,0.01365364115825781,0.0036971868902021606,0.0064012537110377235,-0.016305021057900305,0.01816964025977005,0.01903328782870074,0.0015223947112675143,0.011820793376824085
2024-11-08,-0.009156872836452615,0.010023734197446395,0.01220154076784611,0.014378262939955835,0.0069898558745612694,0.007653528961398708,-0.003436330983918719,-0.006665694100534041,0.017741380883995014,0.016492348604451663
2024-11-11,-0.005168751778571003,0.007933928025353169,0.017395765887660328,-0.005361850507538435,-0.005942250000604307,0.014011943108309772,-0.008939582435905058,0.004478689258333708,0.0030092949202274177,-0.008065559093249621
2024-11-12,-0.01582339189431383,-0.008700816668069409,-0.011025093507792988,0.0009456022548822517,-0.013494806321141415,-0.0032031265110284667,0.0045058684630196345,0.005115472375121101,-0.011363302212434041,-0.012982365052117638
2024-11-13,0.001993871757199667,0.0021406683919594446,0.011380549521960237,0.002762422313186657,-0.0030249918685107363,0.000629365505130163,-0.0031149761442722168,-0.005685476879362404,-0.002414179022498425,0.0072495932639941455
2024-11-14,-0.0069958026610307785,-0.017009852631207103,-0.015474202220359544,-0.00220934109735709,-0.015495619183005948,-0.0026168290922673042,0.0004705023614041598,-0.006593537304451684,-0.0038342941398220127,-0.009367832305095665
2024-11-15,-0.007898708161466603,-0.006035788807997483,-0.01371743183287235,-0.008317237443331923,-0.019003267768691986,0.005311231566231255,-0.025193581867473395,-0.018659632522333443,0.014552614882520923,0.0016355147808172785
2024-11-18,0.0073278973935909575,-0.001678778683088088,0.008444294050020052,0.006587771546990921,1.204578032069762e-05,0.0022538625072227774,0.0020880069120609575,0.010379012875678368,0.007197653321463791,0.00839544498710104
2024-11-19,-0.0028414779015780685,-0.0006227944633875667,0.004235672111777826,0.0033639225231843653,-0.0047939883062958774,-0.006425462199679498,0.012157958911788813,0.010272302611680892,0.006605947644905004,0.004483163600467349
2024-11-20,0.00717472845071126,0.0009553827638318777,-0.005745764698852012,-0.0018302928539576358,0.01174989490007391,-0.002766416358047862,-0.0022723930393540462,0.000723324476670403,0.0007613000355851578,-0.001834930302798728
2024-11-21,0.01193532987720971,0.012194510476946774,-0.003015531842770018,0.01229874537156784,0.008280094818480846,0.012641167352282033,0.005571423344273931,-0.017443072377149205,0.01735196727270647,0.006407579408160882
2024-11-22,0.005449272190778151,0.013494559698632358,0.011756216772625077,0.010123403234818239,0.0008463222248441847,0.010989344462076963,-0.002179102042042425,-0.0069520989839201115,-0.006608379955075366,0.008323266072988444
2024-11-25,0.009402426722578508,0.0066259414901348864,0.009871622183924197,0.0036549542068648514,0.008919916459837637,0.006116279130332146,-0.0035114912930846566,0.0075957162811172724,0.001989537042449948,0.01273172567747314
2024-11-26,-0.0067479868896177875,0.0015177482405722429,0.008973092568925048,0.006456172898244842,0.004471413467543812,0.0020500870276010602,0.007970151998161864,0.008024740945406462,0.01548890319201446,0.005239630525963997
2024-11-27,-0.0008953425262430724,-0.0036002032467824592,-0.00697083003452065,0.0006578550264803296,0.004703142832144774,0.0025978420799950505,-0.011928167212295022,-9.117200411791776e-05,-0.00016709188701420914,0.006661275418446836
2024-11-29,0.004889037331868058,0.0042759185696390565,0.01104177144795682,0.004104409290602078,0.002600054173347568,0.00018778394899345556,0.009960240740098497,0.0034285723532724334,-0.0005252757080432874,-0.005240287262617032
2024-12-02,-0.0019526858400535619,-0.006669475118794664,0.010545336074526295,-0.0009995496555178722,-0.0013079549678664507,-0.009043306605901679,0.010209401162869882,0.014404340441935951,-0.021020868234321418,-0.014517874616339585
2024-12-03,-0.003325091409899687,-0.0065221860087985375,0.0013317266261300812,-0.004655359007060798,-0.0018538806789817157,-0.007477732992787276,0.005614520886047241,0.011133823347742199,-0.008819062191206232,-0.0061421257281572
2024-12-04,-0.008915515206922669,0.00440552768919583,0.011885015879639376,-0.0016870773565684294,-0.0007319894125472864,-0.003921702433775188,0.017533365179475614,0.006122488728563556,0.00022141771623650333,-0.003012493700124256
2024-12-05,-0.01408621296986049,-0.012122170784955809,0.009461418202278532,0.003917229961556903,-0.011334897828565348,0.002213850475708528,-0.0018305626660944218,-0.0051191352321295815,0.0025306176197919653,-0.0028393552628550836
2024-12-06,-0.0025809873732041636,-0.00253492778719238,0.023665089807413758,-0.004364571266363183,-0.005453877860720648,0.00031067589179223294,0.0013954673695800624,0.013709658273202856,-0.012022004114661164,-0.00040112982283785245
2024-12-09,-0.001527494881694734,-0.009438040808369378,-0.0033367666212536003,-0.004990687534824735,0.002219573405991678,-0.014176573688696823,-0.00451848742220204,-0.013178894288187783,-0.013073742964029656,0.0009112946765384054
2024-12-10,-0.009389585313938822,-0.002232710238540168,0.001413308888504186,0.004945894597680066,-0.004617267259613928,-0.001055006381707754,-0.012633763390954478,0.025755512267093394,-0.008261872002337847,-0.016457576834109863
2024-12-11,-0.003741942921609108,-0.0019470627903861199,0.0200405712697734,-0.006295982796063495,-0.013121557240091944,0.002580996440454156,0.014840243965183396,0.030362411240441645,-0.005724696588880105,-0.0024105791910905856
2024-12-12,-0.006887866439102758,-0.0068016557942629455,-0.008408194493015013,0.0017547389014369024,-0.008293120106505921,-0.00403802947886458,-0.0046615068062932545,-0.0077504047415958965,-0.001046715506890574,-0.0008171801664718242
2024-12-13,-0.007953481340728265,-0.002705942507327682,0.004189482873664124,-0.001957399125086286,3.053330968348861e-05,-0.0027620363458212144,0.005388826389585725,-0.011270482418972187,0.000740488337677519,-0.005813744384157232
2024-12-16,-0.009837581516740216,0.000750490731567805,0.017291200035235602,-0.003643750053012635,-0.012566637957557301,-0.0003899817655037592,0.01000759501763466,0.012814198784906921,-0.008278412014261508,-0.006035690523229456
2024-12-17,-0.004828406470286297,-0.009052093891632498,0.0028207134031363657,-0.00124399145572952,-0.0005376064994077813,-0.0069228648480738455,-0.004055684408069815,-0.005991508489314524,-0.003842017605866504,-0.005353907335460397
2024-12-18,-0.02934004605475755,-0.028642818199755532,-0.0485544473489478,-0.014475110956394609,-0.013860899599281646,-0.030734420704431352,-0.03037722290815603,-0.03210920357955057,-0.024214156862058068,-0.04050380037782779
2024-12-19,-0.0108107315750914,-0.0010482528030855537,0.0007710935926012654,-0.007386354660031125,-0.007372428981014763,0.004016770485847644,0.001900026113926721,-0.0010493365217636025,0.004805689747186235,-0.017072725813730476
2024-12-20,0.012377624568077509,0.011186789712226483,0.0013906738311250766,0.0012252183999007565,0.012080662960090397,0.013796205842620781,0.015215209145273734,0.004568431512546886,0.015162468118484087,0.018017048835630135
2024-12-23,-0.0012122685781577793,-0.0004344250884195474,0.004144535764634948,-0.005722843772404721,0.010338756665972131,0.0028803885790326575,0.012526284116978634,0.01343803935031825,0.00391007340784304,0.004943357269893076
2024-12-24,0.0060464737483274635,0.00797575921740316,0.025862317211975853,0.008030501621263779,0.004066383676722421,0.011941657582470415,0.01024468355751901,0.01011741353530777,0.005566747116884265,0.0071363486281982086
2024-12-26,-0.0018193611919215327,0.0006156980210296508,-0.006421401958937848,0.000345675766679626,0.0016035154322554715,0.0021048905546431056,0.0007846888008229424,-0.0035507869965738996,-0.0027279465629399717,0.0013978387445541362
2024-12-27,-0.005758491499392135,-0.0081392868562217,-0.019142907062331568,-0.005869812610978719,-0.005126753264133912,-0.008125629196695046,-0.015055739957065616,-0.010872523830810608,-0.0029163318043813006,-0.009983304971410223
2024-12-30,-0.013471967500480495,-0.009798148674752318,-0.016038826745458264,-0.012090404288341138,-0.012217717076744494,-0.009323622372099823,-0.010985011527392789,-0.00994535917161123,-0.0038584337004259374,-0.004517316570159497
2024-12-31,0.0035360688834729023,-0.001361524636580431,-0.009862963746243215,0.001312868797900295,0.002364556291470448,0.000708827712257091,-0.010451744765199635,-0.00731965912754152,-0.0012201961742487023,0.007530621467932759
2025-01-02,-0.011447627631183671,-0.003699745613205439,-0.012739475324316431,-0.004261400720143647,0.00014330206624426712,-0.00207811485533192,-0.0020522517918047456,0.006389432278873479,0.0072988645856878155,-0.010053483847056024
2025-01-03,0.00028640725139361824,0.011040611106491365,0.023953381650676397,0.0009759195269976464,0.009820877607418455,0.007866588698741486,0.01611057429393761,0.007908099952200575,0.010926012340150433,0.013447258884124222
2025-01-06,0.006525822198517351,-0.0021199324737891656,0.006088928352852953,-0.00985027794032654,-0.00018506343785668254,-0.004186185492467471,0.014283211909683019,0.021098533759980054,-0.011003377635542023,-0.014118458861631877
2025-01-07,-0.00015175445718127782,-0.0010170349035469957,-0.022356090902087577,-0.002721815743287571,0.005814494321892645,-0.0015401504167717277,-0.024210801099589917,-0.010593561336657476,-0.002918591646081391,-0.007254027726397593
2025-01-08,0.00488150572170104,0.004106330047668797,0.0024230179711858374,0.004571710782550899,0.005305046682201268,0.003028390279486682,0.0009501387726446112,-0.007422396903354947,-0.00010341195519309539,0.0044062576750701354
2025-01-10,-0.009844078511202255,-0.011119714764638383,-0.00978297815874926,-0.011354789704618867,-0.005771427670880276,-0.02480541709299723,-0.02252686114183549,-0.010060448623500225,-0.005733407825949837,-0.02490456855221226
2025-01-13,0.021907208709625783,0.011484136153708104,0.004743921962428401,-0.0005753092281092475,0.012649744050569824,0.006861971269252092,-0.008691400429897042,-0.004864102662751018,-0.011987440814789814,0.012429546171251268
2025-01-14,0.012343040632207657,0.011494337276897908,-0.003229997288491399,3.6003112955970804e-05,-0.009487548823872136,0.01274986437839525,-0.0010004188102410035,-0.009740739380925054,0.01287170700651601,0.008784583698340183
2025-01-15,0.009039811659529589,0.006715086552593139,0.029703879856294427,-0.0009476356637396872,0.0024199975122502116,0.025447357213567376,0.021989570900896628,0.026217396485100148,0.014477447430691234,0.00440311165197213
2025-01-16,0.008071894561127273,0.011771071068776303,-0.009028165353415248,0.005493137693015003,0.004202776683782445,0.005945050728231028,-0.013064023076291576,-0.009551770209571724,0.025447818443125953,0.022077910182237724
2025-01-17,0.006964870360183234,0.005606800860156835,0.016971156955290844,0.008473474397334799,-0.006763499155382565,0.008223505888371573,0.016407830016682615,0.010900701221568351,0.0009736613954591526,-0.0004260300522571024
2025-01-21,0.01256141857856458,0.020128066346891828,0.01001451632517901,0.004793111674239235,0.016369363739350305,0.008358283422252987,0.0037614568351610287,0.009192976442378964,0.01537670689282984,0.018154794508194228
2025-01-22,-0.007915189886641747,-0.0016654450068159684,-0.0006792951019261518,-0.0026416239904226745,-0.0025316022147421706,-0.004140645017464903,0.024605272281800417,0.01130338683612609,-0.02201116343906477,-0.017806275418282873
2025-01-23,0.0050523046090103245,0.009509537789599402,0.004032042940266798,0.0040656354128212205,0.013386861721424722,0.005967493485861223,0.0011739047718348139,0.008060059373340856,0.004661235134737275,0.008213380095592129
2025-01-24,-0.0023355080751710795,-0.004236665357146365,-0.005439409608519938,0.0035689206489825627,0.0013449479060366075,0.0021784239518265135,-0.01092638040309321,0.01081209785349558,0.010594502729212507,0.0031057619003759364
2025-01-27,0.0006959017549987653,-0.01325156599619444,0.0029495776422885475,0.028055924342562807,0.021672436432410486,0.011324275864092044,-0.057462138309369144,-0.008084245170310618,-0.02355406668823946,0.00994243138716518
2025-01-28,-0.003502169108328474,-0.006418933761476312,0.0033446138755851115,-0.015143544886535357,-0.006668086017661935,-0.0020367206012841294,0.035323052938714565,0.012568756036726674,-0.013951285689139161,-0.01251064711657014
2025-01-29,-0.0020246818103926336,-0.0038078309035258617,-0.0049816080261020634,0.0026341681936583204,-0.005722520804183532,-0.0002577701182606522,-0.010984785300933659,0.0030697436698855227,0.0018731141707172036,-0.011969740338912772
2025-01-30,0.009993902329071977,0.011388648969535389,0.00603990257477672,0.010684607319401991,0.011499869988319707,0.009378652073139308,-0.005579010943415754,0.011374252355777499,0.021154947086218748,0.013542172141145255
2025-01-31,-0.007342874461730626,-0.007196610553372531,0.0009472810145138868,-0.007229178912565599,-0.0035302298658822203,-0.006266040809256946,-0.007894118479899452,0.007386248529598514,-0.006269349502404339,-0.0022251872977150683
2025-02-03,0.0005006854102407071,-0.010392388662074044,-0.013572705899178698,0.006818156968117421,0.003972747995286901,-0.004273542996790032,-0.01820815858950863,-0.0006178699900036483,0.004636511721242367,-0.0020761582387628513
2025-02-04,0.0028031108094438923,0.0006812884277747415,0.014242103805695877,-0.005094909969252566,-0.0026876245076907944,-0.0027612261264350923,0.014612251732968358,0.014699226423550985,-0.008863306267599957,3.852354746440917e-05
2025-02-05,-0.0003209627036570576,0.0009477891564820907,-0.016030739809300025,0.008845053116910211,0.010152832152679904,0.01068503116863283,0.01558832331046396,-0.028336562399938103,0.010295287858360648,0.01573150126358327
2025-02-06,0.0033473516651166707,0.00416828114027092,0.004473514097616772,0.008801370126455349,-0.009423367268286234,0.00835808940800658,0.006530853397951377,0.005108720031706182,-0.0006026574278111535,0.003026247992354481
2025-02-07,-0.011998931387457386,-0.00341067505298034,-0.025544668129491924,-0.003966319529662322,-0.005123333402866066,-0.005928064579409457,-0.010236736757576796,-0.012299566798349782,-0.0030440442215092273,-0.004163383916203333
2025-02-10,0.005149786019617288,0.009063753380729667,0.0049411705517963065,0.007815835616416748,-0.0005630368741707993,-0.007904568606605234,0.014427178843233966,0.005773210189679535,0.010601421120659742,0.0018566922847375307
2025-02-11,0.005354860811301826,0.00023025163003182633,-0.01235260325009066,0.009047469584264016,-0.002196609783109384,0.002630119362048247,0.0018292885921821567,-0.0013377764574535442,0.004924063027526783,0.005549597085329667
2025-02-12,-0.00684148109505911,-0.005840406250267692,-0.0029887483873604534,0.002324151204767641,-0.001123685150191254,-0.004152888569094395,-0.0004733350761704482,0.00038242830768952103,-0.001415060054563447,-0.009152451758946393
2025-02-13,0.016955050345028155,0.0009429144076474315,0.015875671346880622,0.009627971872058314,0.003959557983384031,0.007218468504000674,0.015127462391608872,0.01075598134745196,0.0014398160068665494,0.008361568130877852
2025-02-14,-0.0032831796904101078,-0.00286581841454694,-0.00269077082487993,-0.011640411398090977,-0.011208354186590629,0.0014189057826661862,0.0059972702853171595,0.004098087524061842,-0.005123363841612071,-0.004455836400158533
2025-02-18,0.01221308203697819,0.007686600300338446,-0.005174765177958901,0.0012013005088336638,-0.0025944173697851087,0.007652653324845777,0.005521881704328627,-0.012699019329928282,0.009331737819193464,0.004041237570334611
2025-02-19,-0.011682824694393433,0.0008437980566832543,0.00033167871515817353,0.00782850829535667,0.012500330882674665,-0.00033449418592278066,0.0014691551891961483,2.7192522939396955e-05,0.00448587787330582,0.001619581900628576
2025-02-20,-0.0026188487406521043,-0.0067790955282572,-0.011064630431636652,-0.009630966678010134,0.005520880286850378,-0.01565077971609195,-0.0006047946190708279,-0.006808021668163998,0.00017214986025506062,0.0068630340933595255
2025-02-21,-0.018201162365016416,-0.022580586829169545,-0.028096290038983663,0.00996178691361587,-0.004740401038728301,-0.011859427878790546,-0.02478959041485817,-0.017965605199716808,-0.00017214986025508073,-0.00806801716416454
2025-02-24,-0.0017878417009267308,-0.004361247927468323,-0.008779037182672877,0.0010359067593356025,0.007509815601015522,0.004519870570047858,-0.014357056413010588,-0.0063608467532449454,-0.005103642330745256,0.003535442317066459
2025-02-25,0.007993421939961718,0.005264433744586864,-0.008402352929947149,0.01676596977124574,0.008516527254246613,-0.0010275918001358738,-0.013796120006297374,-0.015381629709291633,-0.005129823170547246,0.011385985041899846
2025-02-26,-0.000717448855887728,0.0006310072047813288,-0.003895725290568821,-0.018739563510091387,-0.006876021770392923,-0.00214126218824419,0.008843637572588013,0.0008559830468526907,0.0037446503946895124,-0.005882100905341464
2025-02-27,-0.006950683145454538,-0.0037563930471655577,-0.018009077204747224,0.0001766030826071359,-0.004112198879266299,0.005715543049834791,-0.0386513033628046,-0.018509697776746117,-0.022529113060028222,0.0039128328376687675
2025-02-28,0.0085643018434858,0.013346367179627646,0.017812756950587948,0.01324147029767075,0.012170994714262225,0.020524412751750366,0.017000407480752305,0.013591973203650883,0.014002786142368568,0.008075287417628857
2025-03-03,-0.02112885430699863,-0.014630944886003652,-0.023342586734302156,0.006046913568971285,0.0035398814227274433,-0.008631594031793964,-0.035879755937775065,-0.013650052100079576,0.0018954470167451842,0.007681277209795188
2025-03-04,-0.013911226158891147,-0.01977514842019844,-0.01681741579336144,-0.017976153578723928,-0.00929950127590958,-0.03600269715792376,0.00012218274848719714,-0.004047039903505826,-0.017240903198758647,-0.01215536069807049
2025-03-05,0.025987859196317107,0.015761073000930027,0.017319839072736248,0.004321458030606282,0.010000215059435696,0.006253041260768798,0.013792052369746123,0.01485542835738515,-0.00684264022200988,0.010029587213409968
2025-03-06,-0.005329193147984748,-0.009226981302537634,-0.02973305262554004,-0.001064921688727597,-0.0027598400890283263,-0.01683961823123257,-0.026836171674908774,-0.02191122667073115,-0.020735240158060258,-0.028166711823050253
2025-03-07,0.002505001893785854,0.011901879506813921,-0.0030725230044044436,-0.006081612457047559,0.00025909833573252954,-0.005795333609585254,0.014304998971774565,0.0048946110014580265,0.018256287649134128,0.005944848184245782
2025-03-10,-0.021384116580540746,-0.01616663899200267,-0.039790916751724296,-0.006897532000052019,-0.011020055462516214,-0.023184305039202588,-0.044358100090518514,-0.036017960396536895,0.010335082311036659,-0.010294055825339776
2025-03-11,-0.008145406168136245,-0.015521773556712306,-0.002602062024267058,-0.011887839571751024,-0.011313483811661387,-0.008608323545848633,-0.003841288731362426,-0.007117673244657176,-0.009184258848986042,-0.010401126558106929
2025-03-12,-0.004510236590196536,3.632383868945268e-05,0.01012180161246872,-0.020442852881654757,-0.010223203945795449,0.001972708364599336,0.015485785371694169,0.01418504304947614,-0.0036872126833773747,-0.0038371562226649433
2025-03-13,-0.0013514872510183545,-0.010602504546200042,-0.026123531364796095,-0.0070934425602303935,-0.0050853248537424825,-0.005523247513339377,-0.017933870886967965,-0.027057930082980835,0.0026898984815705742,-0.02019400610063508
2025-03-14,0.013062081091321445,0.018253348351454732,0.02120536658891561,0.002820324886993192,0.007561916504228683,0.022757075704647703,0.029880581031498807,0.02005123655599419,0.018755128264515794,0.018192893129631744
2025-03-17,0.01133688571905531,0.013392244150585517,-0.004382199133031823,0.015382531627278635,0.01128956668464546,0.011604593510430002,0.0018047485363002105,0.001150949318114681,0.00398430955446945,0.0163530899391697
2025-03-18,-0.0009352744054286451,-0.007755170835277046,-0.01913671503617948,-0.01305365566418221,0.001184088701417303,-0.0013141907143863801,-0.016596959225176237,-0.021604260774752446,-0.0065738417583027006,-0.006387098030080946
2025-03-19,0.0033518976775163017,0.012838831791790519,0.018812044855643237,0.0012083896703470923,0.00015230990876912185,0.01038033453347595,0.014078037492416514,0.01281698627078751,0.0029410275373831438,0.0007244121740182998
2025-03-20,-0.006218119696111761,-0.004593785572425807,-0.0019183100735604948,-0.005223904820101284,0.0011240160014881974,0.001919892744681883,-0.004950956850101828,-0.003211809394304,0.004132894767656017,-0.0009532707261144291
2025-03-21,-0.01004121559003197,-0.005429418076673136,0.006276547431316458,-0.0008790311272897851,-0.003041236325267204,-0.00388014927499528,0.004929300179158586,0.009908164086978798,-0.006595730227540272,-0.010276529673071624
2025-03-24,0.012356900255156978,0.018532779063761926,0.03986762240960386,0.006551416804986546,0.0076119466738773555,0.01776844791155755,0.016973222740446686,0.0208346280574332,-0.00010059642940307646,0.014198173270305404
2025-03-25,0.00029362030288933,0.0010453993571853167,0.009723433776790955,-0.009680779754854192,-0.013013889698702631,0.0048848194754635465,0.0028809115448916018,0.014189739295197339,-0.016236243865487245,-0.012234485977694788
2025-03-26,0.0017969229530272663,-0.00654538234223774,-0.016790130055450776,0.014142894514679573,-0.0036590936051159803,-0.0024334860809847028,-0.024932852012818814,-0.02056806310365444,0.007008808955647583,0.005141385654021688
2025-03-27,-0.00029320492763014645,-0.005157268952737256,0.0009197883578451249,0.009976178865471193,0.0018578105062349952,-0.00228371541868803,-0.007517505738364445,-0.008437594242907787,-0.0003555875047259318,-0.002528924754493399
2025-03-28,-0.017505175855397175,-0.020572501960881846,-0.03322635233469938,-0.0046454004971251475,-0.0027701755450219297,-0.019570430026252396,-0.024588169628389882,-0.03886018062203237,0.007567811527083448,-0.00011522032386846822
2025-03-31,0.01060992805534146,0.00635510889620399,-0.0018010721419219962,0.01617110167578155,0.008969381921999491,0.01244664395132581,0.00029355987968289867,0.002379716742052242,0.010584501255944559,0.008748727788057884
2025-04-01,0.003205290231802489,0.0059836073166466665,0.011285579075313135,0.002818841975969825,-0.017613333295880024,-0.001616847613481549,0.009440451820753145,0.01011288276370443,0.003014317829408899,0.0008745166683301878
2025-04-02,0.007822666200761653,0.00928160479093124,0.02003297374855036,-0.001822426249551009,0.006264200249870511,0.008932110515566765,0.005592855238692103,-0.0013631653485512364,0.004417864350912375,0.004701393434476668
2025-04-03,-0.042801561168967106,-0.05557216332669972,-0.06665705355271026,0.006869851515383383,-0.007975629162537632,-0.051435051925843266,-0.07109337878282411,-0.04888777390492944,-0.006110736414681243,-0.03022095401170662
2025-04-04,-0.06493611587297803,-0.06493139745138703,-0.046056645164791556,-0.046533815292777864,-0.056575222018977266,-0.07679824372261278,-0.06534960308608051,-0.050099774027970174,-0.057431051586724825,-0.04734092492496884
2025-04-07,-0.016682391560974164,-0.004444868058419232,-0.005371625896095529,-0.011841371391507177,-0.005981648179116955,-0.0014568728282016925,0.0031828189569472506,0.010249897096105237,-0.01539742042627975,-0.02428697630636242
2025-04-08,-0.030083441946746788,-0.008979918517078451,-0.025692971399347012,-0.013630173590756025,-0.010640301911008839,-0.004096016308042493,-0.021916983306672907,-0.012580076543696894,-0.004862392103213282,-0.024891612695791467
2025-04-09,0.08275522595966046,0.08591746585180993,0.10760475935856394,0.04128576144120611,0.04244793739943609,0.07318698787320209,0.13233728660741081,0.09522282871962882,0.03835649629428888,0.05581936169326897
2025-04-10,-0.030435919950604493,-0.026455542307016328,-0.042044785464989486,0.002060873626340578,-0.02819912389130947,-0.02934213546142168,-0.04660259997523941,-0.04223964450155531,-0.006291410193247167,-0.02096788357037277
2025-04-11,0.029415913544822442,0.017185342223606084,0.010870606762604745,0.012412051461712774,0.01441813262681763,0.01655763732461221,0.02529272732095385,0.010969788546078385,0.011770659001207797,0.012731662116294526
2025-04-14,0.010852965024706562,0.010359063909729158,-0.0010073372351548074,0.016246673745781405,0.011728422787033075,0.010276369848717921,0.006288070544730115,0.0025391030992762673,0.01737482440303363,0.021306681610006237
2025-04-15,-0.006349182394270242,-0.0053064473108222834,-0.008015594638384811,-0.006679578716477611,-0.006937016828750288,0.0022792260719219732,0.00337916649342442,-0.005568830201905629,0.0004558276929712532,0.0023218659017298035
2025-04-16,-0.007767012717200811,-0.013888131967416234,-0.027308377965517834,-0.011579861074788023,-0.010065221072424774,-0.015806523854146676,-0.04022979710890705,-0.025103535175477528,-0.009386641635605333,-0.0015606533705980073
2025-04-17,0.006730978508482317,0.005710448552740127,0.0034537275997285274,0.021610291690904077,-0.006391001978999973,0.0027742805779427194,-0.006681732012848572,-0.0017558645666286808,0.01022186367680407,0.016010507613084122
2025-04-21,-0.016366308111715192,-0.02284698399350182,-0.02905453288315459,-0.01344883230502488,-0.021523136915913316,-0.02171433492595789,-0.027570532493934707,-0.02233109776149069,-0.024248735913645948,-0.02106931515906696
2025-04-22,0.023266054844183575,0.017515741462889815,0.031825227550622434,0.015938033148970528,0.017848266587931653,0.032301610968066344,0.024226165828082243,0.02857858419735194,0.0272546677071871,0.020675153830224145
2025-04-23,0.0001941688193738026,0.012376899224971163,0.027266639989458857,-0.004240902589542256,0.005339688976280896,0.01177502856169313,0.028758487852150825,0.02245010397864246,0.004102686062148169,0.0012608538818224219
2025-04-24,0.020033320236754137,0.022044283280853,0.02231832423168574,-0.009611057465746226,0.012289252085665416,0.011127243458441419,0.03478083977143492,0.02280790704684663,0.0018320125661004088,0.002517008439776145
2025-04-25,-0.00729778280932794,0.00014642222898908475,0.019365416552931062,-0.002366784314681011,0.0050477623879550135,-0.004158239271059612,0.01611119375333918,0.010152436509717372,-0.003793188913358358,-0.001257682298570241
2025-04-28,0.0015328370713713622,0.003099005361424525,-0.0009435723452782341,-0.001505918287171655,0.0037289344154472163,0.0031483741868589075,-0.002959924872551585,0.00046751101369094464,0.006997354048276881,0.00681983299082513
2025-04-29,0.009204276488390624,0.006341633549459815,0.005862359163063115,0.00764115943530563,0.004849699982724237,0.009608404070287156,0.00456695116685066,0.004973452389314143,0.007023183633135785,0.007394156691513072
2025-04-30,0.0050897483124168474,0.0079857405647504,-0.011115795784413744,0.007106797462501025,0.0088723089715505,0.0020857411922957595,0.004147138661595662,-0.0025769339667330382,-0.004851208560772256,0.005644893811421084
2025-05-01,-0.0050138002437247805,0.006948924219523159,0.009893061391971854,-0.007866048360099834,-0.02830705964457839,-0.0007893717226597038,0.02190307987667623,0.015423836249541766,0.0030378540506796267,0.0015025705243298937
2025-05-02,0.01649781768236637,0.01795842776412338,0.011886072601525851,0.005958039043050394,0.014070927937486925,0.021278113479994906,0.011637727089705605,0.02278843627847196,0.007036167102749606,0.01243392600945664
2025-05-05,-0.0065889918440026835,-0.0003510255532497536,-0.013268092483767393,0.00018872207126063303,-0.003482098144101857,-0.007553569837234475,-0.008556752000535052,-0.0005686738161414444,-0.0028926699135217405,-0.0014839895606775502
2025-05-06,-0.006594962485528734,-0.008570202551520625,-0.008536465373946586,-0.0016887868842137019,-0.027937685213508593,-0.00522247873274351,-0.006286826889511709,-0.004982163809471356,0.012181572645320929,-0.006915938323344629
2025-05-07,-0.005022468061492737,0.005105097154729236,0.010101378855114295,0.0020439756672614297,0.008074865346123766,0.006159179554966304,0.009020187189095178,-0.018615986970313515,0.002906523330611807,-0.00023006963394145918
2025-05-08,0.01188023942991551,0.0132759831355757,0.013446541592960147,-0.004917111854143053,-0.009188024644159633,0.0070998582478741185,0.008424862360764115,0.0059595282768589025,-0.008597359247440373,-0.005422165881025105
2025-05-09,0.0025503433974750386,0.0010600330288007317,0.006313076053972988,-0.006152557593017552,-0.01103854357256348,0.0003501005653945986,-4.013464944769652e-05,-0.006266126173315703,0.0016959422599140178,0.006457062649538002
2025-05-12,0.018830434437700536,0.030102789914038572,0.05501064049245579,0.0006730031914609193,0.023986909807603093,0.020084423579239133,0.04554662422766821,0.032964858948633845,-0.006801094954578506,0.0003447277237483097
2025-05-13,-0.0052516324366161495,0.007170706996501523,0.014031275349107345,-0.012513594543149311,-0.030141362069737113,0.0038251683670614055,0.022251203834765847,0.012530199262053928,-0.0008410130713074696,-0.013106829813036796
2025-05-14,-0.009653682388884855,-0.004771948593033056,0.0037775947616632073,-0.0037427043022776373,-0.023322614425608672,-0.0028084328430543126,0.009583760942370161,0.015697522943038503,-0.004936740587880195,-0.009043102385911501
2025-05-15,0.011407330247460061,0.011060628209236938,-0.006869023254796275,0.019793509062674804,0.012677523478966602,0.006395961185806775,-0.0002842990757863464,-0.0042488719447523636,0.020991307323738915,0.01819743819220727
2025-05-16,0.009033022275603536,0.010297945257023152,0.008414002648247966,0.010769226265373426,0.019378582205804264,0.006915148127432719,0.0011867305912367902,0.006524865939872211,0.014073444137297771,0.012570644700080185
2025-05-19,0.0034484632200524204,0.0038028053647707533,-0.0026779051501154482,0.004158698276225864,0.00953434006336178,-8.15638335311692e-05,-0.0005309254596898389,0.0015240144431130777,0.00335601507669644,0.0021240196551928214
2025-05-20,-0.0017684049050651917,-0.0036875935187361043,-0.0058692038349609545,0.002353010161599992,0.002713844422835409,-0.005495946946897431,-0.004551349102398063,-0.007672387464823979,0.002939272116078764,-0.005547094284563219
2025-05-21,-0.012466728449165911,-0.016977937868418728,-0.019291441592457017,-0.009245845707762157,-0.024007860130540473,-0.020709481590579334,-0.017950622848842107,0.006637500653340627,-0.019297875161989723,-0.026679588256132144
2025-05-22,-0.0006838148560877976,-4.1886596846858196e-05,0.005613579785407181,-0.004120742381491901,-0.007618906561460849,-0.001149832966664727,0.0012039874276088382,0.003158855024824706,-0.014209626850977692,-0.00411709981479059
2025-05-23,-0.001017337327473973,-0.004050537943963603,-0.009172229728502722,0.003144834990459368,-0.002213911299416032,-0.003902666499962007,-0.013371436164876363,-0.009912204949997706,0.011530221576605392,0.0004321120904482308
2025-05-27,0.01660997772862876,0.017765437995809173,0.02996145834804806,0.009133917374612301,0.013815799608172474,0.017756584588039904,0.02515322695009561,0.02117410179920628,0.007702303556099536,0.016321973866760493
2025-05-28,-0.012804816846699128,-0.005214362823263721,-0.009394522810872549,-0.005633925767150038,-0.005741544858829644,-0.00702203639058798,-0.0034387588325963544,-0.0016741050452625977,-0.014457125432698371,-0.00015459850086751786
2025-05-29,0.0030373503223253186,0.0008046044136871961,0.0020804951340330736,0.002649991497322371,0.0073342548687321445,0.004880271224880361,0.00589121879316318,-0.0035561408797650075,0.006901153813068114,0.009423374999929228
2025-05-30,0.0011573208498581653,0.001077394557751055,-0.005776961750958609,0.011512023069444042,0.002542944821052105,0.0020235157745740833,-0.004280812827046983,0.00491829018196466,0.01077001225838476,0.0013389932863625714
2025-06-02,0.004816912227375792,-0.0023801128163526584,0.0015418730455315035,0.001851462346500776,6.485108926787268e-05,0.0008035174603789366,0.008896213470252164,0.006135286852613934,0.0018078610223110525,0.0007261286131120995
2025-06-03,0.00961900327204188,0.007576448951682422,0.0031403068964222813,-0.0015353417502479468,0.0018640933735527452,0.0017820067888334222,0.014661389444324616,-0.007554290441798152,0.0022372004649683173,-0.0039426594676557685
2025-06-04,0.0034685415831151754,0.0008731014445137484,-0.0023383141658641074,-0.0059020701632996565,0.0021510031815504473,-0.005604496176697596,0.0022900187449887677,0.013568119474819203,-0.01711017064537831,0.003407619342043832
2025-06-05,-0.005678674413974817,-0.0009059933771667918,-0.025010872810395816,-0.012020527931854572,-0.000826294524465117,-0.0026476010906403154,-0.004005542989440345,0.0005881701722485477,-0.0016391167999839319,-0.000726517366209461
2025-06-06,0.0020110805268347093,0.00846790705543345,0.01624716696497093,0.0017846197052644448,0.009211728432661994,0.012088535942356466,0.007746190952860521,0.018669263184882205,0.004178077488581586,0.003055489926163847
2025-06-09,0.006135143297092902,-0.0008909790636583774,0.010707879579401152,-0.0023728385604953432,-0.001556135971186528,-0.005488541246042733,0.002464623320205371,0.0013458228578710491,-0.0066049119749113944,-0.0006867444909350358
2025-06-10,0.005561107135274759,-0.0043930414207685245,0.011838572594553795,0.0016083818306849608,0.010835861433600234,0.0005903397190171851,0.004568134284770099,0.010755733637490647,0.0018880383698023024,0.008284698895836948
2025-06-11,-0.009851729961396235,0.00027098998279889193,-0.010245417617625947,-0.0037754602269361925,0.000380289790042075,-0.0014055120060717365,-0.002818689135595195,-0.005800288158796474,0.00044090912302288405,-0.005464710908929697
2025-06-12,0.005171686340318505,-0.0023678030543197834,-0.004083578724620097,0.004683884533063734,0.008116621436554243,0.0006025732982292512,0.010083727550491844,-0.005889039732024837,0.012531629574252787,0.0053132838471920876
2025-06-13,-0.012060616402772733,-0.00870532845686139,-0.007438361937448958,-0.01159420943237893,-0.005395293780887377,-0.020792536412686975,-0.015087693010626162,-0.00863585998431848,-0.006258400269065967,-0.009813761340726963
2025-06-16,0.007809916018922719,0.007115386696147556,0.011950205497355091,0.00019047100816750373,-0.004040310212398091,0.011285502252332156,0.015127871118427621,0.015207428368091499,-0.005025252922498525,-0.00015282704989198382
2025-06-17,-0.010195830225506582,-0.007572108048053886,-0.01565787993419441,-0.007938777720799576,-0.016500666432962323,-0.006076666701442723,-0.007273276500854427,-0.0073685907846522125,-0.008103145118837104,-0.004060676449695111
2025-06-18,-0.003342591560837852,-0.0025202267469978615,-0.0017707037890601143,-0.0009939739857810544,-0.0018208478375152564,7.19844001401421e-05,0.0035902277425144636,-0.006758773408222487,0.0024869917367265557,0.0013808945697761572
2025-06-20,-0.006479459062489563,0.001356545814877112,-0.001974389700779368,0.006218570468039644,-0.004605711282273077,0.0027436239729847827,-0.0026467407505514906,-0.018494200367525054,0.0025790435770133594,-0.0006135345344823956
2025-06-23,0.012171545818072727,0.012857716192798543,0.01734673158493096,0.012932374971212995,0.001096634739110717,0.012011842763001011,0.010014038521819523,0.008423467050655855,0.012505507129306365,0.014810629053386678
2025-06-24,0.0074852500286745486,0.008527084851642169,0.007106393254833436,-0.0003437332585278575,0.01186934878732624,0.014843727370006653,0.015985348324350022,0.013800603043510362,0.0039409749620711,0.004110950066553564
2025-06-25,-0.007958373566832957,-0.0093155668001212,-0.01131888308047446,-0.013993459934390707,0.000890478519949694,-0.0038510816839025202,0.011738323400570051,0.005061342080185065,-0.013776262518743032,-0.02488457910191572
2025-06-26,0.01082516753604981,0.010982967368186282,0.011733288108504832,-0.001801024378599876,0.0023664250232101666,0.007524988786494536,0.006760001515178886,0.01756965952070737,0.00816233094407185,-0.0063870534879716615
2025-06-27,0.00021613435927652223,0.010043382293508539,0.01789137847725227,0.006177573732872256,-0.0017007460539658356,0.003244071088362182,0.0010277284357150512,0.015329915933777942,0.0025688828465566926,0.004339895544998114
2025-06-30,0.001007534189162364,0.005032149235652152,-0.00867467310354689,0.004502337887271148,0.0062579719319745975,0.008569213082590243,0.009731703969209906,0.0034191012547019877,0.003937452659418052,0.006436277335037253
2025-07-01,0.02252836975025387,0.0029576443482715047,0.0017660060099899731,0.007551450463248432,0.013836898748650534,0.005307314029159598,-0.011321487943885766,-0.01192457841115158,0.0033695039653199917,0.005784275413713382
2025-07-02,0.013204504997987103,0.0010132071294611565,0.007614995556677053,-6.637852447162177e-05,-0.00974362210962775,-0.0009473188969899533,0.01291950890432621,0.0006959762805994063,-0.008711798807739589,0.0016410372380306687
2025-07-03,-3.4737435298366095e-05,0.008155806166744014,0.0075014648790888185,0.0019452972003394932,0.0011330330534973865,0.01074407664286284,0.012802323340684056,0.006082286198782068,0.007413451473739918,0.0011814158334937166
2025-07-07,-0.010465820502975823,-0.0034067381967854216,-0.012688994668054765,0.0010595334591805001,-0.008761950594092517,-0.009545850136409944,-0.008131617068740639,-0.008922657763682779,0.001658680050723936,-0.00810741064148117
2025-07-08,0.005316439061235994,5.5605176139319696e-05,-0.006391161229006938,-0.010980494943769615,0.004298425198880105,-0.009039276932967914,0.0038677895985218995,-0.005327348666593511,-0.010721638719473852,-0.0015370786681165136
2025-07-09,0.005374941435088337,0.006966910847051328,0.007316251792324148,-0.0055133447309791885,0.004273694360480948,0.002953337698457018,0.009308059352001841,0.009290961113428739,0.009928735284298131,-0.00023075984176917423
2025-07-10,0.004621234818874725,0.005219041506115774,0.009765991916727347,0.0011656365147203562,0.006244477297010906,0.006405261083369505,-0.0012433427228627806,-0.004769009164208333,0.007781953919885343,0.00479672438407955
2025-07-11,-0.007539968429822576,-0.003085629411116671,0.0033313530033171417,-0.0037931598404522928,-0.008791293368801406,-0.010060849357154532,-0.002192013952436333,-0.002016211093467526,-0.0011932890567709269,-0.0006892838032474215
2025-07-14,-0.004429068373504721,0.005419063435170032,0.003694064461752615,0.0012809730506739305,-0.0009582421697147827,0.0067146035955449705,-0.002474877701105682,0.00729284762443123,0.0035042198085554976,0.0066434905491213276
2025-07-15,-0.021355057499649905,-0.007670613521637644,-0.011004959882868495,-0.008287801953414284,-0.019005718287183483,-0.01661010264958709,0.012635662997936127,-0.006190138702550424,-0.00925197111492519,-0.013061580703274624
2025-07-16,0.0029948551715781226,0.0035089379565061275,-0.00016359629868191217,0.0018439078882236065,0.012131018886658173,0.006607890985155534,0.002659249030299575,-0.0015332882762490454,0.0005763080125301589,0.010623173206546113
2025-07-17,0.005945332894286049,0.008711153902710512,0.0030695760436334632,0.008631152620770032,-0.011917516591605882,0.009143876869147504,0.00886685493367189,0.0036277516062500825,0.0036658571575666223,-0.0015652880514627021
2025-07-18,0.003479687100921471,-0.0019093841524793994,0.009759923266016662,-0.003715658445613019,-0.006054716107984898,0.0007325085453882098,-0.001020772697511809,-0.0021751041282426615,0.016955372019309137,0.003546954079265928
2025-07-21,0.005433839628256024,-0.006032403299130367,0.005996512710256873,0.0003598296835857593,-0.00614404368476719,-0.0028987322452141756,0.0013233359789884542,0.018827551518458267,0.002888063557778049,0.003534417649071028
2025-07-22,0.012703689830770557,0.003001170723500156,0.006697927392114837,0.002313253495282996,0.01879568557264471,0.005469648085685763,-0.010895038736372105,-0.0030913107153823093,0.012789752031803311,0.017673665127292335
2025-07-23,0.000969222893861,0.01733623749236706,0.004110134569423373,-0.0007068897870947697,0.020138575663730028,0.007152312906785871,0.007386790212429314,0.002827449325062142,-0.007901490964046647,0.0017874375255056978
2025-07-24,-0.007518796953003611,-0.0016238591403977469,-0.012348134422033148,-0.003249058304884903,-0.0042104806239938244,-0.00037398882266750596,0.006660251933717282,0.0051325002967679625,-0.0014476060918716767,-0.0010423214661877118
2025-07-25,0.011627572492216371,0.009757281306189679,0.00778702645041626,0.0014178076388458786,0.004959850787295894,0.0071716193955336785,0.002361313361569238,-0.0018656742027200373,0.0025436016621774938,0.0001490020699950506
2025-07-28,-0.014455185849903676,-0.002940994840081069,0.006902212846410523,-0.008957214423458234,-0.008324480979153124,-0.006707042156089227,0.007670865159278425,-0.001790194739846535,-0.01051967947243718,-0.01765772956613251
2025-07-29,-0.0033440570922147225,-0.011502611265099829,-0.007342438694615701,0.0076519817599741535,-0.006916863173324293,-0.005635117473324626,-0.002095819190791904,-0.0034576931031241012,0.011614475151408534,0.016875419932527645
2025-07-30,-0.020141854892683855,-0.004871648309760612,-0.005707059874790003,-0.009457602296652424,-0.0016630800040249344,-0.0019273239604130207,0.004275092083826384,0.0014532105802208303,0.006890581541538646,-0.014414649759413487
2025-07-31,-0.009981087548032454,-7.783916207867778e-06,-0.003826612520832968,-0.0059281865046234335,-0.028328742919457344,-0.006240766077628346,-0.00307337588381423,0.020617090370962952,0.005924421292090446,-0.01750715467791878
2025-08-01,-0.007547267478713164,-0.014735302807830572,-0.0365314331025949,0.005245915769365965,0.0058245991590474685,-0.017719242984428115,-0.020937128681710573,-0.016664620306528342,0.0011485541322402313,-0.002581394229779161
2025-08-04,0.014140530613022052,0.00905027727357994,0.006777464270328985,0.004154414805652347,0.013991983315317973,0.00864968804032803,0.02130294371972201,0.025599116624752023,0.017229853916172377,0.008068611295958037
2025-08-05,0.007993909964219965,-0.002168695515042198,0.002943655435248828,-0.0015530274072991124,-0.0038879529613992485,-0.0039837596152358275,-0.009105846734027362,-0.008882720776236098,-0.010548487599145031,0.0029040114291266337
2025-08-06,-0.007922130971160823,0.0006190146139534009,0.024752348979253165,0.017197467874431143,-0.015309795083098853,0.004771654518812058,0.013332363064004118,0.007163867898843392,-0.009071791840849793,-0.008198904883819327
2025-08-07,0.003924213275389092,-0.0012541131296406256,0.0010629164682817755,0.007277594229588289,-0.011664754592729885,-0.011415501611605722,0.004127048457528881,-0.0033693816862049347,0.010416375141116955,0.004031210449185598
2025-08-08,0.005404169336455782,-0.00010196341819893178,0.0018836666419169079,0.003547361704453607,0.009002173008988881,0.009038331029542592,0.012163604690509219,0.011985373302247897,-0.004519548957011278,-0.008233288067555869
2025-08-11,-0.0023685392770716636,-0.002859012860842469,0.0013814274088943845,0.0017414498592084094,0.0006795128513670748,-0.00045290241046335415,-0.005615226132586206,-0.0007640469772098204,-0.0035981860115457003,-0.00651136989990659
2025-08-12,0.01134627438316247,0.010796395401453444,0.008699052849989676,0.001672397909613791,0.007372087180996338,0.012202391135167873,0.013982154541267881,0.017701389849838507,0.004398593369409997,0.0022138899434446216
2025-08-13,0.016746809758737376,0.003914203209190841,0.012805361178881047,-0.004407186499693977,0.0157244756489,0.005549534573088975,-0.0019309539697894428,-0.004867538848983621,0.0017129745178659302,0.006304307894257438
2025-08-14,-0.008111116727008167,-0.008867643580123284,0.004498734875408751,-0.007381304464047826,0.004988253015397848,0.005439529598411134,-0.0003224919305981269,0.0041664727451932145,-0.007122324276743814,-0.007235874761268021
2025-08-15,-0.00020973400556395077,-0.00550483219654912,-0.0026989933493054247,0.0006783230247697774,0.016407942775415258,-0.011241564990317428,-0.0075382530183993315,0.0048473495431045665,-0.0037071983786179544,0.0067731270058459594
2025-08-18,-0.0057852054961486194,0.004033572385966229,0.00381652071876291,0.0008111570616190677,-0.0022607164958473257,0.0011470522179929242,0.0013141173697558994,-0.007079054346646671,-0.004948865703475695,-0.009573164700586266
2025-08-19,0.005330595276557187,0.0018621871704550355,-0.0037569530996633817,0.009903174629195223,0.00614509992644859,0.0016838180364357217,-0.018935163880501434,-0.011614470847876904,0.009827474336639719,0.017870387605464326
2025-08-20,0.0019044599313422408,-0.0009462763607573736,-0.011876649042993959,0.00793106162293156,0.005963933189550606,0.005057166546141356,-0.007738775128651736,-0.00560285728554899,0.001193061231005311,0.0033987703198779706
2025-08-21,0.0026321562706791424,-0.0033702114710843687,-0.00684112781022396,-0.011887215471803365,-0.0036731243138620174,-0.0031135204866724804,-0.0038901205449917036,-0.003043759342348494,-0.007087208651480905,-0.0038579060248450496
2025-08-22,0.016882896260640635,0.016089713730206186,0.031343246254676646,-0.003528513823905612,0.008129072076526854,0.016370700300799186,0.013157278987827724,0.01852755457456586,0.005320074799661823,0.016096889742114914
2025-08-25,-0.006267609529932823,-0.01025010586871386,-0.0013378572491306053,-0.016377662809589136,-0.014487154810591296,-0.005849060203398125,-0.0008537372456223374,0.0043408563096319006,-0.01162091637640722,-0.005362196483527907
2025-08-26,0.004125602259607481,0.01025783891053049,0.004237495695243835,-0.004560883495586786,0.005492588280429147,0.007544415016316843,0.00524628696564015,-0.0026826319484282582,0.0022284124680752478,-0.0032234534758917672
2025-08-27,0.001902305410641825,-0.00016231211712558916,0.0005224250139920334,0.0022152718158019477,-0.0003451817420724406,0.0018380668088187088,0.004819810696601978,-0.0008789933808289423,0.0005794884323546533,0.004320910800886731
2025-08-28,6.855182086671531e-05,0.0016676070354140972,0.002794123066769411,-0.004662376973477112,-0.00420782083988955,0.0017787543498175384,0.006528931207038614,0.009403308527334609,-0.00870445779836498,-0.002613102774702765
2025-08-29,0.00015401545701975765,-0.009556659393038264,-0.01151387379365513,0.006354462966328463,0.007278629703259066,0.002088060819062447,-0.016451740354720117,-0.0032161436451053293,-0.0036532231129953172,0.00552119826074855
2025-09-02,-0.0059576113157950375,-0.010655919732823607,-0.009501884079661254,0.0007323765270674548,0.0006817932793450486,-0.007164263671804889,-0.009728901859178754,-0.004153961278236212,-0.0036901166548977153,-0.017538028781040715
2025-09-03,-0.005317996921949319,-0.004844737433171571,0.004278639217345373,0.00022524404311161222,-0.00407904868309629,-0.001596527164145816,0.008212884295560472,0.03694775183686944,-0.0020271925149093965,-0.00203614731798594
2025-09-04,0.002282605401872462,0.010801289881514561,0.022265083113952,0.0008778780496117821,0.003628746141355967,0.00995350977269522,0.0054760224313424016,0.011174701839292995,-0.001558524138952737,0.006401851901082669
2025-09-05,0.00525430858837959,-0.003975017419658839,-0.0012269396390736978,0.0015513520077797952,0.0032166068517814413,-0.018610143409519244,-0.002066626441719318,0.005505185429661672,-0.0033613867980598973,0.009772410036219103
2025-09-08,0.0023168596869443904,0.0020639395354733756,0.00529369139110059,-0.0016525719693491017,-0.0011480199252194652,0.0001929135883681132,0.006696909999735339,-0.0031659938750352116,-0.010775653216531143,-0.006796335708738163
2025-09-09,-0.015861817464722937,-0.006488652158879205,0.0008839829686834191,0.003930292894791019,0.005956681302237815,0.004574120455560571,0.0001155036457295323,0.016293625963095464,0.007117324069100949,-0.0008004649218502491
2025-09-10,0.0023137382082779163,0.007248874262222436,-0.01591977391898053,-0.010613516155696771,-0.009126913143737588,-0.003326587904590881,0.017418307205455903,-0.008740521890132257,0.016755963865924452,-0.0007247161574095769
2025-09-11,0.021130475707033552,0.009527125510498018,0.016860768124592612,0.009402367928588794,0.01713751378771193,0.016601411111013088,0.0017516217780508103,0.0017731130476706354,0.0048560470916181805,0.016198972818082313
2025-09-12,-0.009693100211828109,-0.00820416618555013,0.005669093474753664,-0.0025728803105971735,-0.011354942865963284,-0.004916842524081731,0.0044729731150618965,0.0021000577881741867,0.005597189737004316,-0.0047039433037011176
2025-09-15,-0.008227977545695148,0.004441604369232771,0.010891341214935908,-0.011518500913953426,-0.010138362654319246,-0.002164337005207494,0.008200560623580848,0.023044192354555838,0.0015042501833505697,-0.0029842609015560684
2025-09-16,-0.005314169155532072,-0.002823446606778223,0.008199051971479077,0.0023756660882634684,0.000282983706525843,-0.002034037186159724,-0.0057454945722500055,0.0027372368572639166,-0.018249380553314667,-0.0066427769988220975
2025-09-17,0.003632716912672646,-0.004540483194438147,-0.003085405197584417,0.008917798592842623,0.0023616234237413243,0.00956096266349227,-0.006991179333775079,-0.0006203863262532965,0.0029161198484303572,-0.0006095609879053343
2025-09-18,-0.0014063070159376124,0.010497742290614153,-0.005077435641793865,-0.01039478916715518,0.0017863318456409671,0.0006460570638763432,0.013499547638090343,0.002823232443243855,0.0005164832898066637,0.000571437987760076
2025-09-19,0.0021694052783386543,0.0020942009556308267,0.003441007493370939,-0.0024703121705776624,-0.001510373286065653,0.0022134006344461154,0.011784690561423183,0.005143867762140771,0.006456869473951329,-0.004695692926693906
2025-09-22,3.470611906256498e-05,0.003742979094070791,-0.004345795420335192,-0.00890729936118149,-0.000407685942289054,-0.0014342414082678357,0.01728443320755376,-0.00923206532992716,0.009168974239631481,0.003209274408606109
2025-09-23,-0.002690754961285153,0.00013897429549082713,-0.014484122357007884,0.0035586537975426436,0.0024001515488926194,-0.0044381543324998295,-0.011423007723077331,-0.0051917002275711005,0.005369326095688264,0.008091575898748996
2025-09-24,-0.01601511940576133,-0.0050758840564796405,0.006950430837034917,0.0013398807057598576,-0.003611861437526199,-0.002316080255689038,-0.005175062296256762,-0.008246601912185736,0.007259133733263802,-0.010153464853923244
2025-09-25,-0.012155227088109214,-0.0066154794120664405,-0.01475837339027339,-0.005888012966704419,-0.016876657157298584,-0.0027144781914228153,0.00032038321110736405,-0.006411755615524631,-0.009698266037723037,-0.0026791665225877775
2025-09-26,0.010422663812083338,0.008669054210156797,0.014383077859730935,-0.0010942005760468025,0.009765407860838118,0.007107152754036297,0.0020646044323999187,0.001313777452529286,0.01574911059140027,0.010332447699328819
2025-09-29,0.004290361666112173,0.003099466986299052,0.0055215985790270285,0.0011632641031021317,0.00284930798677749,0.00473971017510206,0.00492551338998507,-0.004558712783798753,0.002943881751409406,0.0014781366836898653
2025-09-30,0.005464335957603367,0.007940389694877191,-0.005563349208379324,0.0026898339531432713,0.024213941601187595,-0.0045055760611959084,0.008528811009399279,-0.00469786916407998,0.002123292477482319,0.002874362839389625
2025-10-01,-0.011756106217513837,-0.003220799511599887,0.0068535565643440014,-0.0022640358650490803,0.029643459121839404,-0.009252594709365914,0.007061611650035122,-0.008101836040158177,0.009208802454671304,-0.0005666240822263661
2025-10-02,0.010493667668894091,0.0024089484049804144,-0.00689524528864808,-0.005260434956339592,-0.0019088294408065713,-0.0009344405921745232,0.004866227396296049,0.0025730521504423714,-0.002036600420439541,-0.00541830700153486
2025-10-03,0.0020155894569110454,0.0013782511014302997,-0.00808838904026166,-0.0006016586044427237,0.011220795060802135,0.00737332366525532,-0.003176140543561934,-0.00642122518986021,0.011405009018968494,0.003754278105867401
2025-10-06,0.00012256720280503066,0.0047101996390513,0.010395519978765401,-0.005954857170276618,-0.0048088003064011686,-0.001107632049627632,0.005650532344827934,0.008726608784200608,0.00972027124380815,-0.009928059738694244
2025-10-07,-0.002875253311180006,-0.005690156489474059,-0.014382529963945935,0.00855548860306367,0.0007674213473876778,0.001387128725429977,-0.005216106758037992,-0.007290775000588594,0.004202635930333262,-0.002947836243018831
2025-10-08,0.005200860575187062,0.008466169380693549,0.0056309162144214915,-0.005208043787934953,0.0017764310181080307,-0.005256418478511576,0.015097906757190083,0.0001913277458138625,0.006856857843438183,-0.005035267170310767
2025-10-09,-0.015329745672846961,-0.014489285996029026,-0.002001369904438057,0.006061875458493616,-0.0015802405600214974,-0.0032979974615884072,-0.000685532979448124,-0.0005261299078349593,-0.0022586795394939443,-0.004363886710000999
2025-10-10,-0.018400757679740747,-0.022497721254759562,-0.03349258463805537,0.002511137601172079,-0.014962920817157272,-0.021872866761429063,-0.04051558092319643,-0.023354506105505955,-0.0044234817321484555,-0.01128727645983235
2025-10-13,0.015612333479098172,0.010388298811854667,0.022643935002096077,-0.0036304789154549466,-0.0008634104776437378,0.0093821928030634,0.024420936203768125,0.01774123956235559,0.007462786609618289,0.004958736838549048
2025-10-14,0.008659468319664996,0.011662422147513299,-0.0025760682119612796,0.017035139331932993,0.002678304362781643,0.011102989911645246,-0.016077594126201054,0.0023066746658456055,0.009148884140062725,0.010538244882464675
2025-10-15,-0.004931542262856561,-0.004713690370035813,0.0010280003199294285,0.001485923722421136,0.0002951295051004467,-0.0008018669479501095,0.007298890507854993,0.012639952273619555,0.012783865163262577,0.01484287541470639
2025-10-16,-0.005579386479204883,-0.005966451754612148,-0.00879095208798356,-0.00780585556989576,-0.0011147286286536853,-0.02784073213437383,0.0012837251081247638,-0.004465365198162523,-0.010381111330024312,-0.003042475516091635
2025-10-17,-0.00353423165260357,0.00047518676365990517,0.006408357982938365,0.012273014984360408,0.006328486847822624,0.00839933889901225,0.0037172814036654845,0.007541533139813811,-0.003842915348729674,0.0065297726277040455
2025-10-20,0.012351013572839995,0.011791743762662215,0.0099933757719936,-0.0009821852763374972,0.010637083764658025,0.011455010320099856,0.011308116384995974,0.015100648684503885,-0.0005593718450758267,0.010726711138475982
2025-10-21,-0.0070187311273483734,0.008766858614789833,0.013080548936303359,-0.0033489745955843837,0.0020902658346954803,-0.0013448744721253972,-0.0015317520692443892,-0.008530637566889002,-0.009906033269639692,-0.0035627245178979933
2025-10-22,-0.0031174595009873032,-0.013217925496077096,-0.010068225158443255,0.006371479496950052,0.006121135321946809,-0.005684366815788004,-0.007967279663309028,-0.00884074858849198,-0.0025027900698597967,0.004161540643339748
2025-10-23,0.009712232045714307,0.012630243199134694,0.00737895080621364,-0.004073561600400413,0.000311561108069946,0.002474424017539888,0.009664092372144793,-0.0003315352617247701,-0.0007193911815693567,-0.0007111269388230907
2025-10-24,-0.006114622568952094,0.0005953195206215957,-0.0011980909770439756,-0.0038744616056885727,-0.0002468299229521523,0.010867493782637098,0.015630201795922175,0.012640060725877214,0.011771395562579107,0.003699726797973364
2025-10-27,-0.002545446102284004,0.005948689918218019,0.015165826720556833,-0.0027165602949120763,0.0027826332734080072,0.0036378002575884008,0.020015370365282985,0.022709345323556618,0.0027332475172017505,0.0026821698954116414
2025-10-28,0.0013891789246290257,-0.007345968342319146,0.0030582334959450455,-0.009572181672290132,-0.006847214897299128,-0.00641457053169444,0.016262333455592953,-0.002632922069072256,-0.01677504101808249,-0.022498148152625592
2025-10-29,-0.01801294748541882,0.002518199912398614,-0.004998914385235319,-0.020244220583510924,-0.009727544480148329,-0.017112967252241335,0.010487132632762235,0.010399650023439044,-0.00017490074327376515,-0.026956246533595525
2025-10-30,-0.01009020097550133,-0.0024646662325199017,-0.025885058533724966,0.0,0.0022385950030113034,0.003169940031001206,-0.014179606536592258,-0.021673448333741803,-0.003986374339297243,0.0064289213033707025
2025-10-31,-0.008604041919599226,0.0021444912566275934,0.04001812624728884,-0.004807520139575339,-0.0008805372223306903,0.0017707617900610411,-0.003229653761075371,-0.003111641791237417,-0.0077332962815870295,0.00046592807088998686
2025-11-03,-0.00561018405768832,-0.004217141921359297,0.016890455208751428,-0.0046887548096903745,0.0012610837993674187,-0.0043405719639489065,0.0039234450914362885,-0.003238054586746972,0.0005749121460492039,-0.0016318175606368898
2025-11-04,-0.004410243895036467,-0.011565639705006401,-0.01872081486729378,0.005207063300828265,0.0039750578428245035,0.005442879931458513,-0.022965593414824167,-0.015400988400010336,-0.0036540171205617826,0.0030671034595393756
2025-11-05,0.005375334099959888,0.003965272193012938,0.011124098739416421,-0.0024879421110751,0.00441925852886234,0.002853384673105786,-0.0007835328206581757,0.01619405399369079,0.00035491696598432767,-0.0005816083996496809
2025-11-06,-0.00405214998877732,-0.004135746667000787,-0.02529878614769006,-0.002577079829758092,0.0018964708611159862,-0.003232176948184901,-0.020169060173546104,-0.00669027696599873,-0.004311794009348929,-0.004314685611433935
2025-11-07,0.012714374492223268,0.0046678440507379754,0.0003933085543635157,0.012445190018312697,0.0012289616542182351,0.0070126810343193145,-0.003290168764727824,-0.008414420928247728,0.01364932527510782,0.013272994133627763
2025-11-10,0.010427533740952358,0.00581967641055284,0.014755572878239955,-0.0033724137815575195,0.007931326968520886,0.003266427625902187,0.026405398348332804,0.025010681706803848,-0.0011651783119357704,-0.0014234221101188356
2025-11-11,0.01064418482496971,6.128779125262929e-05,0.0018744230689634028,0.011974258932206737,0.023001993949351606,0.004161432593629987,-0.007275084970876287,0.004445407422524708,0.0005277758605327202,0.010759164532976151
2025-11-12,0.007552118985052886,0.0009269991677212433,-0.010584361436284592,-0.002181284653993564,0.013525587242544806,0.009000483595189223,0.002535507263197917,-0.011883122364154373,0.0023497289410516742,-0.007761011864063713
2025-11-13,-0.007516071788718597,-0.015348660287951055,-0.02769358112963547,-2.325337881268561e-05,-0.0002023731188703165,-0.013173290082335302,-0.023995195810697034,-0.017572966765174263,-0.01409283985391813,-0.013212921935644549
2025-11-14,-0.011863802154008913,-0.00018664082735881074,-0.006130790187847155,-0.00047631696209165023,-0.00628858002600728,-0.009797190845477656,0.007399198671067608,-0.008032374414765273,0.00020018092376587821,0.002796231599201353
2025-11-17,-0.015442187378886174,-0.010351113051393005,-0.008054608240608198,-0.005932691667593807,-0.0005716006652562549,-0.01945406039823742,-0.014425498347471895,0.01126979711996393,0.008327865994182355,-0.0057563496929800536
2025-11-18,5.556504855973614e-05,-0.0047815839355604215,-0.0252861475144556,0.00149525680327967,0.005419808984093584,-0.0018737495773552037,-0.016981279036017025,0.001108245285527311,-0.004354611158682748,0.0036209773701149778
2025-11-19,0.004578236240878313,0.0035784609696775604,0.0004728909880428074,-0.00607655773530711,-0.0014310925840884912,0.004164378907488288,0.009210423072013292,0.007138714384139095,-0.008118629158439866,-0.007920846578299291
2025-11-20,-0.016322380381849362,-0.017181180371807877,-0.01744650472529957,0.011013562940525646,-0.006232957034500257,-0.008993856376146124,-0.026966474337714222,-0.010798190838265656,-0.005239708974123526,-0.0037284798648315196
2025-11-21,0.020733143036967428,0.01190354495898126,0.017232070164418804,0.007671390226377107,0.02090315212820624,0.010848163372299267,0.0006863951921530018,0.021249481427057258,0.00011221989740428966,0.012931120627670583
2025-11-24,0.0027833497913366105,0.002843449772068176,0.018441999450409828,-0.013332358968841622,0.00467854617223282,0.00463826449230289,0.024555122784618574,0.03863187492041799,0.011183798018072776,0.0018613278644841957
2025-11-25,0.01215948009573965,0.012447256673365532,0.019019508519226853,0.014783648958551674,0.021382571566394584,0.011840620309684849,-0.00027499273456611285,0.016198033960666144,-0.0034689772751601688,0.0073343354790881
2025-11-26,0.01199553419650907,0.005809800247002905,0.005366796738641968,0.009690086773743148,-0.0025095502436886428,0.007820316342030394,0.012663404584303718,-0.0049222669984909035,0.01314491903273866,0.00498730326584172
2025-11-28,0.005127677475456497,0.00563768423913159,0.008952619067119671,0.005547176411819005,-0.004961706640875258,0.007059846459543651,0.0051885308731716715,0.007221217661109334,0.007206980997142134,0.003933925788742255
2025-12-01,-0.0034511669105323816,-0.015037180856428162,0.00018793872539110505,-0.0018948338895036303,-0.015018005328067543,-0.008675961415458653,0.0006559225760178543,-0.010155261786347295,-0.023765897904345065,-0.014010915357680483
2025-12-02,-0.008284891733077714,0.00867904101005038,-8.877099494818702e-05,-0.0040057631122525665,-0.005835811696266549,-0.00047849304742436774,0.008346739921751898,0.0036607539614447854,-0.0072458640613790514,-0.002012108397405124
2025-12-03,0.005125800238062353,0.009418465061180105,0.008235637168710987,0.001560954840014161,0.004605965353177229,0.012648845051970727,-0.0041882317926897165,0.0009021082312328302,-0.003247347327511868,0.0020508017055202335
2025-12-04,-0.004766582854394332,0.005084949624451098,-0.004806259239803165,-0.0073130228488614895,-0.007344069688688225,0.002382714212520724,0.00432905435712825,0.004126014034781002,-0.002148159013321683,-0.0011990082176488949
2025-12-05,-0.0039233956058474725,-0.0027920025229768316,0.004402287362636955,-0.002629797028674577,-0.004124037453235191,0.00033670554124041715,0.004516246773493883,0.009482270047245828,-0.009895497150590944,3.862012764615657e-05
2025-12-08,-0.01678416028927531,-0.001410400449950482,-0.015383096382530473,-0.009032630039929776,-0.012742089272596418,-0.003935463668270223,0.009234337776860519,-0.017861925746941155,-0.013116629847303485,-0.00656173847624104
2025-12-09,-0.0006053637968302799,-0.007337117587719192,0.0015715825443771406,0.003821690731923145,-0.00986202750380654,-0.003883152191675651,0.0016993882663148615,0.001125787376770935,0.00011578082801162897,-0.00609542622309282
2025-12-10,0.01758783704000292,0.018193464890172206,0.015100492291856771,-1.1570177500762241e-05,0.01436118999299036,0.01124668868199747,0.0004859642412259478,0.0013228232915636884,-0.001065930170525171,0.0005877526123565028
2025-12-11,0.02202169248740262,0.01052951474992106,0.0008377220171436295,0.0070606606783450675,0.009464526189208277,0.018262965059775343,-0.00554123989286273,-0.010164278677555837,0.007368861263280374,0.0049232096679196384
2025-12-12,0.0018677059780263456,-0.006395085375957292,0.0011365029249922598,0.009231205642706948,0.0030308552645204874,0.0011194189863746548,-0.029152037846771655,-0.006923702258879632,-0.0047292037253132135,-0.0011310125516447367
2025-12-15,0.0003871496862051817,0.001487620575461888,0.0048107927165742855,0.0025894620062485297,0.01266096585395143,0.0011620361004811735,-0.010437077827744367,-0.0018619647602669924,0.008725787251772353,0.002766770289691555
2025-12-16,-0.0022020039168688423,-0.005781379830516333,0.0030577411250100645,-0.0044107075361043205,-0.012861982902734896,-0.00670572686637816,0.00316114190073528,0.0018843983721655462,-0.0036053748393757457,-0.00957960116690619
2025-12-17,0.004311397095627516,-0.016513045126282166,-0.012313485459894892,0.004524100969001489,-0.002163574535683954,-0.0003419851432404146,-0.022094561787475885,-0.01921073824354878,-0.0079919627881822,0.0027855980815972023
2025-12-18,-0.0011947514081705967,0.006345125918432111,0.01761159659388359,-0.00683950107107238,0.0008391514901272203,-0.0017227457362174264,0.014035240225114395,0.01465083115259073,0.010771796706531743,-0.006170098028257965
2025-12-19,0.004543077609046536,0.008740135878747052,-0.0030773723220834095,-0.004933869289707196,0.007015637462066466,0.005807936309948908,0.02012559343718991,0.005120037040431636,-0.01351201645369237,-0.003435528148923076
2025-12-22,0.013437453322069522,0.011087442348607318,0.006257041431664597,-0.0041168133769563355,0.006608317780500366,0.012395088769321118,0.004026757339708413,0.005650928484185979,0.00424645687008504,0.007055719325340893
2025-12-23,0.002311083899504083,-0.0005187081017694002,0.0017762084240618699,-0.004087504048537322,-0.001949178424430349,0.0016700050011397942,0.009408175263855477,0.009818433697237445,0.0029133868651396925,-0.00015710133269048745
2025-12-24,0.001858862049546029,0.0031834414017070027,0.0027797648135213142,0.007848507575516667,0.004753036129680046,0.00526297476852623,0.002050151098643461,0.0023351060372485796,0.005479981700145338,0.006656238115438545
2025-12-26,0.005880693430812834,-0.0020259871431205748,-0.004449331556382595,-0.0006086519172140382,0.0013248535618833155,-0.0021688225303487913,0.002085791107295303,-0.002136637969143412,-0.0012407431001974466,0.0013259355359602507
2025-12-29,-0.009670881922717227,-0.002263497978410151,-0.009553076611328088,0.0011365417215511576,-0.001467892117397376,-0.004970395814485994,-0.004466517941581873,-0.0016772818502629927,0.001585101474799953,0.0022579310387786135
2025-12-30,0.0002416462207871945,-0.0027365609269813505,-0.003251027378106339,-0.002124883023127624,-0.0008366144104933841,-0.002772013881006718,-0.002599146168027224,0.0032636771499901344,0.002017943976758408,0.0016706208966132245
2025-12-31,-0.008805009223333583,-0.008742178150199805,-0.007990048726375569,-0.005545990479533361,-0.005643289798908068,-0.007682164476969297,-0.008559299520535031,-0.004036992809598016,-0.006250454046922917,-0.010026837413100903
2026-01-02,0.015015276058596571,0.018635120703316955,-0.0114476286305687,-0.0015852666635848525,0.0043595283817445315,0.0021806519381185004,0.0004889348424909199,-0.0038092778931223515,0.01180162868743599,0.0005488020148946483
2026-01-05,0.012034984711959575,0.01131969749342214,0.0191598266010814,-0.0032826855141075686,-0.0031143808470205352,0.021323371868533857,-0.0015415612259391403,0.007229641943383187,-0.011663334479442664,0.001488114630445277
2026-01-06,0.020179373114514843,0.013740439803966753,0.009377747490633493,0.0013004299274594138,0.019372667737124358,0.004490109053266052,0.006614224755374199,-0.004946766410380045,0.004874346102463422,0.006163715412356537
2026-01-07,-0.016475378999993295,-0.019157568351129556,-0.0007700536791050015,-0.010287013257026792,0.010081814561439187,-0.014450833097258203,0.0008691091359232169,0.00789434192845337,-0.02489504941304125,-0.013744748014286498
2026-01-08,0.01366500633487397,0.007779382653814068,0.01703629045446207,0.022305315560775852,-0.009176320182305953,0.005730115332440488,-0.015481031902658766,0.005847422891158412,0.0031929030033788415,0.007854883047448311
2026-01-09,0.017874298005877982,0.011057339165248314,0.011310852687400732,0.01087814496950942,-0.0057830726434735195,-0.0035032345383675034,0.00977140454688286,0.0074619745411867505,0.012276927337085807,0.0018760694363000614
2026-01-12,0.007334039644701509,0.007504550619531111,0.0003668966762201852,0.014065298377036475,0.0006811376752069795,-0.008055393834957892,0.0035151634909439317,0.00015172311922356482,0.0018968045492957525,0.0023011236116280273
2026-01-13,0.0029186013954734724,0.005125496066828345,-0.005084127836275434,0.010700042068064486,-0.004000866699963496,-0.018612039215812323,-0.0013253148727665654,0.0014291941154101384,0.0062431613809078934,0.008147814372945884
2026-01-14,-0.0017664133044705327,0.0013958925858971495,-0.017699085098096663,0.011757403849554942,0.006997809259439271,-0.002409393383464871,-0.014576156575403716,-0.005533421607955835,0.007367782894995265,0.010723157705219068
2026-01-15,0.003303389024069817,0.009254426590348688,0.004059069211996653,-0.0003390118913906056,-0.005839037886346883,0.004303997730872601,0.004989259003866078,-0.004339610189990953,0.010364448862796485,0.006743856378018035
2026-01-16,-0.004423168541069325,0.0064550700267717006,-0.00173393112162818,2.1896738187997686e-05,-0.008481253979309059,0.0011726157021042037,0.0009240433611113064,-0.007216149146357308,-0.005112114515630036,0.011927833890851678
2026-01-20,-0.007824618837751266,-0.020076427374756907,-0.028623613518332414,0.0012351206923519834,-0.00205153810695147,-0.022586199855006806,-0.029816934976682738,-0.020774298234295895,-0.01034903581634175,-0.019704370357834528
2026-01-21,0.01850063563901684,0.016942819680024288,0.015842500465527806,0.0025094375068245582,0.017864225776283903,0.004220520905710746,0.009805289293943184,0.014325767697651934,0.0019686061972762244,0.003819568485097727
2026-01-22,0.006150065494771366,-0.005132697338281667,0.012077562851039982,-0.0013630145118202568,0.00033615731605150166,0.006778520880373962,0.0069530060543119285,0.015586046322968877,-0.007367891097717228,-0.01104011265722567
2026-01-23,0.008553455169579878,-0.008011344358817476,0.007254563235019074,0.0064605494188947135,-0.005653830689472751,-0.013920851401152557,0.005369094830860807,0.001395000171512428,-0.003970368766948252,0.003002076010029952
2026-01-26,0.0029401791538896556,0.0010282507372700491,-0.0071178552158179965,-0.0004988472575528897,0.0041130258868102825,0.00643263778133401,0.008372304081836887,0.013135179003470752,0.007741405297196523,-0.0001536493602647234
2026-01-27,0.00037883292462007317,0.004159953776021536,0.006675410477137108,0.0033352318494374806,-0.01672582488912519,-0.007465294907268626,0.014071434209756642,0.00017194018269013752,0.01238545376960476,0.0013826979084941317
2026-01-28,0.0017498413241267285,-0.0052745400068371215,-0.006751363936428868,-0.007824985153408456,-0.007759366625470107,-0.00027250560686747764,0.006137638152108147,0.0007949619087434782,-0.0023603309047912475,-0.00925466012114825
2026-01-29,0.0014165069641048867,0.010115438600852405,-0.006409917675711993,-0.0003050859892921633,-0.002741248150891572,0.011022890949095625,-0.01878131985246494,0.028832329718125087,0.0007722451029777182,0.014079335385779422
2026-01-30,-0.018621771896016083,-0.0027745427673184645,-0.0007034273753048407,0.013381006462690019,0.0057079803938647105,-0.0028006544191898474,-0.013413850984347492,-0.002256194076499898,-0.002045487849832005,0.0009163080745718757
2026-02-02,0.007089514349339182,0.012513785426281409,0.0071588930986373625,0.01567408701242404,0.0060781665592771076,0.010175190162105222,0.004631437809043034,0.003361521184787627,-0.015568550882347211,-0.01124488523952404
2026-02-03,0.019818252752967745,0.008897381928844483,-0.009522558566241159,0.01696340834397035,-0.01010262459491045,-0.008869516762952064,-0.021949831217833445,-0.012922902758197184,0.015318221816367009,-0.0028602066581721736
2026-02-04,0.017886754459116486,0.002388199919459416,-0.011639104768173548,0.010468140602267301,0.012173696938931654,0.007954908457073459,-0.01917780148024352,-0.016864409221814574,-0.004378830872461714,0.015173096657459596
2026-02-05,-0.0279043406824962,-0.006093393205699537,-0.026210945332211976,0.002469035197203256,-0.007018171027547512,-0.012295043192143367,-0.017350177690253224,-0.003032431357304091,0.0010964717689048293,-0.0036282898781158134
2026-02-06,0.017554432879281063,0.02804390923483451,-0.006577328891671724,0.013045823324649328,0.01776157890246896,0.01789258753439974,0.040150396763787934,-0.015170363806152547,0.005214828613501427,0.017860748338045417
2026-02-09,0.014310438393369086,0.0033037674346624085,-0.0034523782909118878,-0.00861690177418976,-0.008654630415302827,-0.006166856511228194,0.01574116061480585,0.007971995906910662,0.0030615531117437304,0.005845988254556631
2026-02-10,0.01281361083599875,0.0011758967359118255,0.004493760310705159,-0.006290398782278486,-0.006273868700621545,-0.007576823596877756,-0.005776278758813548,-0.008453220015731958,0.015748378562557508,0.0138408507835319
2026-02-11,0.012889474649332669,0.0050815870208142655,-0.005561325941609539,0.013912879654048853,0.005977290602308878,-0.014973978968711246,0.002083369133883241,-0.013147799946610072,0.008633239530445303,0.0005158407520184855
2026-02-12,-0.015016179842074403,-0.012047992023234545,-0.015895508860017806,0.012770286032546723,-0.0016711687553252793,-0.02014183176185524,-0.026827143600789735,-0.014694294158415553,0.0148930942663984,0.003089132875610155
2026-02-13,0.010977153406154686,0.008242620002508784,-0.0008020430916543836,0.0019225404545259591,0.010034313236569633,-0.0006877932414827761,-0.005246637884568714,-0.00761025526785703,0.026553623179201912,0.014725475792763579
2026-02-17,-0.011671998173833483,0.004487730371256004,-0.00018556782758884577,-0.015230982808034449,-0.0019409966976446308,0.009839926909962575,0.00491707749760354,-0.0059796797509838505,-0.0036532075158375444,0.010259106275349018
2026-02-18,0.007706463799429478,6.751776702935809e-05,0.009951124563185325,-0.0052957718437994985,0.0020717074826007995,0.007752481565746322,0.009679914339758974,0.00311933470373465,-0.01710434182947667,-0.014646717030672874
2026-02-19,-0.0020713026284399313,0.007695928603619804,-0.005272880278018421,-0.0038058194309332064,-0.0027759868819039303,-0.008641933539038886,-0.005355362560556653,-0.00043203484152367966,0.011278440607345305,-0.0033490381317004027
2026-02-20,0.002610913737284499,0.004479953740203404,0.012607360161023136,0.0010142981504604087,-0.003194470313445871,0.0064280986155641606,0.005791262386014969,0.026150988928366224,0.00452710649218059,0.007845184782618045
2026-02-23,0.0019163842320293575,-0.013831835528527082,-0.02175006290113459,0.014516400704062155,0.011450559073228955,-0.03390349477585006,-0.011155202539510016,-0.013674865858877443,0.007154477832526853,0.0019517446178152348
2026-02-24,0.007910828733901115,0.012175872226660967,0.015722666993080194,0.006839203006930094,-0.005349408175999359,0.004693089778432256,0.011662014380845402,0.002198813973263178,0.010877361518106855,0.0023081631807636833
2026-02-25,-0.004342531662572896,-0.00789635986299417,0.004792569671114324,-0.005840589654231865,-0.00020695066447814993,0.01663815770522409,0.01775939542197211,0.009613201304102379,0.0035718247417994018,-0.0069769561853662895
2026-02-26,-0.0009392965013580674,0.006318048450672165,-0.003961629731885332,-0.003747420731039644,-0.002279288488274178,0.012859281947291792,-0.018240655804738243,-0.007486299605986857,-0.0037811125817743684,0.0046687930046025875
2026-02-27,0.007949308176209396,0.0023465231578652926,0.00035051856535683195,0.014996029743151876,0.017564766175708336,-0.02007151662311534,-0.021956596466910002,0.014255782278469657,0.010658985171820408,0.005042308001229355
2026-03-02,-0.004241671755935978,0.009794352308302407,-0.010906850389652115,-0.01362068156152813,-0.010135430222493004,-0.002920657624297129,0.009018998384734652,-0.0068360748548359,-0.007754014051354725,0.0023324452643634697
2026-03-03,-0.027269815758309668,-0.019840689182326704,-0.008654729619676583,-0.009738962735515342,-0.01144975291478057,-0.0018223899745033595,-0.010582133316609212,-0.0027342405093065177,-0.006490415286502598,-0.00593151331357601
2026-03-04,-0.0006569638612898937,0.0032188560296635403,0.02219985250596566,-0.005300159488784792,0.0019110307953248732,0.005738156201298583,0.012652320381733317,0.0057930354990676685,0.004087610342888631,0.0012971044702129507
2026-03-05,-0.022941838661464778,-0.022305595226322115,0.002593882130070949,-0.024572559797522407,-0.01999079293624091,-0.004961790226207374,0.003865178700598626,-0.006505551796549275,-0.00766479090285867,-0.010170000009478906
2026-03-06,-0.019119544868068026,-0.012660623180225311,-0.01978118475885566,0.002929189747064175,-0.007804712620558554,-0.013829734843869124,-0.018576716171819056,-0.010637325794020252,-0.003822798964052313,-0.010825910263245295
2026-03-09,0.0031035114455617158,0.005554451083441426,0.001148123796852503,0.00565564491151381,0.009405169702627007,-0.005211876498246741,0.01786039381730953,0.011260847774104191,0.001881514105388098,0.0023140260147226934
2026-03-10,-0.0014470550001235507,-0.005749437187262,-6.009980772202813e-05,-0.0013248070882622962,-0.007314980686150342,-0.0055645562740790685,0.0007658997431424763,0.002623431668397926,-0.006526524658865521,-0.0016155774820980002
2026-03-11,-0.003283600097867929,-0.002691612487418867,-0.00269760170962391,-0.012996264091300383,-0.0019608400787942386,-0.008314163356448034,0.0034970211740858763,6.660548856756579e-05,-0.008089969178399034,-0.011234028711489118
2026-03-12,-0.0036469422336232664,-0.025551483827408503,-0.022306503817522198,0.0009195837193353544,-0.017748403425786544,-0.01633206560589147,-0.017383321605170657,-0.01638538577947113,0.007239244107451076,-0.006300240683985202
2026-03-13,-0.010486665652317696,-0.0038900537495011405,-0.006520595141908861,0.005394762762636724,-0.0028089829447355166,0.00045693925070974925,-0.012998715921925589,-0.00988868668011676,0.009318534588477822,0.0020174421181755656
2026-03-16,0.005716117478138829,0.008428367888363169,0.013271604594894489,0.0007248115414692447,0.007458063998131262,0.008654811195541562,0.013800704635117584,0.01013694823930168,0.00571742674316899,0.007140167760417031
2026-03-17,0.001753414195965841,0.0024713055771612806,0.009906863445376533,-0.004778681731848207,-0.00929109193682221,0.005091347621655942,0.002097973234558795,0.006656477313346902,-0.002560393446088165,0.002036087555284738
2026-03-18,-0.022758919778647774,-0.007740549318480401,-0.023437897668341597,-0.024653064939026557,-0.016246484254896325,-0.011969759145811203,-0.01247383138673434,-0.01127001055032389,-0.007974891388242289,-0.016179879692422957
2026-03-19,-0.015576836337652056,-0.006710606378758728,-0.00870230037904338,-0.00843824830755617,-0.003935912070965341,0.0002588214716823964,4.882445489430326e-05,-0.005865425046533327,-0.004734790172750894,-0.0022953215749402364
2026-03-20,-0.015450158079567195,-0.015080624273209232,-0.018776776129824372,-0.008818047843119438,-0.008918817681277384,0.0019449960929082512,-0.022302871152514184,-0.01516288838390426,-0.04200916800212464,-0.03199899999724871
2026-03-23,0.014798586172484592,0.01157430207980585,0.024332131624957776,0.0036900250100086957,0.00031971432958920626,0.008583965666826775,0.014481843992032405,0.006874736883760488,0.01020213122876714,0.006203998366338598
2026-03-24,0.01652432229996675,0.005697743846813354,-0.005458600257989773,0.000843741489583752,0.00037284682925686974,0.00046322851155296214,-0.007111719967294049,-0.025355499976101082,0.0073331094735349794,-0.007683134821433175
2026-03-25,0.01948515162792962,0.006760402418419298,0.011753875375978747,0.005189085038282019,0.009745044501543258,0.0010597226071100683,0.005562917868588974,0.001978837195517177,0.003026938266375153,-0.00035062369822772
2026-03-26,-0.00664763554391306,-0.023439233834200948,-0.018891460438089213,-0.005167158321646466,-0.0033750007227334126,-0.005726129653637676,-0.02774864731586958,-0.035183786282290665,0.0022805424524549433,3.900389754071143e-05
2026-03-27,-0.0031858387845793835,-0.012740650667599135,-0.030972479171908443,0.007724441342597883,-0.017215421880811484,-0.025257837541401335,-0.020359385491734477,-0.022757139143512392,0.006099112260242542,-0.005666006438992483
2026-03-30,0.0035102715772013867,-0.016230950342753393,0.0005495813340695694,0.005732890662256222,0.0035943802287533412,0.010940198931753641,-0.01501249310351324,0.003783500546336238,0.006576420948700378,0.003754811240394607
2026-03-31,0.0183412298674317,0.03184506887511481,0.032237771997213414,0.00017285424107546648,0.019226123531753483,0.021041500536581645,0.04147802426570021,0.04320118738376547,-0.0008785923833991382,0.01484156068091631
2026-04-01,0.011497489273138359,0.01638722400625894,0.00915592814819137,-0.005742707671913267,0.007943167225118695,-1.2099913663904678e-05,0.0113294015408196,0.01640138269862532,0.004492222200188586,0.003647396809230157
2026-04-02,-3.152334549071381e-05,-0.0038788153793879823,-0.015007493333023193,0.006563505786574961,-0.006803754303874891,0.0030723097034103066,0.00724247675032195,-0.0014523230263443292,0.005661404317752349,0.01468494722240851
2026-04-06,-0.003565081610629832,0.004984227986721442,0.007982879928948992,0.007142595814589192,-0.0037679911557060575,0.006188820904972422,0.004882720136601042,0.005843049591790443,-0.004232362187748791,0.002564753275770413
2026-04-07,-0.0026266659742119345,-0.00211146642689746,-0.009128511352823564,-0.017734822103689683,0.002283588151914482,0.00018076646353320925,0.0034520159218962934,0.010293839487028701,0.0025968537641189626,-0.0007537107441687255
2026-04-08,0.03326806725347905,0.03684945962833984,0.02782871652175866,0.020913150608855652,0.02038385872551562,0.025561739426235738,0.027283856495289974,0.0338346906842858,0.01015213096991144,0.017118137881359387
2026-04-09,0.0010416076945717779,0.01036802888423103,0.02433973881634924,0.008797341510060555,-0.001898672172459392,0.002732630653772626,0.003746664432861293,0.009233233133166967,0.008402991087921209,0.008303396537518642
2026-04-10,0.00637915786570714,-0.0042954653734712574,0.0054416900578175735,-0.014444038032279812,-0.013380679282847049,-0.010703254614534443,0.007584033162844139,-0.0027876340300355784,-0.004412743138187885,0.0016890961750450784
2026-04-13,0.0022338031844548532,0.007602377731483416,0.008501143932987627,-0.010444815178684175,0.00460949967191452,0.01713580786212198,0.017100876973605714,0.007724261652017971,-0.011933963762223842,0.0051963867268632995
2026-04-14,-0.003314421776474127,0.003350567429689751,0.025114880423388296,-0.002261012030394784,0.004957287340294545,0.0020459293458356047,0.016476217755119354,0.03131579158515958,0.0017801439829673578,0.008468263860764129
2026-04-15,-0.013044644361504149,-0.012517650658942055,0.013573103640381915,-0.004154833557053273,-0.007253570142435413,0.007577822324719702,0.02061343112641405,0.01059691172454713,-0.009338636959495794,-0.00043437147176188104
2026-04-16,0.005431611260177276,-0.004895940132043533,-0.002446117898520672,0.0033601196118997084,-0.007757048348236755,-0.002122953541723741,0.007790363621434976,0.0035985086730528568,0.006624761119226998,0.010015210022706288
2026-04-17,0.0048069145454592245,0.0180197294871066,0.01950047764942587,0.013113659798793541,0.014445651455629607,0.007513804824006222,0.01577559564479505,0.007700603451155739,-0.004191275073054875,0.01437801368031566
2026-04-20,0.005634694328737416,0.0017890037905607576,-0.006517875661865855,-0.002238359560021011,-0.009345242748959736,0.0033759479584976573,0.0003795507798062427,-0.01423376807094098,-0.009145434947249849,0.002717018563302819
2026-04-21,-0.012376925412739156,-0.013968174068559401,-0.004949967685984318,-0.004740651563168192,-0.01019753325859093,-0.006291948786197473,-0.002328533263709398,-0.012467749722885531,-0.017669190273771642,-0.019607459878111414
2026-04-22,0.0033308285893358957,-0.001986813815949422,0.0044005737008461715,0.005591423000697899,0.003018036779647854,-0.001726023121182957,0.02285555868761609,0.013988954303497201,-0.0016438179545586325,-0.006923625534022326
2026-04-23,-0.0021783564524598406,0.017387949397434037,-0.009375165506045889,0.017202975805827858,-0.0010323910168524698,-0.007978262045742335,-0.014788613107821891,-0.0037861787289820564,0.027605286638482707,0.012728520808765012
2026-04-24,0.00613937171600277,-0.00888897404524302,0.013516189246127845,-0.004166819513388337,-0.013840218426211495,-0.006382107098601802,0.024316282318442746,0.008714156608481429,0.0015990962685521917,-0.0037944922169520882
2026-04-27,-0.005157049178444889,-0.00028756454099392113,-0.0076599447155694155,-0.01189580981599188,-0.00541780971903391,0.0064633045067628405,0.004586460453017976,0.009346744170642539,-0.00023440797739483532,-0.008391407994874398
2026-04-28,-0.01078221818411214,-0.008860698569577606,-0.0067950156805416636,0.009843138599892637,0.002426103421040327,0.0013688767586330333,-0.012966466949828902,-0.0022920145998113336,0.0013415921712724317,0.009860771167653966
2026-04-29,-0.011087896588999287,-0.006252329805435511,0.0009905969445788065,-0.0024197163683322737,-0.006947494033721828,0.0008805589384470816,0.0017502268209968253,-0.0014404011302518672,-0.012376498879745682,-0.006466889738103547
2026-04-30,0.010498385252760435,0.027223769835461382,0.012318089904640792,0.016774185713815865,0.021805545450228458,0.004034023969527281,-0.0063108360408664806,0.03898446098974544,0.02516910321448523,0.01761354799722986
2026-05-01,-0.0032017895354828655,-0.009361283518507211,0.005066391117137369,-0.000934427768835249,-0.0052473584361574545,-0.0037445162952336767,0.013996013034991862,-0.00016071887791870875,-0.0068940114602262835,-0.0024466015442857476
2026-05-04,-0.015784925630387914,-0.011727663614907723,-0.0021725663538392443,-0.007316928224898847,-0.0028948635683177957,-0.007192982903148005,-0.001542714370669051,-0.005723337634406418,-0.003411885204502459,-0.005696420140971306
2026-05-05,0.016578573148957658,0.008601404416785793,0.0030026071249601755,0.005055850063000122,0.0038284010450683726,5.836632099803768e-05,0.016146416484206092,0.0029664954707882946,0.00010617232049635225,0.0010706146514583242
2026-05-06,0.01864686942174298,0.025656174656410267,0.013609663990907758,0.0008524361442030829,0.0008383083382106822,0.004967070837852816,0.02530966922529517,0.020285750154290506,-0.014560089319796599,0.013391629335924872
